Unnamed: 0,Report Number,Local Case Number,Agency Name,ACRS Report Type,Crash Date/Time,Route Type,Road Name,Cross-Street Name,Collision Type,Circumstance_Category,Weather,Surface Condition,Light,Traffic Control,Driver Substance Abuse,Person ID,Drivers License State,Vehicle ID,Vehicle First Impact Location,Vehicle Body Type,Vehicle Movement,Vehicle Going Dir,Speed Limit,Driverless Vehicle,Parked Vehicle,Vehicle Year,Vehicle Make,Latitude,Longitude,Vehicle Model,hour,Crash_year,Crash_month,Crash_day,Crash_hour,Crash_day_name,Crash_date,Crash_week
2266,MCP285900JT,250044411,Montgomery_County_Police,Property Damage Crash,2025-10-03 07:40:00,County_Route,WALKERS CHOICE RD,MONTGOMERY VILLAGE AVE (SB/L),Angle Collision,Lane Violation,Clear,Dry,Daylight,No Control,None Detected,1992E4F9-FAB2-44D5-815C-00BA485EC647,MD,364AB20B-D4C5-4009-ACD5-1C9EB6FB876D,Three O Clock,SportUtilityVehicle,MovingConstantSpeed,Southbound,35.0,No,No,2016,TOYOTA,39.16537522,-77.20460302,Camry_Toyota,7,2025,10,3,7,Friday,2025-10-03,40
2267,MCP33030029,250044626,Montgomery_County_Police,Property Damage Crash,2025-10-04 12:32:00,US_State_Route,LAYHILL RD,QUINCE ORCHARD RD,Sideswipe (Opposite Direction),Passing / Turning,Clear,Dry,Daylight,No Control,None Detected,D451B7D9-0A99-4288-9818-55E7CCD08B11,MD,836ECCE3-97E1-4A1C-B6E3-ECF7F444EA5D,Eight O Clock,SportUtilityVehicle,SlowingOrStopping,Not On Roadway,2.5,No,No,2024,TOYOTA,39.18025882,-77.26678762,Camry_Toyota,12,2025,10,4,12,Saturday,2025-10-04,40
2268,MCP06170077,250044072,Montgomery_County_Police,Property Damage Crash,2025-10-01 07:41:00,County_Route,SKYMEADOW WAY,BRANCHWOOD LA,Sideswipe (Same Direction),Lane Violation,Clear,Dry,Daylight,No Control,None Detected,B1884E0F-28B4-4FAF-8F68-7BD0DFF9D4F5,MD,0C2AC354-8231-4DB6-B491-665CB9C33CE7,Nine O Clock,SchoolBus,StoppedInTrafficLane,Westbound,30.0,No,No,2018,NISSAN,39.15028031,-77.02479087,Armada_Nissan,7,2025,10,1,7,Wednesday,2025-10-01,40
2269,DD5668001Z,250044826,Rockville_Police_Department,Property Damage Crash,2025-10-05 15:00:00,Maryland_State_Route,BRAMBLE BUSH DR,EWING DR,Single Vehicle,Backing Error,Clear,Dry,Daylight,Traffic Signal,None Detected,E7AAC0BC-451A-4ED0-8503-BFFB0A925721,MD,262E4EFE-B4E3-4E07-9DDC-924FF0372C37,VehicleNotAtScene,PassengerCar,Backing,Not On Roadway,2.5,No,No,2019,MERCEDES-BENZ,39.0759906,-77.1874269,GLC_Mercedes-Benz,15,2025,10,5,15,Sunday,2025-10-05,40
2270,DD556700B3,250044472,Rockville_Police_Department,Property Damage Crash,2025-10-03 13:03:00,Municipality_Route,WATKINS POND BLVD,FREDERICK RD (SB/L),Rear-End (Same Direction),Road Obstruction,Clear,Dry,Daylight,Traffic Signal,None Detected,41505157-0960-4AAC-836A-3A55D5036BEC,MD,038355A9-D207-407C-BB00-AD382AE004CB,Twelve O Clock,PassengerCar,MovingConstantSpeed,Unknown,35.0,No,No,1993,CHRYSLER,39.11244181,-77.16206481,300_Chrysler,13,2025,10,3,13,Friday,2025-10-03,40
2272,DD5671001F,250044714,Rockville_Police_Department,Property Damage Crash,2025-10-05 00:54:00,Municipality_Route,W EDMONSTON DR,CONNECTICUT AVE,Single Vehicle,Lane Violation,Clear,Dry,Dark - Lighted,No Control,Suspect Alcohol (Unclear),5CA464FF-4B7F-4CC3-8F0C-93EA4687E601,MD,8CFD5DDD-9B7B-4F84-A50D-C3D0F59F1C73,One O Clock,SportUtilityVehicle,MovingConstantSpeed,Northbound,25.0,No,No,2024,SUBARU,39.07145823,-77.14069525,Solterra_Subaru,0,2025,10,5,0,Sunday,2025-10-05,40
2273,MCP287100D0,250044522,Montgomery_County_Police,Injury Crash,2025-10-03 17:11:00,County_Route,LYTTONSVILLE RD,LYTTONSVILLE PL,Other,Right-of-Way Violation,Clear,Dry,Daylight,No Control,None Detected,515FEF72-A067-492E-8386-C6B9C1FB7107,MD,A5C10788-E507-487F-BEF7-D846B60633AF,Twelve O Clock,PassengerCar,MakingLeftTurn,North,25.0,No,No,2019,HONDA,38.99884804,-77.05239884,Civic_Honda,17,2025,10,3,17,Friday,2025-10-03,40
2275,MCP33220047,250044194,Montgomery_County_Police,Property Damage Crash,2025-10-01 16:43:00,County_Route,NOTLEY RD,NORTHWYN DR,Rear-End (Same Direction),Tailgating,Clear,Dry,Daylight,No Control,None Detected,27F517B9-51A0-42C2-AC3F-B7ABB26B7398,MD,1EEBB6D4-1EDA-4B4F-8A62-EF8464E2D8E9,Twelve O Clock,PassengerCar,MovingConstantSpeed,Southbound,35.0,No,No,2019,TOYOTA,39.0896448,-77.01435822,Corolla_Toyota,16,2025,10,1,16,Wednesday,2025-10-01,40
2277,MCP3074006V,250044802,Montgomery_County_Police,Injury Crash,2025-10-05 17:00:00,US_State_Route,PHILADELPHIA AVE,DALE DR,Rear-End (Same Direction),Congestion / Backup,Clear,Dry,Daylight,Traffic Signal,None Detected,40899839-120F-4DFE-9B12-B1F2323A6504,MD,EF3520F9-ADDA-4D2D-8E58-05E6702E15B6,Six O Clock,PassengerCar,StoppedInTrafficLane,North,35.0,No,No,2020,HONDA,39.00528637,-77.02280989,Pilot_Honda,17,2025,10,5,17,Sunday,2025-10-05,40
2278,MCP3362006F,250044414,Montgomery_County_Police,Property Damage Crash,2025-10-03 07:31:00,US_State_Route,COLESVILLE RD (SB/L),ENT TO EASTERN MIDDLE SCHOOL,Sideswipe (Same Direction),Lane Violation,Clear,Dry,Daylight,No Control,None Detected,013F34F7-B291-4744-8380-E4978BD8C6FE,MD,92AB88F4-6EEC-45EF-8C32-D7D4AF60C2D2,Ten O Clock,TransitBus,Accelerating,Southbound,35.0,No,No,2023,AUDI,39.02097389,-77.01232481,A4_Audi,7,2025,10,3,7,Friday,2025-10-03,40
2279,DD556700B3,250044472,Rockville_Police_Department,Property Damage Crash,2025-10-03 13:03:00,Municipality_Route,WATKINS POND BLVD,FREDERICK RD (SB/L),Rear-End (Same Direction),Congestion / Backup,Clear,Dry,Daylight,Traffic Signal,None Detected,36F27DE5-A413-4FA7-A59C-AE89D3C033F2,MD,E6C61CF3-A89D-4FA1-83E8-8631DEBF72B8,Six O Clock,SportUtilityVehicle,StoppedInTrafficLane,North,35.0,No,No,2024,LEXUS,39.11244181,-77.16206481,RX_Lexus,13,2025,10,3,13,Friday,2025-10-03,40
2280,MCP3335003Q,250044516,Montgomery_County_Police,Property Damage Crash,2025-10-03 16:09:00,County_Route,ST LAWRENCE DR,WOODMOOR DR,Sideswipe (Same Direction),Passing / Turning,Clear,Dry,Daylight,Stop Sign,None Detected,AB13CBB7-3CDB-4474-877E-4CD89F58DDEE,MD,07734166-B874-41E9-9043-B47E9CB5B677,Four O Clock,SchoolBus,MakingRightTurn,Northbound,20.0,No,No,2017,GMC,39.0204416,-77.00490616,Sierra_GMC,16,2025,10,3,16,Friday,2025-10-03,40
2281,MCP2756007F,250044614,Montgomery_County_Police,Injury Crash,2025-10-04 10:52:00,County_Route,HOMECREST RD,PLUM ORCHARD DR,Rear-End (Same Direction),Tailgating,Clear,Dry,Daylight,No Control,None Detected,1829E9F4-9EFE-43EF-A6C8-4EC36634E39A,MD,9BA497EE-574D-4F2E-8485-5EC4CB1296B4,Twelve O Clock,PassengerCar,SlowingOrStopping,Southbound,30.0,No,No,2013,BMW,39.09186633,-77.0627365,3 Series_BMW,10,2025,10,4,10,Saturday,2025-10-04,40
2283,MCP2228002J,250044102,Montgomery_County_Police,Injury Crash,2025-10-01 10:21:00,County_Route,SHADY GROVE RD,MIDCOUNTY HWY (NB/L),Angle Collision,Right-of-Way Violation,Clear,Dry,Daylight,Traffic Signal,None Detected,D08BDC80-5C7F-4897-A94A-D7CE90D18A37,MD,6D8BA040-B37F-4F51-BCB7-6F2BE6ED0952,One O Clock,PassengerCar,MovingConstantSpeed,Southbound,45.0,No,No,2022,HONDA,39.1410891,-77.15170285,Civic_Honda,10,2025,10,1,10,Wednesday,2025-10-01,40
2287,MCP2717010N,250044092,Montgomery_County_Police,Property Damage Crash,2025-10-01 09:30:00,Maryland_State_Route,RANDOLPH RD,BUREAU DR,Rear-End (Same Direction),Congestion / Backup,Clear,Dry,Daylight,Traffic Signal,None Detected,38FFCEBB-D80A-4F79-8050-E8E49EB46851,MD,1A7C8B1F-688B-4124-AD2E-911843678763,Six O Clock,PassengerCar,StoppedInTrafficLane,Not On Roadway,2.5,No,No,2011,AUDI,39.17778331,-77.26990201,A4_Audi,9,2025,10,1,9,Wednesday,2025-10-01,40
2289,HA2483001S,25002123,Takoma_Park_Police_Department,Injury Crash,2025-10-03 16:17:00,County_Route,ARCOLA AVE,GEORGIA AVE (SB/L),Angle Collision,Right-of-Way Violation,Clear,Dry,Daylight,Traffic Signal,None Detected,BB46CCF9-0144-46FC-B622-236378A5EC7E,MD,71C7A4CC-7519-4892-8754-BC43281C1B34,Three O Clock,PassengerCar,Accelerating,Eastbound,30.0,No,No,2022,TOYOTA,39.04709522,-77.05224928,Sienna_Toyota,16,2025,10,3,16,Friday,2025-10-03,40
2290,MCP2686007H,250044795,Montgomery_County_Police,Property Damage Crash,2025-10-05 15:17:00,County_Route,STEDWICK RD,MILLS CHOICE RD MILLS CHOICE RD (NB/L),Angle Collision,Right-of-Way Violation,Clear,Dry,Daylight,No Control,None Detected,B5D2F6C7-C68E-4245-9A83-0C9C0978BAD7,MD,FB14223E-3A23-4C9C-8318-E4CF40CFD5D3,Nine O Clock,PassengerCar,MakingLeftTurn,Westbound,35.0,No,No,2009,TOYOTA,39.17023415,-77.20756613,Camry_Toyota,15,2025,10,5,15,Sunday,2025-10-05,40
2291,MCP3262006B,250044183,Montgomery_County_Police,Property Damage Crash,2025-10-01 16:00:00,County_Route,CRAIGLAWN RD,CALVERTON BLVD,Other,Lane Violation,Clear,Dry,Daylight,No Control,None Detected,2A0140D5-3947-47B6-81E8-2F63FD89023D,VA,364EB3EA-DAF0-4291-93FD-96C21B5CDB6E,Eleven O Clock,PassengerCar,MovingConstantSpeed,Southbound,25.0,No,No,2007,CHEVROLET,39.05669898,-76.94672249,Silverado_Chevrolet,16,2025,10,1,16,Wednesday,2025-10-01,40
2293,MCP34420012,250044443,Montgomery_County_Police,Property Damage Crash,2025-10-03 10:25:00,County_Route,NICHOLSON LA,ENT TO SHOPPING CENTER,Sideswipe (Same Direction),Lane Violation,Clear,Dry,Daylight,Traffic Signal,None Detected,69B5AD1E-780C-4A6F-8C58-791192B38D2A,MD,4C2AA6A1-F910-47EB-A24D-C1AF9E505EE5,VehicleNotAtScene,PassengerCar,Accelerating,Westbound,35.0,No,No,2024,HYUNDAI,39.04574877,-77.10448626,Tucson_Hyundai,10,2025,10,3,10,Friday,2025-10-03,40
2294,MCP3192006G,250044828,Montgomery_County_Police,Property Damage Crash,2025-10-05 20:51:00,Maryland_State_Route,VEIRS MILL RD,CONNECTICUT AVE (SB/L),Rear vs Side,Traffic Control Violation,Clear,Dry,Dark - Lighted,Traffic Signal,None Detected,70A29E88-1557-4A29-A58D-E7AE3E6C4054,MD,40B6758C-2E8C-49C2-AAB7-5464A17B1770,Ten O Clock,PassengerCar,MovingConstantSpeed,West,35.0,No,No,2021,TOYOTA,39.05152328,-77.07492719,Camry_Toyota,20,2025,10,5,20,Sunday,2025-10-05,40
2296,MCP34420012,250044443,Montgomery_County_Police,Property Damage Crash,2025-10-03 10:25:00,County_Route,NICHOLSON LA,STRINGTOWN RD,Sideswipe (Same Direction),Right-of-Way Violation,Clear,Dry,Daylight,Traffic Signal,None Detected,11C3C165-8779-44D3-AC30-50A56F1E3909,MD,60293136-D6D8-4C07-AF4D-AF5E9918A9C0,Eleven O Clock,PassengerCar,EnteringTrafficLane,Not On Roadway,35.0,No,No,2003,TOYOTA,39.04574877,-77.10448626,Camry_Toyota,10,2025,10,3,10,Friday,2025-10-03,40
2298,MCP2770004Q,250044111,Montgomery_County_Police,Injury Crash,2025-10-01 10:45:00,Maryland_State_Route,RESEARCH BLVD,LINDBERGH DR,Sideswipe (Same Direction),Lane Violation,Clear,Dry,Daylight,Traffic Signal,None Detected,9476ABC5-788B-4D17-B8C1-2C78CE3946F7,MD,54D3BB5C-6EB0-4EF6-8320-F82F74006FDA,Five O Clock,PassengerCar,ChangingLanes,North,45.0,No,No,2019,SUBARU,39.16426803,-77.15721363,Crosstrek_Subaru,10,2025,10,1,10,Wednesday,2025-10-01,40
2299,MCP2445007H,250044109,Montgomery_County_Police,Property Damage Crash,2025-10-01 10:10:00,Maryland_State_Route,MONTROSE RD,RAMP 5 FR MD 193 SB TO IS 495 EB,Head-On,Lane Violation,Clear,Dry,Daylight,No Control,None Detected,05E8F9E2-4CE7-45BC-8E98-058897D50F99,MD,B3B74A9C-9A49-499D-8351-1E1A768F3ECC,One O Clock,SportUtilityVehicle,MakingLeftTurn,Southbound,2.5,No,No,2008,HONDA,39.18574391,-77.24555789,CR-V_Honda,10,2025,10,1,10,Wednesday,2025-10-01,40
2300,EJ79040039,250044081,Gaithersburg_Police_Department,Property Damage Crash,2025-10-01 08:04:00,Municipality_Route,VICTORY FARM DR,GIRARD ST,Sideswipe (Same Direction),Lane Violation,Clear,Dry,Daylight,Yield Sign,None Detected,B0F60325-751B-4BB7-A7D1-29A82156B881,MD,F8E7DD1D-CDE8-4CD1-B6F3-60BC8207CF2C,VehicleNotAtScene,PassengerCar,MovingConstantSpeed,North,25.0,No,No,2011,TOYOTA,39.14639793,-77.18502025,Camry_Toyota,8,2025,10,1,8,Wednesday,2025-10-01,40
2302,MCP31630098,250044670,Montgomery_County_Police,Property Damage Crash,2025-10-04 17:55:00,US_State_Route,MUNCASTER MILL RD,FOREST GLEN RD,Single Vehicle,Backing Error,Clear,Dry,Daylight,Traffic Signal,None Detected,CEE7E8BF-A886-478B-899D-1F9BA1CC990D,MD,B680FC6F-A112-4BA9-AFD5-91F385E4F5DC,Six O Clock,SportUtilityVehicle,Backing,Not On Roadway,2.5,No,No,2025,DODGE,38.99135273,-77.09784592,Durango_Dodge,17,2025,10,4,17,Saturday,2025-10-04,40
2306,MCP3192006F,250044825,Montgomery_County_Police,Injury Crash,2025-10-05 19:34:00,County_Route,RANDOLPH RD (WB/L),GAITHER RD,Rear-End (Same Direction),Congestion / Backup,Clear,Dry,Dark - Lighted,Traffic Signal,None Detected,2C11B81E-50A1-4BD4-A3C3-570F8E9B6362,MD,CD97E646-FD5F-4265-8097-36B81FACDB6A,Six O Clock,PassengerCar,SlowingOrStopping,Southbound,35.0,No,No,2008,TOYOTA,39.05663183,-77.081998,Camry_Toyota,19,2025,10,5,19,Sunday,2025-10-05,40
2307,MCP3400002T,250044747,Montgomery_County_Police,Property Damage Crash,2025-10-05 11:03:00,Maryland_State_Route,UNIVERSITY BLVD E (WB/L),MARKET ST,Angle Collision,Traffic Control Violation,Clear,Dry,Daylight,Traffic Signal,None Detected,B4C2E5A2-1DD9-45F6-8F96-AE4FF4CACACF,MD,C55918DE-C325-4594-A0A6-003DC6227556,Eleven O Clock,PassengerCar,MovingConstantSpeed,Westbound,35.0,No,No,2020,LEXUS,39.01585466,-77.00538279,RX 350_Lexus,11,2025,10,5,11,Sunday,2025-10-05,40
2308,MCP3325004J,250044506,Montgomery_County_Police,Property Damage Crash,2025-10-03 15:55:00,Maryland_State_Route,TRAVILAH RD,SPUR TO WOODMOOR CIR,Rear-End (Same Direction),Driver Inattention,Clear,Ice,Daylight,Yield Sign,None Detected,C753D91D-CFCD-4CC8-9AAF-A73FAD3968AD,MD,3BE3F861-C209-405C-BA66-76F9CB75C14A,Twelve O Clock,Motorcycle2Wheeled,SlowingOrStopping,Not On Roadway,2.5,No,No,2024,MERCEDES-BENZ,39.07748317,-76.936396,C300_Mercedes-Benz,15,2025,10,3,15,Friday,2025-10-03,40
2310,MCP3400002T,250044747,Montgomery_County_Police,Property Damage Crash,2025-10-05 11:03:00,Maryland_State_Route,UNIVERSITY BLVD E (WB/L),GRACE CHURCH RD,Angle Collision,Traffic Control Violation,Clear,Dry,Daylight,Traffic Signal,None Detected,5DF0523E-E431-42ED-B66D-6C59D08707B2,MD,179458CC-9467-4BCF-925D-616A235B4563,Seven O Clock,PassengerCar,MovingConstantSpeed,Southbound,35.0,No,No,2013,HYUNDAI,39.01585466,-77.00538279,Sonata_Hyundai,11,2025,10,5,11,Sunday,2025-10-05,40
2311,MCP3079007K,250044760,Montgomery_County_Police,Injury Crash,2025-10-05 12:33:00,Maryland_State_Route,CRESTFIELD DR,RUSSELL AVE,Angle Collision,Right-of-Way Violation,Clear,Dry,Daylight,No Control,None Detected,A53E7D0E-A9B9-4821-99A1-4753873A095A,MD,83A1BF13-A9AF-465E-9E99-5D4E1F1C59DC,Nine O Clock,PassengerCar,MovingConstantSpeed,Not On Roadway,2.5,No,No,2008,AUDI,39.18042655,-77.26964455,Q7_Audi,12,2025,10,5,12,Sunday,2025-10-05,40
2312,HA2483001S,25002123,Takoma_Park_Police_Department,Injury Crash,2025-10-03 16:17:00,County_Route,ARCOLA AVE,GEORGIA AVE (SB/L),Angle Collision,Right-of-Way Violation,Clear,Dry,Daylight,Traffic Signal,None Detected,C20742E0-5617-4FD3-AB5F-9C423476044D,MD,CACB90D4-E6C5-4EB8-ACAB-6DF476B2C152,Twelve O Clock,PassengerCar,Accelerating,Southbound,30.0,No,No,2018,FORD,39.04709522,-77.05224928,Explorer_Ford,16,2025,10,3,16,Friday,2025-10-03,40
2314,MCP2160003Q,250044385,Montgomery_County_Police,Property Damage Crash,2025-10-02 20:35:00,County_Route,CLUB HOUSE RD,ABBEYVILLE  PL,Angle Collision,Right-of-Way Violation,Clear,Dry,Dark - Lighted,No Control,None Detected,C5BB2C6A-D888-4BF3-9F5D-3714E37C2D5D,MD,23C6FC59-EE4D-4C46-BD43-E6B2DAEBCA22,Three O Clock,PassengerCar,MovingConstantSpeed,Eastbound,35.0,No,No,2021,TOYOTA,39.17461283,-77.2049375,Camry_Toyota,20,2025,10,2,20,Thursday,2025-10-02,40
2315,DD5681000Y,250044539,Rockville_Police_Department,Injury Crash,2025-10-03 19:25:00,Municipality_Route,KING FARM BLVD,ROLLINS AVE,Angle Collision,Right-of-Way Violation,Clear,Dry,Dark - Lighted,No Control,None Detected,6369FE7B-CBFA-4BE7-9D99-966F77A2B0D6,MD,598A1414-A514-4470-96E8-79EDE666BBDB,Eleven O Clock,PassengerCar,EnteringTrafficLane,Eastbound,30.0,No,No,2023,HYUNDAI,39.11645835,-77.16961584,Elantra_Hyundai,19,2025,10,3,19,Friday,2025-10-03,40
2316,MCP137801DQ,250044917,Montgomery_County_Police,Property Damage Crash,2025-10-06 13:34:00,Maryland_State_Route,ELLSWORTH DR,UNIVERSITY BLVD E,Single Vehicle,Passing / Turning,Cloudy,Dry,Daylight,Traffic Signal,None Detected,2B4F7D13-C9C9-44E3-9D71-189FCF47A39D,MD,5D8F224C-A7A9-46C9-BFC3-DFA060E316A8,Eight O Clock,Other,MakingLeftTurn,Not On Roadway,2.5,No,No,2024,BMW,39.05203742,-77.04991619,M2_BMW,13,2025,10,6,13,Monday,2025-10-06,41
2317,MCP289200J7,250044695,Montgomery_County_Police,Property Damage Crash,2025-10-04 19:18:00,Maryland_State_Route,METRORAIL TRACK B1 RAIL,GRUBB RD,Angle Collision,Right-of-Way Violation,Clear,Dry,Dark - Lighted,No Control,None Detected,BD838C03-E65F-48A3-B8B0-0249D0B44FF0,MD,3E55364D-8C65-472F-86B1-6FA4DF3C6371,Nine O Clock,PassengerCar,MovingConstantSpeed,Southbound,30.0,No,No,2024,HONDA,39.01064709,-77.04093788,Accord_Honda,19,2025,10,4,19,Saturday,2025-10-04,40
2318,MCP30950069,250044206,Montgomery_County_Police,Property Damage Crash,2025-10-01 17:30:00,Maryland_State_Route,16TH ST,LEXINGTON DR,Sideswipe (Same Direction),Lane Violation,Clear,Dry,Daylight,No Control,None Detected,88484A42-F727-439B-A97A-7B21730E4942,MD,91DCAF78-DEF5-4156-B2D3-9E8D0EB7BD87,Ten O Clock,SportUtilityVehicle,MovingConstantSpeed,Westbound,40.0,No,No,2018,TOYOTA,39.10652963,-76.94097705,Camry_Toyota,17,2025,10,1,17,Wednesday,2025-10-01,40
2320,MCP3374003R,250044276,Montgomery_County_Police,Property Damage Crash,2025-10-02 08:47:00,County_Route,RIDGE PL,REEDIE DR,Sideswipe (Same Direction),Lane Violation,Clear,Dry,Daylight,No Control,None Detected,6B3107E9-5FE3-4906-8DFA-35C0F2FA6492,MD,09EFB5B0-85B6-40E0-991D-A7F54FBD8F4A,VehicleNotAtScene,OtherTruck,MovingConstantSpeed,Unknown,25.0,No,No,2015,MERCEDES-BENZ,39.00296167,-77.12569383,SA525_Mercedes-Benz,8,2025,10,2,8,Thursday,2025-10-02,40
2323,MCP20160097,250044099,Montgomery_County_Police,Injury Crash,2025-10-01 10:01:00,County_Route,NICHOLSON LA,RAMP 3 FR IS 495 EB TO MD 97 NB,Sideswipe (Same Direction),Lane Violation,Clear,Dry,Daylight,Traffic Signal,None Detected,33B10034-E039-4025-B79B-CF009F0968CD,MD,538F0088-21E3-4638-8FD6-488C58715530,Eleven O Clock,Other,MovingConstantSpeed,Southbound,30.0,No,No,2022,TOYOTA,39.1244515,-77.164208,Camry_Toyota,10,2025,10,1,10,Wednesday,2025-10-01,40
2325,MCP30090095,250044413,Montgomery_County_Police,Property Damage Crash,2025-10-03 07:50:00,Maryland_State_Route,GERMANTOWN RD,GOLDENROD LA,Angle Collision,Traffic Control Violation,Clear,Dry,Daylight,Traffic Signal,None Detected,EC5A0186-48D6-413C-A578-400FA905DFAC,MD,F8C46DD1-681D-46AE-B978-801282EE9C71,Twelve O Clock,PickupTruck,MovingConstantSpeed,Eastbound,45.0,No,No,2012,TOYOTA,39.18846151,-77.25154922,Tacoma_Toyota,7,2025,10,3,7,Friday,2025-10-03,40
2326,MCP33720044,250044690,Montgomery_County_Police,Injury Crash,2025-10-04 19:41:00,County_Route,BONIFANT RD,RAMP 7 FR MIDDLEBROOK RD TO RAMP 6,Head-On,Lane Violation,Clear,Dry,Daylight,No Control,None Detected,942FBBAF-45EC-468D-8AA5-E3BF0F3A10E7,DC,B9BB8B65-C7C0-4F1C-B786-2C7066573E0C,Seven O Clock,PassengerCar,MovingConstantSpeed,Westbound,30.0,No,No,2025,CHEVROLET,39.09152567,-77.04242983,Trax_Chevrolet,19,2025,10,4,19,Saturday,2025-10-04,40
2328,DD556700B4,250044879,Rockville_Police_Department,Injury Crash,2025-10-06 10:15:00,Municipality_Route,W GUDE DR (WB/L),BULLS RUN PKWY,Sideswipe (Same Direction),Tailgating,Clear,Dry,Daylight,No Control,None Detected,68F99C74-CC75-45D7-BBFC-19898F401432,MS,0260701F-50A4-417E-9AEA-4299D1BDAD57,VehicleNotAtScene,PassengerCar,MovingConstantSpeed,Westbound,35.0,No,No,2018,NISSAN,39.10670124,-77.1610972,Altima_Nissan,10,2025,10,6,10,Monday,2025-10-06,41
2329,MCP34420010,250044295,Montgomery_County_Police,Property Damage Crash,2025-10-02 11:00:00,Maryland_State_Route,ROCKVILLE PIKE (SB/L),VEIRS MILL RD,Rear-End (Same Direction),Tailgating,Clear,Dry,Daylight,Traffic Signal,None Detected,A47012BC-0320-4B9B-933B-84B03178E0C2,MD,C7457D0D-530F-4AB0-83AA-E1D48E440892,Six O Clock,PassengerCar,SlowingOrStopping,Southbound,35.0,No,No,2022,HONDA,39.00647314,-77.09766867,CR-V_Honda,11,2025,10,2,11,Thursday,2025-10-02,40
2330,MCP3074006V,250044802,Montgomery_County_Police,Injury Crash,2025-10-05 17:00:00,US_State_Route,CALVERTON BLVD,DALE DR,Rear-End (Same Direction),Congestion / Backup,Clear,Dry,Daylight,Traffic Signal,None Detected,BA94131B-00E7-46B5-B66C-4826A6C73026,MD,1FE074C2-6094-42DE-889D-5CDA76261981,Twelve O Clock,PassengerCar,SlowingOrStopping,West,35.0,No,No,2017,INFINITI,39.00528637,-77.02280989,Q50_Infiniti,17,2025,10,5,17,Sunday,2025-10-05,40
2331,MCP284600BW,250044063,Montgomery_County_Police,Injury Crash,2025-10-01 06:07:00,Maryland_State_Route,MUNCASTER MILL RD,NORBECK RD (WB/L),Angle Collision,Right-of-Way Violation,Clear,Dry,Dawn,Traffic Signal,None Detected,C742E048-C191-42A8-93E9-70E4C08789C7,MD,120718B4-EC71-40C0-8C92-E7FBAADF3D89,One O Clock,PassengerCar,MakingLeftTurn,West,35.0,No,No,2019,HONDA,39.1090048,-77.08020715,Civic_Honda,6,2025,10,1,6,Wednesday,2025-10-01,40
2332,MCP3170004D,250044810,Montgomery_County_Police,Property Damage Crash,2025-10-05 17:29:00,US_State_Route,NORBECK RD,INTERCOUNTY CONNECTOR,Rear-End (Same Direction),Driver Inattention,Clear,Dry,Daylight,Traffic Signal,None Detected,AAA47451-C4D2-4878-957A-7A8D7D6B22AC,MD,4841EA1D-0E3F-48B5-83FA-B0D879374221,One O Clock,PassengerCar,MovingConstantSpeed,Unknown,2.5,No,No,2020,HONDA,39.22646394,-77.28728261,CR-V_Honda,17,2025,10,5,17,Sunday,2025-10-05,40
2333,MCP3058005X,250044552,Montgomery_County_Police,Property Damage Crash,2025-10-03 19:50:00,Municipality_Route,FISHER AVE,CATTAIL RD,Rear-End (Same Direction),Passing / Turning,Clear,Dry,Dark - Lighted,No Control,None Detected,CDCC380A-E97E-47C9-8A57-5F6A2655830D,VA,D9CE3FEB-28A5-4CC0-A590-0EB2D307FFF2,Twelve O Clock,PassengerCar,Accelerating,Westbound,25.0,No,No,2018,HONDA,39.1439075,-77.408498,Accord_Honda,19,2025,10,3,19,Friday,2025-10-03,40
2334,MCP33940020,250044314,Montgomery_County_Police,Property Damage Crash,2025-10-02 13:06:00,Maryland_State_Route,CONNECTICUT AVE (SB/L),DRESDEN ST,Rear vs Side,Right-of-Way Violation,Clear,Dry,Daylight,No Control,None Detected,02F3EE5E-855C-4021-8235-6713520EBF5E,MD,C3B73E5C-5A6A-4EA2-AE0E-BB1175DF2A1B,Eight O Clock,PassengerCar,MovingConstantSpeed,North,35.0,No,No,2024,FORD,39.02041545,-77.07714841,Escape_Ford,13,2025,10,2,13,Thursday,2025-10-02,40
2335,MCP3036002P,250044653,Montgomery_County_Police,Injury Crash,2025-10-04 15:01:00,County_Route,AIRPARK RD,WINDHAM LA,Rear-End (Same Direction),Tailgating,Clear,Dry,Daylight,Traffic Signal,None Detected,90BB0FE3-0E70-4EE0-8042-AFDEAE7CF6DA,MD,B8A064C6-1F06-4E10-9A2E-822241485DA9,Twelve O Clock,PassengerCar,MovingConstantSpeed,Northbound,50.0,No,No,2008,HONDA,39.1687529,-77.15337786,Civic_Honda,15,2025,10,4,15,Saturday,2025-10-04,40