Unnamed: 0,Report Number,Local Case Number,Agency Name,ACRS Report Type,Crash Date/Time,Route Type,Road Name,Cross-Street Name,Collision Type,Circumstance_Category,Weather,Surface Condition,Light,Traffic Control,Driver Substance Abuse,Person ID,Drivers License State,Vehicle ID,Vehicle First Impact Location,Vehicle Body Type,Vehicle Movement,Vehicle Going Dir,Speed Limit,Driverless Vehicle,Parked Vehicle,Vehicle Year,Vehicle Make,Latitude,Longitude,Vehicle Model,hour,Crash_year,Crash_month,Crash_day,Crash_hour,Crash_day_name,Crash_date,Crash_week
2336,MCP292300FD,250044430,Montgomery_County_Police,Property Damage Crash,2025-10-03 09:47:00,Maryland_State_Route,VEIRS MILL RD,WOODFIELD RD,Rear-End (Same Direction),Tailgating,Clear,Dry,Daylight,No Control,None Detected,A397B8A6-C765-4810-A1DA-4A907D712C7E,MD,4B21D069-A245-40BC-84B7-C2FC7FC5712E,Twelve O Clock,PassengerCar,MovingConstantSpeed,Eastbound,30.0,No,No,2010,FORD,39.03750872,-77.05198605,Focus_Ford,9,2025,10,3,9,Friday,2025-10-03,40
2337,DD5538005T,250044602,Rockville_Police_Department,Property Damage Crash,2025-10-04 07:28:00,Municipality_Route,KING FARM BLVD,FREDERICK RD (SB/L),Sideswipe (Same Direction),Passing / Turning,Clear,Dry,Daylight,Traffic Signal,Alcohol Contributed,34FEBBF7-37E7-4589-A75D-01F419DB2732,MD,8C3540F0-5980-42BB-A6FE-6C4EC271E075,Eleven O Clock,PassengerCar,MovingConstantSpeed,Eastbound,35.0,No,No,2021,INFINITI,39.11704872,-77.16912144,Q50_Infiniti,7,2025,10,4,7,Saturday,2025-10-04,40
2338,MCP3170004D,250044810,Montgomery_County_Police,Property Damage Crash,2025-10-05 17:29:00,Municipality_Route,CARROLL AVE,MAYFLOWER DR,Rear-End (Same Direction),Backing Error,Clear,Wet,Daylight,No Control,None Detected,535A340E-1132-4551-9FBD-9D0D0DE9C3B2,MD,A8ED6BBC-68D4-4B16-A391-A3246723CBF7,VehicleNotAtScene,PassengerCar,Backing,Unknown,2.5,No,No,2011,KIA,39.22646394,-77.28728261,Optima_Kia,17,2025,10,5,17,Sunday,2025-10-05,40
2340,MCP23140050,250044540,Montgomery_County_Police,Injury Crash,2025-10-03 19:01:00,County_Route,PARTNERSHIP RD,TALBOTT ST,Angle Collision,Right-of-Way Violation,Clear,Dry,Dark - Not Lighted,No Control,None Detected,CF786292-F9CB-4E40-92B3-12A56620F84A,MD,55CA05E3-7506-4E7F-8B28-D7D333206384,One O Clock,PassengerCar,MakingLeftTurn,Westbound,40.0,No,No,2012,BUICK,39.0894369,-77.3612199,Verano_Buick,19,2025,10,3,19,Friday,2025-10-03,40
2341,DD5657002R,250044881,Rockville_Police_Department,Property Damage Crash,2025-10-06 10:30:00,Maryland_State_Route,W MONTGOMERY AVE (WB/L),CROSSOVER,Rear-End (Same Direction),Tailgating,Clear,Dry,Daylight,Traffic Signal,None Detected,97055D32-1FD8-479F-AE1B-02765E933682,MD,AEFBB11A-CCCC-421B-94D2-DA82ECAAAED7,Ten O Clock,OtherTruck,SlowingOrStopping,Northbound,35.0,No,No,2017,BMW,39.09070797,-77.17909328,5 Series_BMW,10,2025,10,6,10,Monday,2025-10-06,41
2342,MCP3079007K,250044760,Montgomery_County_Police,Injury Crash,2025-10-05 12:33:00,Maryland_State_Route,E GUDE DR,SPUR TO RAMP 6 FR MD 198 EB TO US 29 SB,Angle Collision,Right-of-Way Violation,Clear,Wet,Daylight,No Control,None Detected,2ED3E4E5-9DE3-4FCA-8CDF-5AFD200E0B79,MD,CEB29B8B-64FF-4F57-BB10-6B2D526164BB,Twelve O Clock,PassengerCar,MakingLeftTurn,Not On Roadway,2.5,No,No,2019,TOYOTA,39.18042655,-77.26964455,Corolla_Toyota,12,2025,10,5,12,Sunday,2025-10-05,40
2344,MCP34420010,250044295,Montgomery_County_Police,Property Damage Crash,2025-10-02 11:00:00,Maryland_State_Route,ROCKVILLE PIKE (SB/L),MERWOOD DR,Rear-End (Same Direction),Tailgating,Clear,Dry,Daylight,Traffic Signal,None Detected,1BB7096C-AD0B-441F-905B-98707C87E9AA,MD,B200AF56-E4C2-4197-91B8-64AD601DE13B,VehicleNotAtScene,PassengerCar,MovingConstantSpeed,Southbound,35.0,No,No,2018,NISSAN,39.00647314,-77.09766867,Altima_Nissan,11,2025,10,2,11,Thursday,2025-10-02,40
2346,MCP32620069,250044171,Montgomery_County_Police,Property Damage Crash,2025-10-01 15:15:00,Other_Public_Roadway,O'FALLON ST,CHERRY HILL RD,Rear-End (Same Direction),Tailgating,Clear,Dry,Daylight,No Control,None Detected,688B34BF-6510-463F-A820-DE3666B7CAA1,MD,B0B17B2F-E2FA-4EC7-885A-E73504372562,Twelve O Clock,PassengerCar,SlowingOrStopping,Eastbound,35.0,No,No,2017,TOYOTA,39.06016774,-76.95652119,Corolla_Toyota,15,2025,10,1,15,Wednesday,2025-10-01,40
2348,MCP312900DM,250044882,Montgomery_County_Police,Property Damage Crash,2025-10-06 10:43:00,Maryland_State_Route,GEORGIA AVE,WAYCROSS WAY,Rear-End (Same Direction),Congestion / Backup,Clear,Dry,Daylight,No Control,None Detected,06BE6CD5-D2B3-4BED-A3DA-70677AA6312A,MD,33FC8293-0C8E-44B1-9D2B-ADD1E5BF6E68,Seven O Clock,PickupTruck,SlowingOrStopping,Northbound,45.0,No,No,2019,FORD,39.0883445,-77.07969417,F-250_Ford,10,2025,10,6,10,Monday,2025-10-06,41
2351,MCP3192006G,250044828,Montgomery_County_Police,Property Damage Crash,2025-10-05 20:51:00,Maryland_State_Route,VEIRS MILL RD,CONNECTICUT AVE (SB/L),Rear vs Side,Right-of-Way Violation,Clear,Dry,Dark - Lighted,Traffic Signal,None Detected,9BAAEE10-BE1E-42CF-BEEA-84EF03E48C2C,MD,90A0717D-0AD9-48C1-A1F0-4BB519C3278A,Twelve O Clock,PassengerCar,MovingConstantSpeed,North,35.0,No,No,2025,HONDA,39.05152328,-77.07492719,Accord_Honda,20,2025,10,5,20,Sunday,2025-10-05,40
2352,MCP3423002G,250044464,Montgomery_County_Police,Injury Crash,2025-10-03 12:28:00,County_Route,GRACEFIELD RD,HENNESSY TERR,Rear-End (Same Direction),Lane Violation,Clear,Dry,Daylight,No Control,None Detected,2A77EB13-1080-465A-988D-4AEC4BE484F0,MD,D9D5A6E7-B2BA-4981-A8A4-F52D490A232B,Eleven O Clock,PassengerCar,MovingConstantSpeed,Northbound,25.0,No,No,2009,FORD,39.05425367,-76.95021867,Focus_Ford,12,2025,10,3,12,Friday,2025-10-03,40
2353,MCP289200J7,250044695,Montgomery_County_Police,Property Damage Crash,2025-10-04 19:18:00,Maryland_State_Route,METRORAIL TRACK B1 RAIL,EXIT #39,Angle Collision,Right-of-Way Violation,Clear,Dry,Dark - Lighted,No Control,None Detected,5121E105-AD2D-43BF-873E-3302F2AB3EDB,MD,B31DE88D-7ACC-465B-BEA6-28C5EAFDB735,Twelve O Clock,PassengerCar,MakingLeftTurn,Not On Roadway,30.0,No,No,2013,HONDA,39.01064709,-77.04093788,Civic_Honda,19,2025,10,4,19,Saturday,2025-10-04,40
2354,MCP9118005K,250044586,Montgomery_County_Police,Injury Crash,2025-10-04 00:52:00,Maryland_State_Route,GEORGIA AVE (SB/L),RANDOLPH RD (WB/L),Rear-End (Same Direction),Road Obstruction,Clear,Dry,Dark - Unknown Lighting,Traffic Signal,None Detected,935AC1FF-E9A5-4883-AF1E-52BCC349D646,VA,D4954EE3-11C8-4B0B-81A1-23F6EF7AF9F0,Six O Clock,SportUtilityVehicle,StoppedInTrafficLane,Southbound,35.0,No,No,2020,TOYOTA,39.05805876,-77.05011767,Camry_Toyota,0,2025,10,4,0,Saturday,2025-10-04,40
2355,DD556700B4,250044879,Rockville_Police_Department,Injury Crash,2025-10-06 10:15:00,Municipality_Route,W GUDE DR (WB/L),EXIT #33,Sideswipe (Same Direction),Lane Violation,Clear,Dry,Daylight,No Control,None Detected,3201EA53-8B7F-4E38-B2E3-FD9ED10C6340,MD,379C2574-5E1C-45F7-B1E7-27351EB259AB,Nine O Clock,Van - Passenger (&lt;9 Seats),MovingConstantSpeed,Westbound,35.0,No,No,2016,HONDA,39.10670124,-77.1610972,Odyssey_Honda,10,2025,10,6,10,Monday,2025-10-06,41
2357,MCP3068006P,250044677,Montgomery_County_Police,Property Damage Crash,2025-10-04 18:06:00,County_Route,WOODMONT AVE,EDGEMOOR LA EDGEMOOR LA (WB/L),Single Vehicle,Lane Violation,Clear,Dry,Daylight,Traffic Signal,None Detected,7BAF184B-AC25-4258-8117-21A08D85D30E,VA,3BEECFBC-0F44-46F7-BDD2-EA8007B34897,Twelve O Clock,TransitBus,MakingLeftTurn,Southbound,25.0,No,No,2014,NISSAN,38.98467867,-77.09671767,Altima_Nissan,18,2025,10,4,18,Saturday,2025-10-04,40
2358,MCP2228002J,250044102,Montgomery_County_Police,Injury Crash,2025-10-01 10:21:00,County_Route,SHADY GROVE RD,MIDCOUNTY HWY (NB/L),Angle Collision,Right-of-Way Violation,Clear,Dry,Daylight,Pedestrian Crossing,None Detected,16FA6518-1264-408D-8668-DFE188D2782B,MD,0818C218-5CC8-4B04-ACCB-9D7D31EE3A2B,Eleven O Clock,SportUtilityVehicle,MakingRightTurn,Eastbound,40.0,No,No,2021,NISSAN,39.1410891,-77.15170285,Rogue_Nissan,10,2025,10,1,10,Wednesday,2025-10-01,40
2359,MCP20160096,250044079,Montgomery_County_Police,Property Damage Crash,2025-10-01 08:00:00,Local_Route,CSX TRACK 1 RAIL,OLD GEORGETOWN RD,Rear-End (Same Direction),Tailgating,Clear,Dry,Daylight,Traffic Signal,None Detected,8090E8A6-FBEC-41D6-BCA0-970F747CBCA6,VA,BC448A9A-8EFA-4A48-9E00-EEF3FC443A4E,Twelve O Clock,PassengerCar,MovingConstantSpeed,Westbound,35.0,No,No,2012,TOYOTA,39.05338332,-77.10995311,Camry_Toyota,8,2025,10,1,8,Wednesday,2025-10-01,40
2360,EJ7809004D,250044142,Gaithersburg_Police_Department,Property Damage Crash,2025-10-01 13:12:00,Maryland_State_Route,SUNDOWN RD,MUNCASTER MILL RD,Rear-End (Same Direction),Driver Inattention,Clear,Dry,Daylight,Traffic Signal,None Detected,BD6F7C33-1E73-4287-BE18-1AFE80DC2A27,MD,6B82437A-906C-4E29-B2E8-5B7B67BFB40D,Eleven O Clock,PassengerCar,SlowingOrStopping,Not On Roadway,2.5,No,No,2011,CHEVROLET,39.11482594,-77.21702777,Silverado_Chevrolet,13,2025,10,1,13,Wednesday,2025-10-01,40
2361,DD57010006,250044366,Rockville_Police_Department,Property Damage Crash,2025-10-02 18:43:00,Municipality_Route,EAST LA,VEIRS MILL RD (WB/L),Other,Right-of-Way Violation,Clear,Dry,Dusk,Lane Use Control,None Detected,AB213AFE-7532-470F-932C-9059D3587FA7,VA,9593E9C5-981F-40C0-A308-6D9B11AE94A8,VehicleNotAtScene,Other,EnteringTrafficLane,Northbound,35.0,No,No,2023,FORD,39.07851543,-77.13029631,F-150_Ford,18,2025,10,2,18,Thursday,2025-10-02,40
2362,EJ7904003B,250044087,Gaithersburg_Police_Department,Injury Crash,2025-10-01 08:59:00,Ramp_Route,RAMP 6 FR WATKINS MILL RD TO IS 270 SB,ROTHGEB DR,Single Vehicle,Speed Related,Clear,Dry,Daylight,No Control,None Detected,0B62A2BE-6278-498A-A85E-7F8813FDE721,MD,10DFD19B-DBD2-497A-B202-41B382DFB5C1,Ten O Clock,PassengerCar,MovingConstantSpeed,North,35.0,No,No,2023,TOYOTA,39.15559505,-77.2252019,Camry_Toyota,8,2025,10,1,8,Wednesday,2025-10-01,40
2363,MCP285900JT,250044411,Montgomery_County_Police,Property Damage Crash,2025-10-03 07:40:00,County_Route,WALKERS CHOICE RD,MONTGOMERY VILLAGE AVE (SB/L),Angle Collision,Right-of-Way Violation,Clear,Dry,Daylight,Stop Sign,None Detected,0B6E6D0F-F2E1-4A6B-B987-476DE2235799,MD,4A3BE561-FFA8-4BCD-AAF8-D8F35197F6E5,Twelve O Clock,SportUtilityVehicle,EnteringTrafficLane,Eastbound,25.0,No,No,2004,TOYOTA,39.16537522,-77.20460302,Sequoia_Toyota,7,2025,10,3,7,Friday,2025-10-03,40
2364,EJ7913001F,250044427,Gaithersburg_Police_Department,Injury Crash,2025-10-03 09:30:00,County_Route,ROCKVILLE PIKE,RAMP 1 FR IS 270 NB TO IS 370 WB,Single Vehicle,Right-of-Way Violation,Clear,Dry,Daylight,Traffic Signal,None Detected,086AD767-3660-4762-ACB1-04207D7C0A84,MD,54B44030-6EE4-46CD-BA89-6780EEDAD72E,Twelve O Clock,PassengerCar,Accelerating,Not On Roadway,2.5,No,No,2017,TOYOTA,39.13637762,-77.19244543,Camry_Toyota,9,2025,10,3,9,Friday,2025-10-03,40
2365,EJ7860002V,250044212,Gaithersburg_Police_Department,Property Damage Crash,2025-10-01 17:00:00,US_State_Route,BROADBIRCH DR,PHILADELPHIA AVE,Single Vehicle,Passing / Turning,Clear,Dry,Daylight,No Control,None Detected,F9055ACF-0452-4470-AECF-1746AF6B1E9B,MD,F482F7DB-1E88-41E4-AF44-C0AD52AC6032,Eight O Clock,PickupTruck,MakingLeftTurn,Not On Roadway,2.5,No,No,2020,FORD,39.17809374,-77.17657779,F-150_Ford,17,2025,10,1,17,Wednesday,2025-10-01,40
2366,MCP3360002G,250044656,Montgomery_County_Police,Injury Crash,2025-10-04 16:12:00,Maryland_State_Route,S FREDERICK RD,HAWKINS CREAMERY RD,Single Vehicle,Road Obstruction,Clear,Dry,Daylight,No Control,None Detected,9C9709F4-7E2A-4E6B-A102-80A1A6629288,MD,91CE9C9C-E43E-49EA-8CF3-7AA9EEF791F4,NonCollision,PassengerCar,MakingUTurn,North,2.5,No,No,2011,FORD,39.12841654,-77.18531625,F-150_Ford,16,2025,10,4,16,Saturday,2025-10-04,40
2367,DD5681000Y,250044539,Rockville_Police_Department,Injury Crash,2025-10-03 19:25:00,Municipality_Route,KING FARM BLVD,GRANITE ROCK RD,Angle Collision,Right-of-Way Violation,Clear,Dry,Dark - Lighted,No Control,None Detected,E26B4137-B8E8-48BC-9C22-CE4D400EFD5E,MD,FCFFB839-30E6-4CE5-97E8-7C71484C70D4,One O Clock,PassengerCar,MovingConstantSpeed,Eastbound,30.0,No,No,2016,TOYOTA,39.11645835,-77.16961584,Camry_Toyota,19,2025,10,3,19,Friday,2025-10-03,40
2368,MCP287500BL,250044484,Montgomery_County_Police,Property Damage Crash,2025-10-03 14:55:00,Maryland_State_Route,RIDGE RD,BAUER DR,Sideswipe (Opposite Direction),Lane Violation,Cloudy,Dry,Daylight,No Control,None Detected,185ED68C-17A3-43CE-93A1-42F272FC5B04,VA,AE47D78A-433F-4B68-A22F-57DBA7C0427B,Eleven O Clock,PassengerCar,MovingConstantSpeed,Northbound,30.0,No,No,2023,TESLA,39.27527833,-77.214665,Model 3_Tesla,14,2025,10,3,14,Friday,2025-10-03,40
2371,EJ79040039,250044081,Gaithersburg_Police_Department,Property Damage Crash,2025-10-01 08:04:00,Municipality_Route,VICTORY FARM DR,GIRARD ST,Sideswipe (Same Direction),Lane Violation,Clear,Dry,Daylight,Yield Sign,None Detected,D454D752-A672-47B3-AD53-082F2219C0EE,MD,6D12ACB8-55DC-4AA7-BEAB-B250678F4396,One O Clock,PassengerCar,SlowingOrStopping,North,25.0,No,No,2023,TOYOTA,39.14639793,-77.18502025,Camry_Toyota,8,2025,10,1,8,Wednesday,2025-10-01,40
2372,MCP2160003Q,250044385,Montgomery_County_Police,Property Damage Crash,2025-10-02 20:35:00,County_Route,CLUB HOUSE RD,GEORGIA AVE,Angle Collision,Right-of-Way Violation,Clear,Dry,Dark - Lighted,Stop Sign,None Detected,CDA45460-36F7-43A3-AD47-A4CC0E6EDFE0,MD,DC74AAC8-71C5-465F-998E-DB22DA17E9E0,Twelve O Clock,SportUtilityVehicle,Accelerating,Northbound,25.0,No,No,2003,CHEVROLET,39.17461283,-77.2049375,Silverado_Chevrolet,20,2025,10,2,20,Thursday,2025-10-02,40
2373,MCP30090095,250044413,Montgomery_County_Police,Property Damage Crash,2025-10-03 07:50:00,Maryland_State_Route,GERMANTOWN RD,GOLDENROD LA,Angle Collision,Right-of-Way Violation,Clear,Dry,Daylight,Traffic Signal,None Detected,C414BAE9-67E4-47D8-B38D-BB21C3E50926,FL,112EA762-7CE8-4E2B-B545-647B1FE177A1,Three O Clock,SportUtilityVehicle,MakingLeftTurn,Southbound,45.0,No,No,2018,JEEP,39.18846151,-77.25154922,Grand Cherokee_Jeep,7,2025,10,3,7,Friday,2025-10-03,40
2374,MCP287500BL,250044484,Montgomery_County_Police,Property Damage Crash,2025-10-03 14:55:00,Maryland_State_Route,RIDGE RD,FOREST GLEN RD,Sideswipe (Opposite Direction),Lane Violation,Cloudy,Dry,Daylight,No Control,None Detected,44A5FBA7-BE0F-43EB-84A0-BE9C366AC455,NY,4FC903C1-632E-44AF-A70F-54D9B2C1CED0,Eight O Clock,SportUtilityVehicle,MovingConstantSpeed,Southbound,30.0,No,No,2022,HYUNDAI,39.27527833,-77.214665,Tucson_Hyundai,14,2025,10,3,14,Friday,2025-10-03,40
2377,MCP9419006B,250044290,Montgomery_County_Police,Property Damage Crash,2025-10-02 10:22:00,Maryland_State_Route,CONNECTICUT AVE,CAHART PL,Other,Driver Inattention,Clear,Dry,Daylight,Traffic Signal,None Detected,FC6F077A-4C08-4757-8535-386C8976A02F,MD,C1F1E839-814F-4427-8E38-2910B2B22AD2,Twelve O Clock,PassengerCar,Accelerating,Not On Roadway,2.5,No,No,2015,HONDA,39.11380035,-77.15601597,CR-V_Honda,10,2025,10,2,10,Thursday,2025-10-02,40
2378,EJ7898006Z,250044342,Gaithersburg_Police_Department,Property Damage Crash,2025-10-02 15:04:00,Maryland_State_Route,QUINCE ORCHARD RD (SB/L),R/R #CSX 140 507 F,Other,Right-of-Way Violation,Clear,Dry,Daylight,No Control,None Detected,D87BD679-654E-4A4F-B317-E12930071EA4,MD,0D2DBF48-B107-47BB-905E-A06825CC496A,Seven O Clock,PassengerCar,ChangingLanes,Southbound,40.0,No,No,2012,BUICK,39.13909427,-77.2221484,Encore_Buick,15,2025,10,2,15,Thursday,2025-10-02,40
2379,MCP219800J0,250044809,Montgomery_County_Police,Injury Crash,2025-10-05 17:48:00,County_Route,SAM EIG HWY,FOREST GLEN RD,Angle Collision,Right-of-Way Violation,Clear,Dry,Daylight,Traffic Signal,None Detected,7350E2FB-F23A-4091-9998-ADDDB6E045C4,MD,1BC433A4-615B-4A82-9393-55F9FA9F53A2,One O Clock,PassengerCar,Accelerating,Eastbound,40.0,No,No,2005,TOYOTA,39.109036,-77.21204783,Sienna_Toyota,17,2025,10,5,17,Sunday,2025-10-05,40
2383,DD5681000Z,250044720,Rockville_Police_Department,Property Damage Crash,2025-10-05 02:25:00,Municipality_Route,EDMONSTON DR,WAYNE AVE,Head-On,Lane Violation,Clear,Dry,Dark - Lighted,No Control,None Detected,A4E1F766-E37E-463C-880F-48160FF356E8,MD,A7978EF2-5502-4CCE-A7B3-AA239D9AEDE6,Eleven O Clock,PassengerCar,MovingConstantSpeed,Northbound,25.0,No,No,2024,HYUNDAI,39.07770214,-77.13082525,Sonata_Hyundai,2,2025,10,5,2,Sunday,2025-10-05,40
2386,EJ786600GK,250044219,Gaithersburg_Police_Department,Property Damage Crash,2025-10-01 18:33:00,Crossover,WARING STATION RD,MONTGOMERY VILLAGE AVE (SB/L),Rear vs Side,Right-of-Way Violation,Clear,Dry,Daylight,No Control,None Detected,1903F192-F9B2-43DF-AC71-AE6BCAAFB93A,MD,94853207-44DC-4E2B-AF23-ED6B6D7F345F,Ten O Clock,SportUtilityVehicle,EnteringTrafficLane,Southbound,35.0,No,No,2004,HONDA,39.15365736,-77.21071484,Pilot_Honda,18,2025,10,1,18,Wednesday,2025-10-01,40
2388,EJ786600GK,250044219,Gaithersburg_Police_Department,Property Damage Crash,2025-10-01 18:33:00,Crossover,FREDERICK RD,MONTGOMERY VILLAGE AVE (SB/L),Rear vs Side,Tailgating,Clear,Dry,Daylight,No Control,None Detected,DC8B8839-E993-42DD-9BFC-A6C5DAFF8518,MD,57D8C623-B01F-45C2-8E2A-5CDFFDB41A7C,Twelve O Clock,PassengerCar,MovingConstantSpeed,Westbound,35.0,No,No,2013,CHEVROLET,39.15365736,-77.21071484,Malibu_Chevrolet,18,2025,10,1,18,Wednesday,2025-10-01,40
2389,MCP20160097,250044099,Montgomery_County_Police,Injury Crash,2025-10-01 10:01:00,County_Route,WATKINS MILL RD,SLIGO CREEK PKWY,Sideswipe (Same Direction),Lane Violation,Clear,Dry,Daylight,Traffic Signal,None Detected,DCABA93D-DE74-40E8-B39E-49D4791DB0B5,MD,D8D99B97-CBE8-4AF3-932D-3CE6AF4514D7,Four O Clock,PassengerCar,MovingConstantSpeed,Southbound,30.0,No,No,2021,LEXUS,39.1244515,-77.164208,ES_Lexus,10,2025,10,1,10,Wednesday,2025-10-01,40
2392,MCP203900D3,250045527,Montgomery_County_Police,Property Damage Crash,2025-10-09 13:36:00,County_Route,RANDOLPH RD,GRENOBLE DR,Back-to-Back,Backing Error,Clear,Wet,Daylight,No Control,None Detected,8FFBDBC5-E577-4415-9F34-91A341F41420,MD,DDBEA161-88BE-4B41-A773-7CBB4D3F2E01,VehicleNotAtScene,SportUtilityVehicle,Backing,Southbound,2.5,No,No,2018,TOYOTA,39.15222356,-77.06256667,RAV4_Toyota,13,2025,10,9,13,Thursday,2025-10-09,41
2394,MCP2717010S,250046155,Montgomery_County_Police,Injury Crash,2025-10-14 11:20:00,US_State_Route,UNIVERSITY BLVD W,FATHER HURLEY BLVD,Sideswipe (Same Direction),Passing / Turning,Clear,Wet,Daylight,Traffic Signal,None Detected,6766463C-9E6C-4EB8-9B89-E6A23E1880AF,MD,6A62D2FE-EDD8-4A5A-8CCD-4CB227FC0D08,Five O Clock,TransitBus,MovingConstantSpeed,Not On Roadway,2.5,No,No,2019,HONDA,39.09291332,-77.20245975,Civic_Honda,11,2025,10,14,11,Tuesday,2025-10-14,42
2396,MCP284800C4,250044073,Montgomery_County_Police,Property Damage Crash,2025-10-01 07:53:00,Maryland_State_Route,ROTHBURY DR,FOX ST,Single Vehicle,Driver Inattention,Clear,Dry,Daylight,Traffic Signal,None Detected,3D1FA0DC-CC53-4FCA-80F4-A9D23C8451E3,MD,131A56F1-BFB9-4509-9256-53490DD27C5F,Two O Clock,SchoolBus,SlowingOrStopping,Not On Roadway,2.5,No,No,2019,AUDI,38.98238667,-77.12764167,A4_Audi,7,2025,10,1,7,Wednesday,2025-10-01,40
2397,MCP34450015,250045560,Montgomery_County_Police,Property Damage Crash,2025-10-10 11:30:00,County_Route,MONTGOMERY VILLAGE AVE,WHITE GATE RD,Angle Collision,Weather Related,Clear,Dry,Daylight,No Control,None Detected,2D1CFF20-736C-43DB-AC7A-4A708DD4DB42,MD,AA7953F9-3595-40F7-A4B6-0E585B8BCB06,Five O Clock,PassengerCar,Parked,South,2.5,No,Yes,2014,HONDA,38.98130856,-77.0944261,Odyssey_Honda,11,2025,10,10,11,Friday,2025-10-10,41
2398,MCP3208007B,250044700,Montgomery_County_Police,Property Damage Crash,2025-10-04 21:43:00,Maryland_State_Route,COLESVILLE RD,LITTLE BENNETT DR,Sideswipe (Same Direction),Weather Related,Clear,Dry,Dark - Lighted,No Control,None Detected,0E57DCE5-0A57-4616-8B7E-920E16F76337,MD,BABFEA4A-3F73-4E58-A00D-16DD3370E5E5,Eleven O Clock,PassengerCar,Parked,North,2.5,No,Yes,2013,HYUNDAI,39.02055169,-77.01348405,Azera_Hyundai,21,2025,10,4,21,Saturday,2025-10-04,40
2399,MCP3208007B,250044700,Montgomery_County_Police,Property Damage Crash,2025-10-04 21:43:00,County_Route,WISCONSIN AVE,GREENRIVER TERR,Sideswipe (Same Direction),Passing / Turning,Clear,Dry,Dark - Lighted,Traffic Signal,None Detected,47671EAE-7AB2-4207-804D-07D8BD3B8C9F,MD,CCEF5619-4BE1-42FD-B1AD-623C7A5F6E9A,One O Clock,PickupTruck,Accelerating,Northbound,2.5,No,No,2020,TOYOTA,39.02055169,-77.01348405,Tacoma_Toyota,21,2025,10,4,21,Saturday,2025-10-04,40
2400,MCP3201008J,250045715,Montgomery_County_Police,Property Damage Crash,2025-10-11 12:03:00,Other_Public_Roadway,NORBECK RD,BRINK RD,Single Vehicle,Backing Error,Clear,Dry,Daylight,Traffic Signal,None Detected,B15BB28D-2E32-45AD-BB94-E8441BC5B656,MD,FCBC8B17-3DE2-4888-A67B-0B17C0F6F666,Four O Clock,SportUtilityVehicle,Backing,Not On Roadway,2.5,No,No,2024,HONDA,39.19466695,-77.24561835,CR-V_Honda,12,2025,10,11,12,Saturday,2025-10-11,41
2401,DD5604005T,250046018,Rockville_Police_Department,Property Damage Crash,2025-10-13 16:15:00,Interstate_Route,EAST WEST HWY,FOX ST,Single Vehicle,Backing Error,Clear,Wet,Other,Traffic Signal,None Detected,469EAE42-1C57-473F-A171-50B95B4FF6DE,MD,BA071560-1B9E-40B0-973E-3C5F2D60C54F,Six O Clock,SportUtilityVehicle,Backing,Not On Roadway,2.5,No,No,2021,CHEVROLET,39.0629552,-77.12395954,Tahoe_Chevrolet,16,2025,10,13,16,Monday,2025-10-13,42
2403,MCP3329004V,250045292,Montgomery_County_Police,Injury Crash,2025-10-08 18:07:00,Maryland_State_Route,FREDERICK RD,ENT TO MILESTONE SHOPPING CENTER,Single Vehicle,Right-of-Way Violation,Clear,Dry,Daylight,No Control,None Detected,71A86988-4B6A-4CA2-BA80-F712F8ABD8D6,MD,B9AD0F92-BF62-4183-87F8-BD4BC37882B7,Twelve O Clock,PassengerCar,SlowingOrStopping,Not On Roadway,2.5,No,No,2015,NISSAN,39.04301972,-76.98315592,Titan_Nissan,18,2025,10,8,18,Wednesday,2025-10-08,41
2404,MCP137801DW,250046001,Montgomery_County_Police,Injury Crash,2025-10-13 14:48:00,County_Route,CONNECTICUT AVE,EISENHOWER MEMORIAL HWY,Single Vehicle,Driver Inattention,Cloudy,Dry,Daylight,No Control,None Detected,B58D44BB-7EF2-49B7-906D-16211D810747,VA,6CDCAC85-4AFA-461F-B06E-FCAA5B07143B,Twelve O Clock,PickupTruck,Accelerating,Eastbound,2.5,No,No,1999,CHEVROLET,39.09157504,-77.04515401,Silverado_Chevrolet,14,2025,10,13,14,Monday,2025-10-13,42
2405,MCP2059008Z,250045712,Montgomery_County_Police,Property Damage Crash,2025-10-11 11:29:00,Maryland_State_Route,BEECH TREE RD,ROCKVILLE PIKE,Single Vehicle,Driver Inattention,Clear,Dry,Daylight,No Control,None Detected,3527AD2B-648E-4FB3-8A39-4274F69D54A8,MD,B655B016-F8BE-4DC0-AD93-D65AD6D624CD,VehicleNotAtScene,SportUtilityVehicle,EnteringTrafficLane,Not On Roadway,2.5,No,No,2024,TESLA,38.9816165,-77.09857629,Model Y_Tesla,11,2025,10,11,11,Saturday,2025-10-11,41