Unnamed: 0,Report Number,Local Case Number,Agency Name,ACRS Report Type,Crash Date/Time,Route Type,Road Name,Cross-Street Name,Collision Type,Circumstance_Category,Weather,Surface Condition,Light,Traffic Control,Driver Substance Abuse,Person ID,Drivers License State,Vehicle ID,Vehicle First Impact Location,Vehicle Body Type,Vehicle Movement,Vehicle Going Dir,Speed Limit,Driverless Vehicle,Parked Vehicle,Vehicle Year,Vehicle Make,Latitude,Longitude,Vehicle Model,hour,Crash_year,Crash_month,Crash_day,Crash_hour,Crash_day_name,Crash_date,Crash_week
2406,MCP34940003,250044341,Montgomery_County_Police,Property Damage Crash,2025-10-02 15:25:00,Maryland_State_Route,GEORGIA AVE,SHADY GROVE RD,Single Vehicle,Driver Inattention,Clear,Dry,Daylight,Traffic Signal,None Detected,E5756E2B-2F5C-4637-A92F-8FCCD7F74F29,MD,6D5443D9-C73B-4A2F-BDA3-3FD00CA7C913,Eleven O Clock,PassengerCar,MakingLeftTurn,Not On Roadway,2.5,No,No,2018,FORD,38.9930975,-76.99342583,Taurus_Ford,15,2025,10,2,15,Thursday,2025-10-02,40
2408,MCP2466006F,250046222,Montgomery_County_Police,Property Damage Crash,2025-10-14 12:27:00,Municipality_Route,BANK ST,WATKINS MILL RD,Angle Collision,Weather Related,Clear,Wet,Daylight,Traffic Signal,None Detected,538602DD-EF28-4161-A5C3-13E1DC8A5CF8,MD,EB839D2E-1808-4127-BB93-442E673A3231,One O Clock,PickupTruck,MakingLeftTurn,Unknown,2.5,No,No,2015,CHEVROLET,39.10482101,-77.25946873,Silverado_Chevrolet,12,2025,10,14,12,Tuesday,2025-10-14,42
2409,DM8524001C,250045896,Takoma_Park_Police_Department,Property Damage Crash,2025-10-12 20:03:00,County_Route,MEEM AVE,RAMP 10 FR MD 187B TO MD 187 NB,Angle Collision,Driver Inattention,Rain,Wet,Dark - Lighted,No Control,None Detected,C017D85B-6840-400F-AF7A-755EDF4928F9,MD,6310F929-CCD4-4967-9991-703A885B0642,One O Clock,PassengerCar,MovingConstantSpeed,Eastbound,2.5,No,No,2017,NISSAN,38.9862239,-76.9864939,Rogue_Nissan,20,2025,10,12,20,Sunday,2025-10-12,41
2410,MCP32920032,250045140,Montgomery_County_Police,Property Damage Crash,2025-10-07 19:40:00,Maryland_State_Route,CLOPPER RD,N NOYES DR,Single Vehicle,Passing / Turning,Clear,Dry,Dark - Lighted,No Control,None Detected,4AFA9F0B-2519-43CC-B331-68AF85991850,MD,331A2CFC-2004-4141-BC7B-A2C5B49A5787,VehicleNotAtScene,PassengerCar,MakingLeftTurn,Southbound,2.5,No,No,2011,HONDA,39.14542019,-77.14457274,Odyssey_Honda,19,2025,10,7,19,Tuesday,2025-10-07,41
2411,MCP3430000R,250044763,Montgomery_County_Police,Property Damage Crash,2025-10-05 13:00:00,County_Route,GREAT SENECA HWY,WARRENTON DR,Rear-End (Same Direction),Driver Inattention,Clear,Dry,Daylight,Traffic Signal,None Detected,F47B90C9-D3F9-4C4C-A5A8-F5F160D94BC6,DC,421FD4F8-1F03-4545-A412-EA87EB8467B7,Eleven O Clock,PassengerCar,Parked,South,2.5,No,Yes,2025,LEXUS,39.01038826,-77.04182829,RX 350_Lexus,13,2025,10,5,13,Sunday,2025-10-05,40
2412,MCP3312006V,250045411,Montgomery_County_Police,Injury Crash,2025-10-09 14:00:00,County_Route,DAMASCUS RD,E FRANKLIN AVE,Single Vehicle,Right-of-Way Violation,Clear,Dry,Daylight,No Control,None Detected,1C2CB756-01AF-457D-A84A-91126D466B46,MD,7E3E6219-76CF-4A31-8A16-8D1EE74324C4,Six O Clock,PassengerCar,Backing,Not On Roadway,2.5,No,No,2019,HONDA,39.11298382,-76.93506472,Odyssey_Honda,14,2025,10,9,14,Thursday,2025-10-09,41
2413,DM8524001C,250045896,Takoma_Park_Police_Department,Property Damage Crash,2025-10-12 20:03:00,Maryland_State_Route,VEIRS MILL RD,ENT TO WINTERGREEN PLAZA,Angle Collision,Driver Inattention,Rain,Wet,Dark - Lighted,No Control,None Detected,D976FBA7-56CE-49B0-8E3A-8CF7BF180C83,DC,19024D3E-065B-4761-8A53-2DED2C2E089A,Twelve O Clock,PassengerCar,MovingConstantSpeed,Not On Roadway,2.5,No,No,2001,FORD,38.9862239,-76.9864939,Escape_Ford,20,2025,10,12,20,Sunday,2025-10-12,41
2414,HA2330000J,25002195,Takoma_Park_Police_Department,Property Damage Crash,2025-10-12 07:00:00,Maryland_State_Route,RANDOLPH RD,ALLISTON HOLLOW WAY,Single Vehicle,Driver Inattention,Cloudy,Dry,Other,No Control,None Detected,0A310CE9-85FA-471F-9C7D-35A472C11BE5,MD,C9CF9D0B-E5B0-452A-BFE0-7A49025A78D5,Twelve O Clock,Other,SlowingOrStopping,Not On Roadway,2.5,No,No,2017,FORD,39.24615629,-77.28807594,Explorer_Ford,7,2025,10,12,7,Sunday,2025-10-12,41
2415,MCP3430000R,250044763,Montgomery_County_Police,Property Damage Crash,2025-10-05 13:00:00,County_Route,EISENHOWER MEMORIAL HWY,SEDGEWICK LA,Rear-End (Same Direction),Backing Error,Clear,Dry,Daylight,Flashing Traffic Signal,None Detected,BB5828A0-E913-4844-AB78-C36347C59D0B,MD,439BF06E-FC3A-45BE-BDDC-B721B1861B06,VehicleNotAtScene,PassengerCar,Backing,Not On Roadway,2.5,No,No,2020,TOYOTA,39.01038826,-77.04182829,Camry_Toyota,13,2025,10,5,13,Sunday,2025-10-05,40
2416,MCP137801DV,250045424,Montgomery_County_Police,Injury Crash,2025-10-09 15:01:00,County_Route,GEORGIA AVE,RIVER RD,Single Vehicle,Driver Inattention,Clear,Wet,Daylight,No Control,None Detected,57D9DA3E-7DEC-421A-8370-D43299740DE8,MD,505E3F8E-3A36-4ACA-9FDE-F71776EB65C2,VehicleNotAtScene,PassengerCar,MakingRightTurn,Not On Roadway,2.5,No,No,1999,HONDA,39.0595053,-77.06867229,Civic_Honda,15,2025,10,9,15,Thursday,2025-10-09,41
2417,DM84790025,250044842,Takoma_Park_Police_Department,Property Damage Crash,2025-10-05 23:52:00,Maryland_State_Route,HALLET ST,GREAT SENECA HWY,Single Vehicle,Driver Inattention,Clear,Dry,Dark - Lighted,No Control,None Detected,B4F7C037-AB07-464E-A8E2-AA18BCE9B4EA,MD,9970D2E3-4C9D-4426-9ACD-6307B2AA2621,Twelve O Clock,PassengerCar,Accelerating,Not On Roadway,2.5,No,No,2002,TOYOTA,38.98360907,-76.98719812,Camry_Toyota,23,2025,10,5,23,Sunday,2025-10-05,40
2418,MCP1433006G,250045662,Montgomery_County_Police,Property Damage Crash,2025-10-10 19:30:00,County_Route,RANDOLPH RD,GLENMONT CIR #1,Rear-End (Same Direction),Backing Error,Clear,Dry,Dark - Lighted,Traffic Signal,None Detected,53F39617-DE42-424F-9FB1-5BE564394F05,MD,94C03EEB-98F9-4D80-9327-DBE4259F1B50,Six O Clock,PassengerCar,Backing,Unknown,2.5,No,No,2022,CADILLAC,39.05515136,-77.11879614,CTS_Cadillac,19,2025,10,10,19,Friday,2025-10-10,41
2419,MCP34450015,250045560,Montgomery_County_Police,Property Damage Crash,2025-10-10 11:30:00,Maryland_State_Route,BOSTON AVE,DENFELD AVE,Angle Collision,Passing / Turning,Clear,Dry,Daylight,Traffic Signal,None Detected,E77478E4-C89B-4397-962A-276C154193D3,MD,DD8D0E7A-973A-40B6-BA0B-5B3871228DDB,Eleven O Clock,PassengerCar,MakingRightTurn,Not On Roadway,2.5,No,No,2024,MERCEDES-BENZ,38.98130856,-77.0944261,GLE_Mercedes-Benz,11,2025,10,10,11,Friday,2025-10-10,41
2420,MCP34290016,250045348,Montgomery_County_Police,Property Damage Crash,2025-10-09 07:18:00,Maryland_State_Route,RIDGE RD,11TH AVE,Sideswipe (Opposite Direction),Driver Inattention,Clear,Dry,Daylight,Traffic Signal,None Detected,3CAA2C65-E4F1-43EE-A039-E43C9DAA9072,MD,B945EF93-DF3F-4CFF-B4FA-610DF76638E3,Nine O Clock,PassengerCar,Accelerating,Not On Roadway,2.5,No,No,2013,HONDA,39.10735441,-77.06197547,CR-V_Honda,7,2025,10,9,7,Thursday,2025-10-09,41
2422,DD556700B8,250046560,Rockville_Police_Department,Property Damage Crash,2025-10-16 16:01:00,Ramp_Route,RAMP 4 FR IS 270 NB TO MD 28 EB,WEST OLD BALTIMORE RD,Rear-End (Same Direction),Tailgating,Clear,Dry,Daylight,No Control,None Detected,356FF0DF-4DC3-418A-BAFC-D842501600BB,MD,D907D31A-1BD4-45CF-A219-58EF477CC300,Six O Clock,StationWagon,StoppedInTrafficLane,Northbound,55.0,No,No,2023,SUBARU,39.08337826,-77.17207682,Crosstrek_Subaru,16,2025,10,16,16,Thursday,2025-10-16,42
2423,MCP31650067,250047234,Montgomery_County_Police,Property Damage Crash,2025-10-21 08:15:00,US_State_Route,COLESVILLE RD (SB/L),MUDDY BRANCH RD,Rear-End (Same Direction),Tailgating,Clear,Dry,Daylight,No Control,None Detected,4E9E9612-D4DE-40A6-A717-A2B3CB82A7E8,DC,84AC7BB3-7AF6-480E-8E9E-9A0812B1CEB4,Twelve O Clock,PassengerCar,SlowingOrStopping,Southbound,40.0,No,No,2019,TOYOTA,39.0196255,-77.013585,RAV4_Toyota,8,2025,10,21,8,Tuesday,2025-10-21,43
2424,EJ7906002Y,250045473,Gaithersburg_Police_Department,Injury Crash,2025-10-09 19:13:00,County_Route,MUDDY BRANCH RD (SB/L),W DIAMOND AVE,Other,Traffic Control Violation,Clear,Dry,Dark - Lighted,Traffic Signal,None Detected,E166670A-6692-4868-9535-258567FD2198,MD,490103AE-1429-4BCB-84A9-17C5079AB239,Twelve O Clock,PassengerCar,MovingConstantSpeed,North,35.0,No,No,2004,CHEVROLET,39.14009355,-77.20501953,Silverado_Chevrolet,19,2025,10,9,19,Thursday,2025-10-09,41
2425,DD5657002T,250046390,Rockville_Police_Department,Property Damage Crash,2025-10-15 16:45:00,Maryland_State_Route,HAWKINS CREAMERY RD,WILSON LA,Rear-End (Same Direction),Tailgating,Clear,Dry,Daylight,No Control,None Detected,9FAC209B-4AB7-4B7D-B452-CEF65DB3780B,MD,8F5BA6F7-2B58-4976-A098-2126FC7E4D1C,Twelve O Clock,PassengerCar,MovingConstantSpeed,Westbound,30.0,No,No,2016,HONDA,39.08318397,-77.15299002,Civic_Honda,16,2025,10,15,16,Wednesday,2025-10-15,42
2426,MCP9399002X,240046438,Montgomery_County_Police,Property Damage Crash,2025-10-15 20:20:00,Municipality_Route,ALDERWOOD DR,DARNESTOWN RD DUFIEF DR,Angle Collision,Road Obstruction,Clear,Dry,Dark - Not Lighted,No Control,None Detected,0E9DDBAE-8FE8-4649-9F85-4D46978FA04F,MD,7497A5F9-6988-4CA3-BA85-A527FBF90EEF,Eleven O Clock,PassengerCar,MovingConstantSpeed,South,40.0,No,No,2014,HONDA,39.10639578,-77.23350109,Accord_Honda,20,2025,10,15,20,Wednesday,2025-10-15,42
2427,MCP3376002P,250046253,Montgomery_County_Police,Property Damage Crash,2025-10-14 19:36:00,County_Route,PRICE AVE,GEORGIA AVE,Sideswipe (Same Direction),Right-of-Way Violation,Clear,Dry,Dark - Lighted,No Control,None Detected,428D32BF-47DC-4013-A853-85DF9EC39B92,MD,C8C3BB12-B508-43FA-B3D2-1D87ABE091A3,Eleven O Clock,PassengerCar,MakingRightTurn,Eastbound,30.0,No,No,2020,HONDA,39.04012355,-77.05123558,Civic_Honda,19,2025,10,14,19,Tuesday,2025-10-14,42
2428,MCP34420015,250046651,Montgomery_County_Police,Injury Crash,2025-10-17 07:50:00,County_Route,MONTROSE RD (WB/L),TILDENWOOD DR,Angle Collision,Right-of-Way Violation,Clear,Dry,Daylight,Traffic Signal,None Detected,F395807B-C048-4887-B781-D345D3E8F07A,MD,FEFC13E5-48BB-4ADB-B80A-13687F1EDFE6,Four O Clock,PassengerCar,MakingLeftTurn,Westbound,40.0,No,No,2025,BMW,39.054023,-77.138004,X5_BMW,7,2025,10,17,7,Friday,2025-10-17,42
2429,DD5538005X,250046646,Rockville_Police_Department,Property Damage Crash,2025-10-17 06:24:00,Municipality_Route,TAFT ST,E GUDE DR,Angle Collision,Driver Inattention,Clear,Dry,Dark - Lighted,Traffic Signal,None Detected,BFF30803-988B-4E50-BA8C-72B4ED54B2B7,MD,EE9D0072-8C66-4E0C-9BEC-71D64055EE03,Eleven O Clock,SportUtilityVehicle,StoppedInTrafficLane,Northbound,25.0,No,No,2017,SUBARU,39.09411162,-77.13271403,Crosstrek_Subaru,6,2025,10,17,6,Friday,2025-10-17,42
2430,MCP93180048,250044660,Montgomery_County_Police,Property Damage Crash,2025-10-04 16:41:00,US_State_Route,COLUMBIA PIKE,PRELUDE DR,Rear-End (Same Direction),Congestion / Backup,Clear,Dry,Daylight,Traffic Signal,None Detected,4D95AB35-847D-420E-B5E2-63BFF28FD664,MD,2EF9E60C-9681-486A-92BB-569B4AB37AFC,Six O Clock,PassengerCar,StoppedInTrafficLane,Northbound,40.0,No,No,2014,TOYOTA,39.03918212,-76.99782419,Camry_Toyota,16,2025,10,4,16,Saturday,2025-10-04,40
2431,MCP3031007G,250047400,Montgomery_County_Police,Property Damage Crash,2025-10-21 21:38:00,Maryland_State_Route,GEORGIA AVE (SB/L),QUINCE ORCHARD RD,Single Vehicle,Speed Related,Rain,Wet,Dark - Lighted,No Control,None Detected,74FB8AFD-8CDB-48D6-9859-17414B5BF58D,MD,FCA40887-18E3-4071-8511-9EF19375DA3C,Eleven O Clock,PassengerCar,SlowingOrStopping,Southbound,45.0,No,No,2024,DODGE,39.11237533,-77.07582217,Durango_Dodge,21,2025,10,21,21,Tuesday,2025-10-21,43
2432,MCP2782005N,250046418,Montgomery_County_Police,Property Damage Crash,2025-10-15 18:03:00,Maryland_State_Route,OLNEY LAYTONSVILLE RD,WASHINGTON GROVE LA,Angle Collision,Right-of-Way Violation,Clear,Dry,Daylight,No Control,None Detected,19AAB877-C5A6-4C35-AF7B-967D1F0B797C,MD,7E672C43-1393-4E73-8DE9-B0FF486B0D8A,Two O Clock,PassengerCar,MakingLeftTurn,North,30.0,No,No,2016,TOYOTA,39.1543019,-77.06894821,Prius c_Toyota,18,2025,10,15,18,Wednesday,2025-10-15,42
2433,EJ7905003P,250047126,Gaithersburg_Police_Department,Property Damage Crash,2025-10-20 14:35:00,County_Route,WOODFIELD RD,RAMP 3 FR IS 495 EB TO MD 650 NB,Other,Backing Error,Clear,Wet,Daylight,Traffic Signal,None Detected,1C5C07C2-7B95-46DA-90B2-67CBBCF71F2B,MD,F3E29182-E338-4550-8519-B186C4206645,One O Clock,PassengerCar,Backing,Not On Roadway,2.5,No,No,2021,LEXUS,39.127613,-77.20804333,ES_Lexus,14,2025,10,20,14,Monday,2025-10-20,43
2434,MCP3360002H,250045154,Montgomery_County_Police,Property Damage Crash,2025-10-07 21:55:00,Municipality_Route,RIDGE RD,RAILROAD ST,Rear vs Side,Lane Violation,Rain,Wet,Dark - Lighted,No Control,None Detected,304B40E8-CDEC-408F-808F-05B194B20471,MD,6D1E9FA3-215F-4493-92DB-0FB23B3333F7,Eight O Clock,TransitBus,MakingLeftTurn,Westbound,20.0,No,No,2017,HONDA,39.13537033,-77.1749755,Civic_Honda,21,2025,10,7,21,Tuesday,2025-10-07,41
2435,MCP2772002H,250045899,Montgomery_County_Police,Injury Crash,2025-10-12 21:32:00,Maryland_State_Route,OLD GEORGETOWN RD,WACOMOR DR,Angle Collision,Weather Related,Rain,Wet,Dark - Lighted,Traffic Signal,None Detected,9298356E-9677-441F-A7EC-5ED68498F995,MD,0C2D9093-C612-45FA-BF6C-203489D66DD4,One O Clock,PassengerCar,MovingConstantSpeed,Northbound,35.0,No,No,2020,ACURA,39.02533618,-77.12554013,RDX_Acura,21,2025,10,12,21,Sunday,2025-10-12,41
2436,MCP3288003B,250047208,Montgomery_County_Police,Property Damage Crash,2025-10-20 22:57:00,Interstate_Route,HATHAWAY DR,BATTERY LA,Sideswipe (Opposite Direction),Driver Inattention,Clear,Ice,Dark - Lighted,Traffic Signal,None Detected,7B3C61CA-6914-4E0A-BA6F-58A2CF382B4C,MD,855437B9-F4E7-4B31-9E05-CBD05FF087A6,One O Clock,PassengerCar,MovingConstantSpeed,Not On Roadway,2.5,No,No,2015,TOYOTA,39.1692322,-77.2083592,Camry_Toyota,22,2025,10,20,22,Monday,2025-10-20,43
2437,MCP33200043,250046444,Montgomery_County_Police,Injury Crash,2025-10-15 20:40:00,Maryland_State_Route,GEORGIA AVE,OLD GEORGETOWN RD,Sideswipe (Same Direction),Congestion / Backup,Clear,Dry,Dark - Lighted,No Control,None Detected,B4BB058F-634E-4420-874D-79CD90ABCBC5,DE,DE93A9ED-B3B7-43AD-871B-F08821A80C84,Five O Clock,PassengerCar,ChangingLanes,West,30.0,No,No,2015,CHEVROLET,39.01203418,-77.04144704,Equinox_Chevrolet,20,2025,10,15,20,Wednesday,2025-10-15,42
2438,MCP29390089,250046750,Montgomery_County_Police,Injury Crash,2025-10-17 16:42:00,Maryland_State_Route,FREDERICK RD,SHADY GROVE RD,Rear-End (Same Direction),Tailgating,Clear,Dry,Daylight,No Control,None Detected,B15096A4-162B-4812-A0E5-78D1AA79C4E2,MD,875A5A25-F067-4379-90EE-5A4DE1A1EBA8,Twelve O Clock,PassengerCar,SlowingOrStopping,Northbound,40.0,No,No,1999,CHEVROLET,39.23261905,-77.27127277,Silverado_Chevrolet,16,2025,10,17,16,Friday,2025-10-17,42
2439,MCP3105005V,250046935,Montgomery_County_Police,Property Damage Crash,2025-10-19 01:29:00,County_Route,KINSTER DR (WB/L),PANORAMA DR,Sideswipe (Same Direction),Driver Inattention,Clear,Dry,Dark - Lighted,No Control,Suspect Alcohol Only,58CF86A1-86D1-49B4-9079-2F7350D2B1A9,MD,33794E56-53A2-4093-BD0E-6F6F74C218C3,One O Clock,PassengerCar,Backing,Westbound,30.0,No,No,2019,VOLKSWAGEN,39.19827553,-77.26978595,Jetta_Volkswagen,1,2025,10,19,1,Sunday,2025-10-19,42
2440,EJ786600GP,250046398,Gaithersburg_Police_Department,Property Damage Crash,2025-10-15 16:40:00,Spur_Route,COLUMBIA PIKE,16TH ST,Rear-End (Same Direction),Tailgating,Clear,Dry,Daylight,Yield Sign,None Detected,FB1FDFB7-A7F3-4028-A5A8-443834784D09,MD,9015DC72-187A-4436-9428-96277588C882,Twelve O Clock,PassengerCar,SlowingOrStopping,Northbound,45.0,No,No,2008,TOYOTA,39.13497985,-77.2055612,RAV4_Toyota,16,2025,10,15,16,Wednesday,2025-10-15,42
2441,MCP2752007D,250046562,Montgomery_County_Police,Property Damage Crash,2025-10-16 16:15:00,County_Route,BATTERY LA,KEYSTONE AVE,Angle Collision,Road Obstruction,Clear,Dry,Daylight,Stop Sign,None Detected,B940F2A9-84DB-4CA0-AB1F-3EB854A23365,MD,4CF77B19-F2FB-4AC2-B7B9-605E6F4F071D,Nine O Clock,PassengerCar,MovingConstantSpeed,East,25.0,No,No,2013,SUBARU,38.99193107,-77.10257142,Forester_Subaru,16,2025,10,16,16,Thursday,2025-10-16,42
2442,MCP3085006J,250046609,Montgomery_County_Police,Property Damage Crash,2025-10-16 20:30:00,County_Route,NO NAME,GRUBB RD,Rear-End (Same Direction),Tailgating,Clear,Dry,Dark - Lighted,No Control,None Detected,FFC6CB58-3C15-4489-B0FF-14A047DB7C55,MD,4431484D-4649-40B8-942C-389329ED3324,Twelve O Clock,TransitBus,SlowingOrStopping,Northbound,35.0,No,No,2009,NISSAN,38.99365203,-77.05173548,Versa_Nissan,20,2025,10,16,20,Thursday,2025-10-16,42
2443,MCP3456000Z,250045953,Montgomery_County_Police,Injury Crash,2025-10-13 10:50:00,Maryland_State_Route,QUINCE ORCHARD RD,SLIGO CREEK PKWY,Single Vehicle,Backing Error,Rain,Wet,Daylight,No Control,None Detected,3D01A166-3C6D-4BE4-A8F2-4076C4755609,MD,77FF9DA4-2B1B-4708-9B51-2643E178CCF0,NonCollision,PickupTruck,Backing,Not On Roadway,2.5,No,No,2010,TOYOTA,39.150761,-77.062383,Tundra_Toyota,10,2025,10,13,10,Monday,2025-10-13,42
2444,DD558300BM,250046843,Rockville_Police_Department,Property Damage Crash,2025-10-18 13:36:00,Municipality_Route,LYNCH CT,GLENDALE RD,Sideswipe (Opposite Direction),Lane Violation,Clear,Dry,Daylight,No Control,None Detected,7016CAA5-0377-4197-B28D-88D62E411839,MD,4B51AB7D-7E32-4585-95A0-B0D3B6F90CD7,Eleven O Clock,PassengerCar,Accelerating,Southbound,25.0,No,No,1996,MERCEDES-BENZ,39.09018379,-77.16518874,C-Class_Mercedes-Benz,13,2025,10,18,13,Saturday,2025-10-18,42
2445,MCP3426002R,250046211,Montgomery_County_Police,Property Damage Crash,2025-10-14 14:27:00,County_Route,OLD GEORGETOWN RD (SB/L),EAST WEST HWY (W/B COUPLET),Sideswipe (Same Direction),Lane Violation,Clear,Dry,Daylight,Traffic Signal,None Detected,4BB7FC41-3DCE-4E57-9CBE-2F2B95B86E22,MD,83CFB588-EFFD-4B79-BDAA-3185086EC1E1,Four O Clock,TransitBus,MovingConstantSpeed,Westbound,35.0,No,No,2011,CHEVROLET,39.04881557,-77.11827597,Silverado_Chevrolet,14,2025,10,14,14,Tuesday,2025-10-14,42
2446,MCP3253002T,250047117,Montgomery_County_Police,Property Damage Crash,2025-10-01 12:34:00,Maryland_State_Route,FREDERICK RD,SHADY GROVE RD (SB/L),Angle Collision,Right-of-Way Violation,Clear,Dry,Daylight,Traffic Signal,None Detected,6721E7FA-3070-42F4-AB1C-81A3336BFBBF,MD,97039A03-A800-4BB0-ABEF-3E8A5282C9F6,Eleven O Clock,PassengerCar,MakingLeftTurn,Westbound,40.0,No,No,2025,NISSAN,39.12273233,-77.17755969,Sentra_Nissan,12,2025,10,1,12,Wednesday,2025-10-01,40
2447,MCP3426002V,250047161,Montgomery_County_Police,Injury Crash,2025-10-20 17:05:00,Maryland_State_Route,FALLS RD,DANIEL RD,Rear-End (Same Direction),Congestion / Backup,Clear,Dry,Daylight,No Control,None Detected,D82C2FF0-006C-4E34-9674-A8D36E9BB508,MD,EA6D0988-8D5C-4E2B-9930-3423F4282967,Six O Clock,PassengerCar,SlowingOrStopping,Southbound,35.0,No,No,2018,HONDA,39.021216,-77.2078525,Fit_Honda,17,2025,10,20,17,Monday,2025-10-20,43
2448,MCP219800J2,250047022,Montgomery_County_Police,Injury Crash,2025-10-19 19:54:00,County_Route,SHADY GROVE RD,REEDIE DR,Rear-End (Same Direction),Tailgating,Rain,Wet,Dark - Lighted,Traffic Signal,None Detected,7A84A5D2-D89B-47AF-9698-B317FEDEAC33,MD,D2208C9B-4DBB-4254-9A4E-B12F6D41480C,Underside,PassengerCar,SlowingOrStopping,Northbound,40.0,No,No,2025,MAZDA,39.12945317,-77.16422067,CX-5_Mazda,19,2025,10,19,19,Sunday,2025-10-19,42
2450,EJ7906002Z,250045770,Gaithersburg_Police_Department,Injury Crash,2025-10-11 19:18:00,Municipality_Route,E RANDOLPH RD,WIGHTMAN RD,Sideswipe (Same Direction),Congestion / Backup,Clear,Dry,Dark - Not Lighted,No Control,None Detected,70768016-31E9-41DC-9639-6416CDC31A8C,PA,F7357FD4-1039-486E-AC96-7170F5B2C5D6,Ten O Clock,PassengerCar,MovingConstantSpeed,North,30.0,No,No,2021,HYUNDAI,39.1488615,-77.21062833,Santa Fe_Hyundai,19,2025,10,11,19,Saturday,2025-10-11,41
2451,MCP2376001J,250046432,Montgomery_County_Police,Property Damage Crash,2025-10-15 13:57:00,Maryland_State_Route,VEIRS MILL RD,GREENCASTLE RD,Sideswipe (Same Direction),Lane Violation,Clear,Dry,Daylight,No Control,None Detected,AEB8EAF6-BCC6-4075-9ADB-255BDE5E3DA2,MD,529E504B-0028-49F9-8891-A413FC7E353D,Two O Clock,PassengerCar,MovingConstantSpeed,Southbound,30.0,No,No,2006,LEXUS,39.05139774,-77.0746002,RX_Lexus,13,2025,10,15,13,Wednesday,2025-10-15,42
2452,MCP3289004G,250047111,Montgomery_County_Police,Property Damage Crash,2025-10-21 13:08:00,County_Route,FREDERICK RD,ENT TO METRO (WMATA),Back-to-Back,Backing Error,Clear,Dry,Daylight,No Control,None Detected,CF43D0B0-6A0F-4494-99C2-C3D7D5CD23D7,MD,17184133-0E3F-46A9-BD46-009380A43820,Six O Clock,PassengerCar,Backing,Not On Roadway,2.5,No,No,2012,CHEVROLET,39.02168767,-76.97548526,Equinox_Chevrolet,13,2025,10,21,13,Tuesday,2025-10-21,43
2453,MCP34120022,250046787,Montgomery_County_Police,Injury Crash,2025-10-17 21:30:00,County_Route,ATHERTON DR,TURKEY BRANCH PKWY,Rear-End (Same Direction),Congestion / Backup,Clear,Dry,Dark - Lighted,No Control,None Detected,8AB5E06A-26E8-4092-9D0E-FFCE4809746D,MD,124D1ED9-D47D-4CE4-8551-70BD85D7B77E,Six O Clock,PassengerCar,StoppedInTrafficLane,Eastbound,35.0,No,No,2015,LEXUS,39.05727161,-77.07671801,RX_Lexus,21,2025,10,17,21,Friday,2025-10-17,42
2454,EJ7905003M,250044335,Gaithersburg_Police_Department,Property Damage Crash,2025-10-02 15:03:00,Maryland_State_Route,QUINCE ORCHARD RD (SB/L),SHADY GROVE RD,Other,Right-of-Way Violation,Clear,Dry,Daylight,No Control,None Detected,54369FED-2058-4D98-A2A1-22B7CE38FFC7,MD,63AAF9DD-867D-46A2-8D48-2954F065F2AC,NonCollision,PassengerCar,EnteringTrafficLane,Northbound,35.0,No,No,2021,TOYOTA,39.14075305,-77.22157877,Camry_Toyota,15,2025,10,2,15,Thursday,2025-10-02,40
2455,MCP2844008M,250046507,Montgomery_County_Police,Property Damage Crash,2025-10-16 12:12:00,Maryland_State_Route,CONNECTICUT AVE (SB/L),SEVEN LOCKS RD,Rear-End (Same Direction),Tailgating,Clear,Dry,Daylight,Lane Use Control,None Detected,3C704CA1-DECE-4CCC-BB9C-1F766CF4D573,MD,C105B55D-07DB-424B-B368-8711974A4876,Eleven O Clock,PassengerCar,SlowingOrStopping,Northbound,35.0,No,No,2012,SUBARU,39.05193533,-77.07466733,Outback_Subaru,12,2025,10,16,12,Thursday,2025-10-16,42
2456,MCP2160003R,250046558,Montgomery_County_Police,Property Damage Crash,2025-10-16 15:10:00,Maryland_State_Route,FREDERICK RD,GUNNERS BRANCH RD,Sideswipe (Same Direction),Passing / Turning,Clear,Dry,Daylight,Traffic Signal,None Detected,32636F1B-3FA8-4999-82BA-D6A2269E99B5,MD,3737C52D-E803-4474-8A3A-7AACD5FC0C03,Eight O Clock,SportUtilityVehicle,MakingRightTurn,Northbound,20.0,No,No,2022,ACURA,39.17842418,-77.23839192,RDX_Acura,15,2025,10,16,15,Thursday,2025-10-16,42