Unnamed: 0,Report Number,Local Case Number,Agency Name,ACRS Report Type,Crash Date/Time,Route Type,Road Name,Cross-Street Name,Collision Type,Circumstance_Category,Weather,Surface Condition,Light,Traffic Control,Driver Substance Abuse,Person ID,Drivers License State,Vehicle ID,Vehicle First Impact Location,Vehicle Body Type,Vehicle Movement,Vehicle Going Dir,Speed Limit,Driverless Vehicle,Parked Vehicle,Vehicle Year,Vehicle Make,Latitude,Longitude,Vehicle Model,hour,Crash_year,Crash_month,Crash_day,Crash_hour,Crash_day_name,Crash_date,Crash_week
2457,MCP3237001P,250046788,Montgomery_County_Police,Property Damage Crash,2025-10-17 22:22:00,Maryland_State_Route,W MONTGOMERY AVE (WB/L),SHADY GROVE RD,Sideswipe (Same Direction),Lane Violation,Clear,Dry,Dark - Lighted,Traffic Signal,None Detected,8BC4D70C-CC1D-4A96-94ED-DF5597AA52E5,MD,469C61C3-126F-480E-9D5F-0614FFE98396,Ten O Clock,SportUtilityVehicle,MovingConstantSpeed,Westbound,45.0,No,No,2018,GMC,39.10346463,-77.19051451,Yukon_GMC,22,2025,10,17,22,Friday,2025-10-17,42
2458,MCP34420014,250046354,Montgomery_County_Police,Property Damage Crash,2025-10-15 13:25:00,Maryland_State_Route,COLUMBIA PIKE (SB/L),VALLEY PARK DR,Back-to-Back,Driver Inattention,Clear,Dry,Daylight,Stop Sign,None Detected,F0E46E90-C1A1-4FBD-9ADD-7C186ABC80E1,MD,324DEAA3-211E-4951-9A01-1EC6D151EF15,Seven O Clock,PassengerCar,Parked,Northbound,2.5,No,Yes,2021,TESLA,39.02568574,-77.12429541,Model Y_Tesla,13,2025,10,15,13,Wednesday,2025-10-15,42
2459,DD5653005L,250046680,Rockville_Police_Department,Injury Crash,2025-10-17 12:01:00,Maryland_State_Route,ROCKVILLE PIKE,ELMIRA LA,Single Vehicle,Right-of-Way Violation,Clear,Dry,Daylight,Stop Sign,None Detected,B7826D35-CDD5-498A-AABC-FFF9E02DA791,MD,703045B8-138F-4550-9732-059E38F0300C,Eleven O Clock,PassengerCar,MakingRightTurn,Westbound,25.0,No,No,2021,JEEP,39.0718896,-77.13280976,Cherokee_Jeep,12,2025,10,17,12,Friday,2025-10-17,42
2461,MCP3192006J,250046776,Montgomery_County_Police,Property Damage Crash,2025-10-17 19:30:00,County_Route,SHERATON ST,W GUDE DR,Sideswipe (Same Direction),Driver Inattention,Clear,Dry,Dark - Not Lighted,No Control,None Detected,8836E161-D73F-4D33-94E9-01FE8C855717,MD,067AB3A5-286D-4A58-A93C-A29625D5F5F6,Twelve O Clock,PassengerCar,MovingConstantSpeed,Northbound,25.0,No,No,2013,HYUNDAI,39.05869137,-77.05272808,Sonata_Hyundai,19,2025,10,17,19,Friday,2025-10-17,42
2462,MCP3091005R,250046454,Montgomery_County_Police,Property Damage Crash,2025-10-15 23:05:00,Maryland_State_Route,NORBECK RD,BAUER DR,Rear-End (Same Direction),Tailgating,Clear,Dry,Dark - Lighted,Traffic Signal,None Detected,B3B73C8E-7DAB-4942-B274-A0CA7C62EDC9,MD,8B726BB8-1F88-4A3C-B08D-269DC7CFEECF,Six O Clock,PassengerCar,Accelerating,Eastbound,45.0,No,No,2020,TOYOTA,39.09615709,-77.109842,Camry_Toyota,23,2025,10,15,23,Wednesday,2025-10-15,42
2463,MCP22510032,250046781,Montgomery_County_Police,Property Damage Crash,2025-10-17 19:46:00,County_Route,GLEN MILL RD,SUNSET DR,Head-On,Road Obstruction,Clear,Dry,Dark - Not Lighted,No Control,None Detected,F2770812-73EF-486D-A48E-3019125A0277,MD,90CB2B71-DC1E-4B75-BC78-D06671DEDD1D,Twelve O Clock,PassengerCar,MovingConstantSpeed,North,30.0,No,No,2024,KIA,39.07304283,-77.20728433,Soul_Kia,19,2025,10,17,19,Friday,2025-10-17,42
2464,MCP3339005L,250046239,Montgomery_County_Police,Property Damage Crash,2025-10-14 18:38:00,County_Route,ASPEN HILL RD,WISTERIA DR,Rear-End (Same Direction),Tailgating,Clear,Dry,Dusk,No Control,None Detected,8A7D21D8-4DD3-4D72-91F3-77A1A859AF4A,MD,5DBBB0BF-ABE1-445E-AD5D-619628DA7E2B,Six O Clock,SportUtilityVehicle,StoppedInTrafficLane,Westbound,35.0,No,No,2019,CHEVROLET,39.08027217,-77.07837317,Equinox_Chevrolet,18,2025,10,14,18,Tuesday,2025-10-14,42
2466,MCP34530013,250046286,Montgomery_County_Police,Property Damage Crash,2025-10-16 06:13:00,US_State_Route,GEORGIA AVE (SB/L),GEORGIA AVE,Sideswipe (Same Direction),Lane Violation,Clear,Wet,Dark - Lighted,Traffic Signal,None Detected,C014E424-DE2D-401B-A2E9-4ACFB9FCBBA5,DE,BAD969E0-266F-4239-8287-A96E1FD725A9,VehicleNotAtScene,OtherTruck,MakingRightTurn,South,35.0,No,No,2017,VOLVO,38.9960572,-77.02805058,S60_Volvo,6,2025,10,16,6,Thursday,2025-10-16,42
2467,MCP3208007D,250045913,Montgomery_County_Police,Property Damage Crash,2025-10-13 02:09:00,Interstate_Route,CAPITAL BELTWAY (WB/L),GERMANTOWN RD,Single Vehicle,Speed Related,Clear,Wet,Dark - Lighted,No Control,None Detected,13A204C7-8786-4F26-9A0D-AF505E2FE433,GA,30AE5D25-D579-4834-B417-F704B082821A,One O Clock,SportUtilityVehicle,NegotiatingCurve,Westbound,55.0,No,No,2024,TOYOTA,39.00648517,-77.06996683,Camry_Toyota,2,2025,10,13,2,Monday,2025-10-13,42
2468,MCP137801F1,250047173,Montgomery_County_Police,Property Damage Crash,2025-10-20 16:19:00,Maryland_State_Route,GEORGIA AVE (SB/L),PEARL ST,Rear-End (Same Direction),Tailgating,Clear,Dry,Daylight,No Control,None Detected,48598752-D9CE-42E7-A4E3-908F4A751966,MD,2099A8E8-C684-43B4-91DD-0EBED2357F32,VehicleNotAtScene,Van - Passenger (&lt;9 Seats),MovingConstantSpeed,Southbound,25.0,No,No,2024,CHEVROLET,39.04185089,-77.05191579,Silverado_Chevrolet,16,2025,10,20,16,Monday,2025-10-20,43
2469,MCP34040029,250046850,Montgomery_County_Police,Property Damage Crash,2025-10-18 13:39:00,Maryland_State_Route,UNIVERSITY BLVD W,HATHAWAY DR,Rear vs Side,Lane Violation,Clear,Dry,Daylight,No Control,None Detected,234F880B-98C0-4680-A655-02EBF1EE9957,MD,64B5F456-8C95-493A-984C-EE93CFDA4AC2,One O Clock,PassengerCar,MovingConstantSpeed,Westbound,35.0,No,No,2013,MERCEDES-BENZ,39.02026366,-77.01392772,C-Class_Mercedes-Benz,13,2025,10,18,13,Saturday,2025-10-18,42
2470,MCP272300B0,250047185,Montgomery_County_Police,Injury Crash,2025-10-20 19:35:00,County_Route,ROBINDALE DR,VEIRS MILL RD (WB/L),Angle Collision,Right-of-Way Violation,Clear,Dry,Dark - Lighted,Traffic Signal,None Detected,1CB29624-C1E3-4EA5-A0E0-62B99C5B7A4F,MD,BBA6DA8A-4495-4725-8B61-D5E3E6A8F3C8,Eleven O Clock,PassengerCar,MovingConstantSpeed,Westbound,45.0,No,No,2008,CHEVROLET,39.06313063,-77.09471162,Silverado_Chevrolet,19,2025,10,20,19,Monday,2025-10-20,43
2471,MCP34270014,250046529,Montgomery_County_Police,Injury Crash,2025-10-16 13:41:00,County_Route,SHADY GROVE RD,GAITHER RD,Angle Collision,Traffic Control Violation,Clear,Dry,Daylight,Traffic Signal,None Detected,C5477CA7-012F-4102-9D76-70FA3890614F,MD,829C6299-F661-45A3-A39C-E534760907AE,One O Clock,PassengerCar,MovingConstantSpeed,West,40.0,No,No,2014,HONDA,39.11745064,-77.18349395,Civic_Honda,13,2025,10,16,13,Thursday,2025-10-16,42
2472,EJ7905003M,250044335,Gaithersburg_Police_Department,Property Damage Crash,2025-10-02 15:03:00,Maryland_State_Route,QUINCE ORCHARD RD (SB/L),RAMP 3 FR SHADY GROVE RD WB TO MD200A NB,Other,Congestion / Backup,Clear,Dry,Daylight,No Control,None Detected,511376E9-B8F3-4BED-A0B3-983452D44BD8,MD,9716BE56-1CBA-4B55-B30C-24186578D358,Nine O Clock,PassengerCar,SlowingOrStopping,Northbound,35.0,No,No,2012,BUICK,39.14075305,-77.22157877,Encore_Buick,15,2025,10,2,15,Thursday,2025-10-02,40
2473,MCP2717010V,250047134,Montgomery_County_Police,Property Damage Crash,2025-10-20 15:25:00,County_Route,GEORGIA AVE,CHERRY HILL RD,Rear-End (Same Direction),Backing Error,Clear,Wet,Daylight,Traffic Signal,None Detected,05ABADC4-9705-47E7-84BC-CBBEA383C293,MD,7A89641A-49AD-474C-A522-166AA87DE010,Six O Clock,PassengerCar,Backing,Unknown,2.5,No,No,2015,TOYOTA,39.0388483,-77.05417557,Avalon_Toyota,15,2025,10,20,15,Monday,2025-10-20,43
2474,MCP2162005M,250046554,Montgomery_County_Police,Injury Crash,2025-10-16 15:44:00,County_Route,MACARTHUR BLVD,82ND PL,Head-On,Lane Violation,Clear,Dry,Daylight,No Control,None Detected,3ABB9E75-CA36-4AA7-B307-84DFB6E4659A,MD,33060CD9-9A52-484F-8591-553D350DE342,Twelve O Clock,PassengerCar,MovingConstantSpeed,Westbound,35.0,No,No,2022,VOLKSWAGEN,38.97430471,-77.16830873,ID.4_Volkswagen,15,2025,10,16,15,Thursday,2025-10-16,42
2475,MCP3426002S,250046218,Montgomery_County_Police,Property Damage Crash,2025-10-14 16:13:00,County_Route,WESTBARD AVE,RAMP 5 FR MD 97 SB TO RP 4 (TO MD200 EB),Angle Collision,Right-of-Way Violation,Clear,Dry,Daylight,Traffic Signal,None Detected,71523F22-9C9D-45A9-B42A-7D719EC84A22,MD,FB6B8F8E-EDC6-4A45-8E27-F3ED8D5603B9,Seven O Clock,PassengerCar,MakingLeftTurn,Westbound,25.0,No,No,2004,VOLVO,38.963614,-77.10656582,S60_Volvo,16,2025,10,14,16,Tuesday,2025-10-14,42
2476,MCP33560038,250046749,Montgomery_County_Police,Property Damage Crash,2025-10-17 17:01:00,County_Route,AIRCRAFT DR,GERMANTOWN RD (SB/L),Angle Collision,Road Obstruction,Clear,Dry,Daylight,Traffic Signal,None Detected,9F3A2D1C-5ABA-451F-9FA2-28FACCF3CD44,MD,BCC14ADB-A27F-497E-A24F-F6BB3FB75B8B,Twelve O Clock,PassengerCar,Accelerating,South,25.0,No,No,2007,HONDA,39.18209445,-77.26024815,CR-V_Honda,17,2025,10,17,17,Friday,2025-10-17,42
2477,MCP3197004X,250046738,Montgomery_County_Police,Property Damage Crash,2025-10-06 16:28:00,County_Route,HERITAGE HILLS DR,HERMITAGE AVE,Single Vehicle,Lane Violation,Clear,Dry,Daylight,No Control,None Detected,BD690886-7075-43D9-A9D8-3AEEEDFF56BA,MD,C157C337-A51D-48BB-BC07-C11B330BA419,Two O Clock,PassengerCar,MovingConstantSpeed,Northbound,30.0,No,No,2008,AUDI,39.15685212,-77.07066792,A4_Audi,16,2025,10,6,16,Monday,2025-10-06,41
2478,MCP233900C0,250046757,Montgomery_County_Police,Property Damage Crash,2025-10-17 17:25:00,County_Route,PARKLAWN DR,BUCK LA,Rear-End (Same Direction),Tailgating,Clear,Dry,Daylight,Traffic Signal,None Detected,23F9D9BF-99F1-4919-BBE2-66BA3AA8B5A9,MD,ED24EBA7-81D9-44E7-84E4-CB8510A7C0C6,VehicleNotAtScene,PassengerCar,SlowingOrStopping,Southbound,35.0,No,No,2010,FORD,39.05370096,-77.1067905,F-150_Ford,17,2025,10,17,17,Friday,2025-10-17,42
2479,MCP32320073,250045772,Montgomery_County_Police,Property Damage Crash,2025-10-11 19:17:00,Maryland_State_Route,NEW HAMPSHIRE AVE,SCENERY DR,Sideswipe (Opposite Direction),Lane Violation,Clear,Wet,Dark - Not Lighted,No Control,None Detected,8A75D877-A04D-489C-980A-3EBE2C9B62AC,MD,87C0807D-EDFD-4988-B943-BD946F6F9B21,Ten O Clock,PassengerCar,NegotiatingCurve,Southbound,35.0,No,No,2019,TOYOTA,39.18896467,-77.02457667,Camry_Toyota,19,2025,10,11,19,Saturday,2025-10-11,41
2480,MCP291700F9,250046004,Montgomery_County_Police,Injury Crash,2025-10-13 15:04:00,County_Route,CONNECTICUT AVE,BEL PRE RD BEL PRE RD (EB/L),Sideswipe (Opposite Direction),Lane Violation,Clear,Dry,Daylight,Traffic Signal,None Detected,74AA81D7-FAD6-4927-818B-71E5397316A3,MD,CC87BF1D-9B82-421B-967F-4A7696DBAA06,Eight O Clock,PassengerCar,MovingConstantSpeed,Westbound,35.0,No,No,2012,HONDA,39.09194463,-77.07032369,Accord_Honda,15,2025,10,13,15,Monday,2025-10-13,42
2481,MCP3290004K,250046103,Montgomery_County_Police,Injury Crash,2025-10-14 07:22:00,Interstate_Route,CAPITAL BELTWAY,COLESVILLE RD,Sideswipe (Same Direction),Weather Related,Rain,Wet,Daylight,No Control,None Detected,2D5B28FE-C809-4270-B028-43BA26C84DF9,PA,43218F0B-236E-400E-A5C4-8BA6D6793294,Six O Clock,OtherTruck,MovingConstantSpeed,Eastbound,55.0,No,No,2013,BMW,39.01667167,-77.02336967,M2_BMW,7,2025,10,14,7,Tuesday,2025-10-14,42
2482,EJ786600GQ,250046413,Gaithersburg_Police_Department,Property Damage Crash,2025-10-15 17:59:00,County_Route,SAM EIG HWY,RAMP 6 FR RP 3 (FR MD200 EB) TO MD650 SB,Sideswipe (Opposite Direction),Lane Violation,Clear,Dry,Daylight,No Control,Suspect Alcohol Only,FC9A9F4B-B4CC-4082-8512-B23591DC2408,MD,1305E632-FCE6-47A8-9120-EA4D5A5E1279,Eleven O Clock,PassengerCar,Accelerating,Northbound,45.0,No,No,2021,NISSAN,39.11464011,-77.20939848,Sentra_Nissan,17,2025,10,15,17,Wednesday,2025-10-15,42
2483,MCP285900K3,250047297,Montgomery_County_Police,Property Damage Crash,2025-10-21 12:20:00,County_Route,NEW HAMPSHIRE AVE,MILL RUN DR,Rear-End (Same Direction),Tailgating,Clear,Wet,Daylight,No Control,None Detected,6C3996C2-91B2-484A-9EDD-0CC7F3E0A580,VA,D7AFEEE3-868B-40F0-B1B2-C149B45662E9,Twelve O Clock,PassengerCar,StoppedInTrafficLane,Northbound,2.5,No,No,2008,TOYOTA,39.10409635,-77.19269876,RAV4_Toyota,12,2025,10,21,12,Tuesday,2025-10-21,43
2484,MCP287500BN,250046725,Montgomery_County_Police,Property Damage Crash,2025-10-17 15:25:00,Maryland_State_Route,RIDGE RD,OBSERVATION DR,Rear-End (Same Direction),Tailgating,Clear,Dry,Daylight,No Control,None Detected,BD15AE17-5EC9-4917-9227-F40E9F08C311,MD,F7D07A25-C880-4D3F-BDE7-46F9B49967F8,Twelve O Clock,PassengerCar,SlowingOrStopping,Northbound,30.0,No,No,2010,HONDA,39.30653667,-77.19766667,Insight_Honda,15,2025,10,17,15,Friday,2025-10-17,42
2485,DD5651006M,250046138,Rockville_Police_Department,Injury Crash,2025-10-14 10:00:00,Municipality_Route,W GUDE DR,W MONTGOMERY AVE (WB/L),Angle Collision,Right-of-Way Violation,Clear,Dry,Daylight,Traffic Signal,None Detected,83178650-CC33-40A6-8363-C006BC1DAF5C,WV,6EC29466-DAD6-4D3F-913C-730BA0A1AF5E,Twelve O Clock,PassengerCar,MakingLeftTurn,Southbound,35.0,No,No,2019,FORD,39.09962833,-77.18437167,F-150_Ford,10,2025,10,14,10,Tuesday,2025-10-14,42
2486,MCP3339005L,250046239,Montgomery_County_Police,Property Damage Crash,2025-10-14 18:38:00,County_Route,ASPEN HILL RD,BIRCHCREST LA,Rear-End (Same Direction),Driver Inattention,Clear,Dry,Dusk,No Control,None Detected,30FE2672-F736-4605-BE81-0D0B4D23077F,MD,C3C751E6-B92B-452C-B7CC-191AA40FEC6D,Twelve O Clock,PassengerCar,SlowingOrStopping,Westbound,25.0,No,No,2001,HONDA,39.08027217,-77.07837317,Accord_Honda,18,2025,10,14,18,Tuesday,2025-10-14,42
2487,MCP2335002P,250045167,Montgomery_County_Police,Injury Crash,2025-10-08 05:01:00,County_Route,STRINGTOWN RD,GATEWAY CENTER DR (NB/L),Head-On,Right-of-Way Violation,Clear,Wet,Dark - Lighted,Flashing Traffic Signal,None Detected,F7894D83-7673-4D34-AD39-54F5628FE456,VA,E2AD0E00-B0DA-4B57-AD98-74EB26678330,One O Clock,SportUtilityVehicle,Accelerating,Northbound,35.0,No,No,2013,AUDI,39.23469154,-77.28127039,Q7_Audi,5,2025,10,8,5,Wednesday,2025-10-08,41
2488,MCP30660033,250046795,Montgomery_County_Police,Property Damage Crash,2025-10-17 23:44:00,County_Route,BELHAVEN RD,ENT TO BUSINESS,Rear-End (Same Direction),Driver Inattention,Clear,Dry,Dark - Not Lighted,No Control,None Detected,D2EEB810-ADF8-4B43-A398-4A1F8F649C84,MD,E07C4093-A24D-4DBB-9F5A-16AD369BF775,Twelve O Clock,PickupTruck,MovingConstantSpeed,Southbound,20.0,No,No,2016,FORD,39.01993783,-77.12266283,F-150_Ford,23,2025,10,17,23,Friday,2025-10-17,42
2489,MCP22980194,250047270,Montgomery_County_Police,Property Damage Crash,2025-10-21 11:19:00,County_Route,MEDICAL CENTER WAY,SHADY GROVE RD (SB/L),Head-On,Right-of-Way Violation,Clear,Dry,Daylight,Traffic Signal,None Detected,5B606C3B-40C8-4B2F-8C86-3B32CA81FC2B,MD,CA7800ED-3720-47A2-994E-94CA54578EA4,One O Clock,SportUtilityVehicle,MakingLeftTurn,West,40.0,No,No,2025,HYUNDAI,39.09714383,-77.19491767,Elantra_Hyundai,11,2025,10,21,11,Tuesday,2025-10-21,43
2490,MCP3113007H,250045601,Montgomery_County_Police,Property Damage Crash,2025-10-10 14:20:00,County_Route,GEORGIA AVE,KINGSVIEW VILLAGE AVE,Sideswipe (Same Direction),Passing / Turning,Clear,Dry,Daylight,No Control,None Detected,21661303-A688-4EEB-BD06-1EC5212BBDA9,MD,3A54A013-7B35-41AC-8DC0-C14344E253CD,VehicleNotAtScene,PassengerCar,MovingConstantSpeed,Not On Roadway,2.5,No,No,2015,TOYOTA,39.08590747,-76.95479614,Camry_Toyota,14,2025,10,10,14,Friday,2025-10-10,41
2491,MCP2752007D,250046562,Montgomery_County_Police,Property Damage Crash,2025-10-16 16:15:00,County_Route,BATTERY LA,KEYSTONE AVE,Angle Collision,Road Obstruction,Clear,Dry,Daylight,No Control,None Detected,CB03315F-779D-4C25-87EE-80A2E6367CC2,MD,8BEC052B-8F32-4D2C-BCDC-24DF69904723,Twelve O Clock,PassengerCar,MovingConstantSpeed,West,25.0,No,No,2013,HONDA,38.99193107,-77.10257142,CR-V_Honda,16,2025,10,16,16,Thursday,2025-10-16,42
2493,DD558300BN,250046875,Rockville_Police_Department,Property Damage Crash,2025-10-18 16:18:00,Municipality_Route,N WASHINGTON ST,BEALL AVE #2,Rear vs Side,Right-of-Way Violation,Clear,Dry,Daylight,No Control,None Detected,E5470337-D125-4B17-A5EA-9DA5F89F88A9,MD,9149E6DB-7170-4594-A5BD-B6AE6D762BEE,Four O Clock,SportUtilityVehicle,MakingLeftTurn,Eastbound,25.0,No,No,2006,ACURA,39.08682639,-77.15298214,MDX_Acura,16,2025,10,18,16,Saturday,2025-10-18,42
2494,MCP2760007J,250046430,Montgomery_County_Police,Property Damage Crash,2025-10-15 19:20:00,County_Route,WATKINS MILL RD,TUCKERMAN LA,Sideswipe (Same Direction),Road Obstruction,Clear,Dry,Dark - Not Lighted,No Control,None Detected,AEDA3D8A-79D5-44A2-8647-01A937CA6285,MD,CCCEC032-CA7D-4738-AE60-02783781375A,Seven O Clock,SportUtilityVehicle,Parked,North,35.0,No,Yes,2021,JEEP,39.18565317,-77.21234583,Compass_Jeep,19,2025,10,15,19,Wednesday,2025-10-15,42
2495,MCP30090097,250047060,Montgomery_County_Police,Injury Crash,2025-10-20 06:20:00,County_Route,CIDER BARRELL DR,GERMANTOWN RD (SB/L) MILLENNIUM CT,Angle Collision,Right-of-Way Violation,Clear,Dry,Dark - Lighted,No Control,None Detected,E97FB647-DEEE-42B8-A41C-2F63482991A8,MD,DFA71556-7B03-4231-B122-A35548F0E061,Eight O Clock,PassengerCar,MovingConstantSpeed,Westbound,40.0,No,No,2004,TOYOTA,39.19158967,-77.24525317,Corolla_Toyota,6,2025,10,20,6,Monday,2025-10-20,43
2496,MCP233900C0,250046757,Montgomery_County_Police,Property Damage Crash,2025-10-17 17:25:00,County_Route,PARKLAWN DR,MIDLAND RD,Rear-End (Same Direction),Congestion / Backup,Clear,Dry,Daylight,Traffic Signal,None Detected,EDDF6183-0882-45A0-998E-2846E10AC392,MD,9212ECC0-C71C-4B3C-9F0E-2DAF19E706E2,Six O Clock,PassengerCar,StoppedInTrafficLane,Southbound,35.0,No,No,2006,TOYOTA,39.05370096,-77.1067905,Sienna_Toyota,17,2025,10,17,17,Friday,2025-10-17,42
2497,DD562000CR,250046346,Rockville_Police_Department,Property Damage Crash,2025-10-15 11:18:00,Maryland_State_Route,VEIRS MILL RD (WB/L),LOCKWOOD DR,Rear-End (Same Direction),Tailgating,Clear,Dry,Daylight,Traffic Signal,None Detected,E9225DDA-FD60-45A7-8F7F-D045969F6E70,MD,158C4DC5-26C3-41FE-9DBD-B44E14FE0A02,Twelve O Clock,PassengerCar,SlowingOrStopping,Northbound,35.0,No,No,2006,HONDA,39.07981432,-77.13773859,Civic_Honda,11,2025,10,15,11,Wednesday,2025-10-15,42
2498,MCP32320075,250046760,Montgomery_County_Police,Property Damage Crash,2025-10-17 17:19:00,Private_Route,EDNOR RD,HATHAWAY DR,Other,Weather Related,Clear,Dry,Daylight,No Control,None Detected,D1A6A08D-E4BC-41A6-9602-23B1EEB6CE8E,MD,57559D7F-2D96-4053-9D9C-54E6D571E3B5,Twelve O Clock,PassengerCar,Parked,West,15.0,No,Yes,2012,NISSAN,39.1531525,-77.06425903,Rogue_Nissan,17,2025,10,17,17,Friday,2025-10-17,42
2499,DD5657002T,250046390,Rockville_Police_Department,Property Damage Crash,2025-10-15 16:45:00,Maryland_State_Route,MUNCASTER MILL RD,ATLANTIC AVE,Rear-End (Same Direction),Tailgating,Clear,Dry,Daylight,No Control,None Detected,F2F4B18D-D6EF-485E-8327-C1652568847D,MD,7C243F6A-C956-49F7-A53C-D8E41CA35F06,Six O Clock,PassengerCar,StoppedInTrafficLane,Westbound,30.0,No,No,2002,BMW,39.08318397,-77.15299002,5 Series_BMW,16,2025,10,15,16,Wednesday,2025-10-15,42
2500,DD556700B8,250046560,Rockville_Police_Department,Property Damage Crash,2025-10-16 16:01:00,Ramp_Route,RAMP 4 FR IS 270 NB TO MD 28 EB,MANOR RD,Rear-End (Same Direction),Tailgating,Clear,Dry,Daylight,No Control,None Detected,47B7DC4C-6FF5-4006-9C9B-E5337C298A8C,MD,E999017F-D788-410A-9172-AE41A0F9B95D,Twelve O Clock,Van - Passenger (&lt;9 Seats),MovingConstantSpeed,Northbound,55.0,No,No,2021,CHEVROLET,39.08337826,-77.17207682,Express_Chevrolet,16,2025,10,16,16,Thursday,2025-10-16,42
2501,MCP285900K1,250047245,Montgomery_County_Police,Property Damage Crash,2025-10-21 09:00:00,Private_Route,GEORGIA AVE,TWINBROOK PKWY,Single Vehicle,Lane Violation,Clear,Dry,Daylight,No Control,None Detected,79A94560-BDD6-475A-A870-84FE1AABF565,VA,69D3A59D-2606-4F5D-942C-1DCAD806EFC0,NonCollision,PassengerCar,MovingConstantSpeed,Northbound,25.0,No,No,2018,MERCEDES-BENZ,39.10729952,-77.19155409,CLA_Mercedes-Benz,9,2025,10,21,9,Tuesday,2025-10-21,43
2502,MCP2704002H,250045158,Montgomery_County_Police,Property Damage Crash,2025-10-07 22:14:00,County_Route,FERRARA DR,LORAIN AVE,Sideswipe (Same Direction),Lane Violation,Clear,Dry,Dark - Lighted,No Control,None Detected,1D33A0E6-9A5A-4330-B915-962309EEA5B6,MD,965A7119-5594-4E24-B047-388726AC9414,One O Clock,PassengerCar,MovingConstantSpeed,Eastbound,25.0,No,No,2015,HYUNDAI,39.0523644,-77.08218915,Sonata_Hyundai,22,2025,10,7,22,Tuesday,2025-10-07,41
2503,MCP22390038,250046536,Montgomery_County_Police,Property Damage Crash,2025-10-16 13:39:00,Maryland_State_Route,BEL PRE RD,OAKVIEW DR,Rear-End (Same Direction),Driver Inattention,Clear,Dry,Daylight,Traffic Signal,None Detected,EDEECB64-D984-47C4-9D9E-366A7AEC2918,DC,BE057AE0-FB49-4D85-A44F-62149609C5DF,Six O Clock,PassengerCar,SlowingOrStopping,Northbound,35.0,No,No,2025,KIA,39.03492276,-77.19472508,Sorento_Kia,13,2025,10,16,13,Thursday,2025-10-16,42
2504,MCP3450001K,250047148,Montgomery_County_Police,Injury Crash,2025-10-20 16:14:00,County_Route,LOCKSLEY LA,RANDOLPH RD,Rear-End (Same Direction),Tailgating,Clear,Dry,Daylight,Traffic Signal,None Detected,33A9D660-F4A1-493A-AA52-46761CC21700,MD,3B74BE66-FE1B-4577-84A5-60CC53338593,Twelve O Clock,SportUtilityVehicle,MovingConstantSpeed,Eastbound,40.0,No,No,2016,TOYOTA,39.07147167,-77.01126767,RAV4_Toyota,16,2025,10,20,16,Monday,2025-10-20,43
2505,MCP2987009W,250047315,Montgomery_County_Police,Injury Crash,2025-10-21 14:42:00,Ramp_Route,RAMP 7 FR RP 2 (FR MD200 WB) TO US 29 SB,COLUMBIA PIKE (SB/L),Rear-End (Same Direction),Congestion / Backup,Clear,Dry,Daylight,Traffic Signal,None Detected,6E246682-0DCB-4F8C-8751-61DA49B95E45,MD,A50B4181-0208-48EC-AF22-702A4FCCFB77,Six O Clock,PassengerCar,StoppedInTrafficLane,Southbound,50.0,No,No,2013,AUDI,39.07406867,-76.955474,A6_Audi,14,2025,10,21,14,Tuesday,2025-10-21,43
2506,MCP3173003L,250045679,Montgomery_County_Police,Property Damage Crash,2025-10-11 00:30:00,Maryland_State_Route,GREAT SENECA HWY,MERRIMAC DR,Single Vehicle,Driver Inattention,Clear,Dry,Dark - Lighted,No Control,Suspect Alcohol Only,B1261461-8DA7-424E-89A0-50D70846AA92,MD,36326EDC-E9B0-4F64-AFC4-A350C2A0AB41,Twelve O Clock,PassengerCar,Passing,Westbound,55.0,No,No,1998,CHEVROLET,39.13361717,-77.24618583,Corvette_Chevrolet,0,2025,10,11,0,Saturday,2025-10-11,41
2507,EJ7905003M,250044335,Gaithersburg_Police_Department,Property Damage Crash,2025-10-02 15:03:00,Maryland_State_Route,QUINCE ORCHARD RD (SB/L),GLENBROOK PKWY,Other,Lane Violation,Clear,Dry,Daylight,No Control,None Detected,10F99635-017C-4BE1-BDB9-EE673B9DCC64,MD,0C56B173-13F3-4267-AC3E-7EBE94D94141,Three O Clock,PassengerCar,MovingConstantSpeed,Northbound,35.0,No,No,2017,HONDA,39.14075305,-77.22157877,CR-V_Honda,15,2025,10,2,15,Thursday,2025-10-02,40