Unnamed: 0,Report Number,Local Case Number,Agency Name,ACRS Report Type,Crash Date/Time,Route Type,Road Name,Cross-Street Name,Collision Type,Circumstance_Category,Weather,Surface Condition,Light,Traffic Control,Driver Substance Abuse,Person ID,Drivers License State,Vehicle ID,Vehicle First Impact Location,Vehicle Body Type,Vehicle Movement,Vehicle Going Dir,Speed Limit,Driverless Vehicle,Parked Vehicle,Vehicle Year,Vehicle Make,Latitude,Longitude,Vehicle Model,hour,Crash_year,Crash_month,Crash_day,Crash_hour,Crash_day_name,Crash_date,Crash_week
2508,MCP22980196,250047289,Montgomery_County_Police,Property Damage Crash,2025-10-21 10:57:00,County_Route,SHADY GROVE RD (SB/L),FIRST ST SPUR,Rear-End (Same Direction),Tailgating,Clear,Dry,Daylight,Traffic Signal,None Detected,0607A770-1128-414C-B45A-7716E327C157,MD,D3A1949A-9819-4389-BF7F-B54217056D55,Twelve O Clock,SportUtilityVehicle,Accelerating,Southbound,40.0,No,No,2020,ACURA,39.10804667,-77.189228,MDX_Acura,10,2025,10,21,10,Tuesday,2025-10-21,43
2509,MCP137801F1,250047173,Montgomery_County_Police,Property Damage Crash,2025-10-20 16:19:00,Maryland_State_Route,GEORGIA AVE (SB/L),EWING DR,Rear-End (Same Direction),Tailgating,Clear,Dry,Daylight,No Control,None Detected,0DD24659-7C34-48FD-912C-5458A3F3D3D8,MD,93E2C26D-EFFF-47EF-A59A-05FCFBCD64DD,Six O Clock,PickupTruck,MovingConstantSpeed,Southbound,25.0,No,No,2015,CHEVROLET,39.04185089,-77.05191579,Silverado_Chevrolet,16,2025,10,20,16,Monday,2025-10-20,43
2510,MCP9429001P,250045768,Montgomery_County_Police,Property Damage Crash,2025-10-11 18:15:00,Interstate_Route,UNIVERSITY BLVD E,HURLEY AVE,Sideswipe (Same Direction),Passing / Turning,Clear,Dry,Dark - Lighted,Traffic Signal,None Detected,C8E93218-9022-4E72-80AF-9FD3AA4A240D,MD,7330077F-2BE7-4447-B603-F4C3C9AE29BE,One O Clock,Van - Passenger (&lt;9 Seats),MovingConstantSpeed,Eastbound,2.5,No,No,1998,TOYOTA,38.99885869,-77.03079464,Camry_Toyota,18,2025,10,11,18,Saturday,2025-10-11,41
2511,DM84930054,250046907,Takoma_Park_Police_Department,Injury Crash,2025-10-18 19:54:00,Maryland_State_Route,NEW HAMPSHIRE AVE,GAINSBOROUGH RD,Rear-End (Same Direction),Tailgating,Clear,Dry,Dark - Lighted,Traffic Signal,None Detected,B85BC62E-763F-4F91-9FE8-B4E0FED453A9,MD,52BB3D6F-F665-41B8-A8A6-00D945EA11FB,Twelve O Clock,SportUtilityVehicle,SlowingOrStopping,Northbound,35.0,No,No,2022,AUDI,38.98141271,-76.98890429,Q3_Audi,19,2025,10,18,19,Saturday,2025-10-18,42
2512,MCP34090014,250046959,Montgomery_County_Police,Property Damage Crash,2025-10-19 11:05:00,County_Route,RIFFLE FORD RD,MILE MARKER 18.0,Sideswipe (Opposite Direction),Lane Violation,Clear,Dry,Daylight,Traffic Signal,None Detected,B26CC360-B942-40F8-9BC8-98BEC00B2825,MD,1C062FF0-9E5A-4389-91CC-E3B87E66C2B9,Eleven O Clock,PassengerCar,MovingConstantSpeed,Southbound,35.0,No,No,2016,MERCEDES-BENZ,39.12092817,-77.267142,C-Class_Mercedes-Benz,11,2025,10,19,11,Sunday,2025-10-19,42
2513,MCP2760007J,250046430,Montgomery_County_Police,Property Damage Crash,2025-10-15 19:20:00,County_Route,WATKINS MILL RD,GARDEN GATE RD,Sideswipe (Same Direction),Lane Violation,Clear,Dry,Dark - Not Lighted,No Control,None Detected,F0537E58-BE5B-4D12-921E-26B1BA17B63A,MD,3007A9C2-34E7-4C22-A6E6-6D4DCFB72A0D,Twelve O Clock,PassengerCar,MovingConstantSpeed,Southbound,35.0,No,No,2000,TOYOTA,39.18565317,-77.21234583,Camry_Toyota,19,2025,10,15,19,Wednesday,2025-10-15,42
2514,MCP3426002V,250047161,Montgomery_County_Police,Injury Crash,2025-10-20 17:05:00,Maryland_State_Route,FALLS RD,FENTON ST,Rear-End (Same Direction),Tailgating,Clear,Dry,Daylight,No Control,None Detected,7B447B91-0450-447F-B162-D49D979A34EA,MD,E2522139-DF56-480A-91CA-FD108D4A3D03,Twelve O Clock,PassengerCar,MovingConstantSpeed,Southbound,35.0,No,No,2007,TOYOTA,39.021216,-77.2078525,4Runner_Toyota,17,2025,10,20,17,Monday,2025-10-20,43
2515,MCP31650067,250047234,Montgomery_County_Police,Property Damage Crash,2025-10-21 08:15:00,US_State_Route,COLESVILLE RD (SB/L),EXIT #30,Rear-End (Same Direction),Tailgating,Clear,Dry,Daylight,No Control,None Detected,0C3DA18A-FBF7-4CFD-85D5-CC2E4774AD11,MD,6366F532-AF12-4D72-97B7-2E9F4D0E6B16,Six O Clock,PickupTruck,SlowingOrStopping,Southbound,40.0,No,No,2021,CHEVROLET,39.0196255,-77.013585,Express_Chevrolet,8,2025,10,21,8,Tuesday,2025-10-21,43
2516,EJ786600GP,250046398,Gaithersburg_Police_Department,Property Damage Crash,2025-10-15 16:40:00,Spur_Route,YELLOWSTONE WAY,ATHERTON DR,Rear-End (Same Direction),Tailgating,Clear,Dry,Daylight,Yield Sign,None Detected,AA412D99-B580-45DD-B02A-8285AEADCAF5,MD,5D799582-7951-42D0-A312-757E268F1958,Twelve O Clock,SportUtilityVehicle,Backing,Northbound,45.0,No,No,2014,NISSAN,39.13497985,-77.2055612,Pathfinder_Nissan,16,2025,10,15,16,Wednesday,2025-10-15,42
2517,MCP32570096,250046567,Montgomery_County_Police,Injury Crash,2025-10-16 16:30:00,County_Route,RAYBURN RD,BRADLEY BLVD,Sideswipe (Opposite Direction),Right-of-Way Violation,Clear,Dry,Daylight,Stop Sign,None Detected,31F50063-658A-4862-9A6B-CA73EB807F40,MD,33A96155-AF10-4C1D-BFAD-D738F99E6F7D,Twelve O Clock,PassengerCar,Accelerating,Eastbound,20.0,No,No,2017,BMW,38.99319569,-77.12058999,3 Series_BMW,16,2025,10,16,16,Thursday,2025-10-16,42
2518,MCP3387003C,250044967,Montgomery_County_Police,Property Damage Crash,2025-10-06 16:50:00,Interstate_Route,CAPITAL BELTWAY,INDUSTRIAL PKWY,Single Vehicle,Lane Violation,Clear,Dry,Daylight,No Control,None Detected,08590ACE-1F01-4098-A730-A920E3DFFFBC,MD,00B457EB-C67E-4C94-B542-E8128222EC58,One O Clock,PassengerCar,MovingConstantSpeed,Northbound,55.0,No,No,2025,DODGE,39.00466674,-77.15403812,Durango_Dodge,16,2025,10,6,16,Monday,2025-10-06,41
2519,MCP3428000S,250046763,Montgomery_County_Police,Property Damage Crash,2025-10-17 17:42:00,County_Route,DINWIDDIE DR,SENECA RD,Angle Collision,Driver Inattention,Clear,Dry,Daylight,No Control,None Detected,10AEA271-5EDA-45CC-9C87-4D0C6880D381,MD,F21BBA03-F45C-4F67-9017-363EC4565D55,One O Clock,Van - Passenger (&lt;9 Seats),MovingConstantSpeed,Northbound,10.0,No,No,2018,CHEVROLET,39.05067883,-77.15102,Express_Chevrolet,17,2025,10,17,17,Friday,2025-10-17,42
2520,MCP2162005M,250046554,Montgomery_County_Police,Injury Crash,2025-10-16 15:44:00,County_Route,MACARTHUR BLVD,82ND PL,Head-On,Right-of-Way Violation,Clear,Dry,Daylight,Stop Sign,None Detected,E2FC7F8C-0863-491C-871A-DD171B481D9E,IL,698B95E4-7F22-4651-A8BA-F50E3EC82275,Ten O Clock,PassengerCar,MakingLeftTurn,Southbound,35.0,No,No,2014,SUBARU,38.97430471,-77.16830873,Legacy_Subaru,15,2025,10,16,15,Thursday,2025-10-16,42
2521,MCP22510033,250046822,Montgomery_County_Police,Injury Crash,2025-10-18 09:21:00,County_Route,UNIVERSITY BLVD E,DEBORAH DR,Head-On,Road Obstruction,Clear,Dry,Daylight,No Control,None Detected,DBE4AD56-BEAB-4674-8AB5-C429B7ED0612,MD,B0D3EFDE-6232-4FAA-924F-6665A1AB92DD,Twelve O Clock,PassengerCar,StoppedInTrafficLane,West,30.0,No,No,2019,KIA,39.04138814,-77.16452108,Sorento_Kia,9,2025,10,18,9,Saturday,2025-10-18,42
2523,DD558300BN,250046875,Rockville_Police_Department,Property Damage Crash,2025-10-18 16:18:00,Municipality_Route,N WASHINGTON ST,BEALL AVE #2,Rear vs Side,Road Obstruction,Clear,Dry,Daylight,No Control,None Detected,2C054DDE-0419-4482-B955-BDAC42766030,MD,84BCD1EB-2222-4E63-9F54-34413FB6DA61,Twelve O Clock,PassengerCar,Accelerating,North,25.0,No,No,2013,HONDA,39.08682639,-77.15298214,Civic_Honda,16,2025,10,18,16,Saturday,2025-10-18,42
2524,EJ7904003F,250045172,Gaithersburg_Police_Department,Injury Crash,2025-10-08 06:37:00,Municipality_Route,N SUMMIT AVE,BROOKS AVE,Head-On,Weather Related,Rain,Wet,Dark - Lighted,Traffic Signal,None Detected,CA7B4D26-36B1-436E-802D-F5BA519F08CC,MD,A186AADA-DB95-449E-8F08-86BBD871CF6C,One O Clock,PassengerCar,MakingLeftTurn,North,25.0,No,No,2014,INFINITI,39.14423319,-77.19283205,Q60_Infiniti,6,2025,10,8,6,Wednesday,2025-10-08,41
2525,MCP235300DH,250046509,Montgomery_County_Police,Property Damage Crash,2025-10-16 12:27:00,Maryland_State_Route,MONTGOMERY AVE,MONTGOMERY LA WISCONSIN AVE (SB/L),Sideswipe (Same Direction),Congestion / Backup,Clear,Dry,Daylight,Traffic Signal,None Detected,154C8249-3FDA-4F08-A776-5AAF7DA4BF35,MD,37785B78-7790-4ACC-81B0-063D5F9E804F,One O Clock,PassengerCar,ChangingLanes,North,30.0,No,No,2019,TOYOTA,38.9835934,-77.09398373,Prius_Toyota,12,2025,10,16,12,Thursday,2025-10-16,42
2526,MCP3290004K,250046103,Montgomery_County_Police,Injury Crash,2025-10-14 07:22:00,Interstate_Route,CAPITAL BELTWAY,MONTROSE PKWY,Sideswipe (Same Direction),Lane Violation,Rain,Wet,Daylight,No Control,None Detected,6DCD4756-3421-4266-8D28-A78E0D2C4A03,MD,7ABCE5B7-835A-4C26-88E7-8D49AFDF0D7D,VehicleNotAtScene,PickupTruck,MovingConstantSpeed,Eastbound,55.0,No,No,2012,TOYOTA,39.01667167,-77.02336967,Camry_Toyota,7,2025,10,14,7,Tuesday,2025-10-14,42
2527,DD5680001X,250047020,Rockville_Police_Department,Injury Crash,2025-10-19 19:59:00,Maryland_State_Route,VEIRS MILL RD (WB/L),MOHICAN RD,Angle Collision,Driver Inattention,Clear,Dry,Dark - Lighted,No Control,None Detected,FDD63F30-C0F7-44F4-B5CA-BE261E746604,MD,ED6D491F-0F8B-425F-9434-7C3A1CD5C7B5,One O Clock,PassengerCar,MovingConstantSpeed,Northbound,35.0,No,No,2006,HONDA,39.0754916,-77.11739141,Ridgeline_Honda,19,2025,10,19,19,Sunday,2025-10-19,42
2528,MCP3407001Q,250047138,Montgomery_County_Police,Property Damage Crash,2025-10-20 15:13:00,Bicycle_Route,FREDERICK RD,SOUTHWOOD AVE,Single Vehicle,Driver Inattention,Clear,Dry,Daylight,No Control,None Detected,923EF4D4-A580-4C09-A145-33B5CFF547C9,MD,D3A0D5AA-04BB-4253-8267-15DE117933E8,Eleven O Clock,PassengerCar,MovingConstantSpeed,Eastbound,40.0,No,No,2015,FORD,39.17909333,-77.24051167,F-150_Ford,15,2025,10,20,15,Monday,2025-10-20,43
2529,MCP3376002N,250046238,Montgomery_County_Police,Injury Crash,2025-10-14 18:11:00,Maryland_State_Route,VEIRS MILL RD (WB/L),REEDIE DR (WB/L),Rear-End (Same Direction),Tailgating,Clear,Dry,Daylight,Traffic Signal,None Detected,A67F79BA-0489-4982-AA4E-CB3D3D5006B7,MD,8DD9DF89-ED04-4B7A-B9FA-87A81AA0BE59,VehicleNotAtScene,PickupTruck,MovingConstantSpeed,Westbound,25.0,No,No,2023,TOYOTA,39.03822315,-77.05252921,Tacoma_Toyota,18,2025,10,14,18,Tuesday,2025-10-14,42
2530,MCP3423002N,250046338,Montgomery_County_Police,Property Damage Crash,2025-10-15 11:40:00,County_Route,BROADBIRCH DR,BEGIN BRIDGE,Angle Collision,Road Obstruction,Clear,Dry,Daylight,No Control,None Detected,AED24885-942D-4F2A-A8A8-92CF3BFC7319,MD,66C5B97C-7683-4349-AFC5-ACB3A693C22D,Eight O Clock,PassengerCar,MovingConstantSpeed,North,25.0,No,No,2018,HONDA,39.05609141,-76.96408011,Accord_Honda,11,2025,10,15,11,Wednesday,2025-10-15,42
2531,MCP2641005D,250046516,Montgomery_County_Police,Property Damage Crash,2025-10-16 12:47:00,County_Route,FERN ST,UNIVERSITY BLVD W,Angle Collision,Right-of-Way Violation,Clear,Dry,Daylight,No Control,None Detected,30395C79-862B-434A-B659-9DFB5B692A96,MD,6F08AF57-83E1-4842-B493-8406DE29FA36,Two O Clock,PassengerCar,MovingConstantSpeed,Eastbound,35.0,No,No,2009,HONDA,39.04145488,-77.04927884,Accord_Honda,12,2025,10,16,12,Thursday,2025-10-16,42
2533,MCP28000075,250045789,Montgomery_County_Police,Property Damage Crash,2025-10-11 19:15:00,County_Route,RUXTON RD,GOLDSBORO RD,Rear-End (Same Direction),Right-of-Way Violation,Clear,Dry,Dark - Lighted,No Control,None Detected,72D1FFCD-42A2-4477-9908-1D080F53D982,MD,37808276-6115-411F-828C-5EFDBC2F4657,Six O Clock,PassengerCar,MakingLeftTurn,Eastbound,30.0,No,No,2016,MERCEDES-BENZ,39.01392874,-77.08992246,E-Class_Mercedes-Benz,19,2025,10,11,19,Saturday,2025-10-11,41
2534,EJ7907002G,250046098,Gaithersburg_Police_Department,Property Damage Crash,2025-10-14 06:19:00,Ramp_Route,RAMP 5 FR IS 270 SB TO IS 370 EB,OAKMONT AVE,Single Vehicle,Speed Related,Rain,Wet,Daylight,No Control,None Detected,E53DD83D-7A87-4519-8198-B92AD85FEEB8,MD,705C5694-B70F-4026-B1F6-A60428F14CE8,Twelve O Clock,PassengerCar,NegotiatingCurve,Southbound,50.0,No,No,2003,TOYOTA,39.11927922,-77.19533601,Corolla_Toyota,6,2025,10,14,6,Tuesday,2025-10-14,42
2535,MCP32940035,250046217,Montgomery_County_Police,Property Damage Crash,2025-10-14 16:20:00,County_Route,CLUB HOUSE RD,EXIT #41,Angle Collision,Right-of-Way Violation,Clear,Dry,Daylight,No Control,None Detected,FEA74F9D-C57F-4184-A6C3-08EE034F7C53,MD,91686481-D8D0-47FB-BB87-0770F764FBB6,Twelve O Clock,PassengerCar,MovingConstantSpeed,Eastbound,30.0,No,No,2015,TOYOTA,39.17456083,-77.20497967,RAV4_Toyota,16,2025,10,14,16,Tuesday,2025-10-14,42
2536,MCP287500BP,250047312,Montgomery_County_Police,Injury Crash,2025-10-21 14:25:00,Maryland_State_Route,WARING STATION RD,W GUDE DR,Single Vehicle,Driver Inattention,Clear,Dry,Daylight,No Control,None Detected,301111CC-0AB2-4EF3-BA65-B89F87D527AB,MD,DDE98A7A-0C6C-4967-B66A-06BCB10E3419,Eleven O Clock,PassengerCar,MovingConstantSpeed,Northbound,40.0,No,No,2011,VOLKSWAGEN,39.27587,-77.20409167,Jetta_Volkswagen,14,2025,10,21,14,Tuesday,2025-10-21,43
2537,MCP22980194,250047270,Montgomery_County_Police,Property Damage Crash,2025-10-21 11:19:00,County_Route,MEDICAL CENTER WAY,SHADY GROVE RD (SB/L),Head-On,Traffic Control Violation,Clear,Dry,Daylight,Traffic Signal,None Detected,A38B5EB3-0F66-4CA9-87E9-171D771FB194,MD,C1B9082F-3C28-4DA3-A689-A9C3CBBB3A5E,Ten O Clock,PassengerCar,MovingConstantSpeed,Southbound,40.0,No,No,2011,NISSAN,39.09714383,-77.19491767,Sentra_Nissan,11,2025,10,21,11,Tuesday,2025-10-21,43
2538,MCP34290017,250045923,Montgomery_County_Police,Injury Crash,2025-10-13 08:01:00,Bicycle_Route,FREDERICK RD,DEMOCRACY BLVD,Single Vehicle,Speed Related,Rain,Wet,Daylight,Yield Sign,None Detected,DC186882-DB7B-4596-8BD0-7EBD1D454C9C,MD,CA9E046D-365C-4DF4-890E-5DFD4270D0D3,Eleven O Clock,PassengerCar,MakingRightTurn,Eastbound,35.0,No,No,2022,HYUNDAI,39.091679,-77.0704525,Elantra_Hyundai,8,2025,10,13,8,Monday,2025-10-13,42
2539,DD5680001W,250046884,Rockville_Police_Department,Property Damage Crash,2025-10-18 09:11:00,Municipality_Route,HOWARD AVE,RAMP 2 FR BRIGGS CHANEY RD TO US 29 NB,Rear-End (Same Direction),Driver Inattention,Cloudy,Dry,Daylight,No Control,None Detected,CC5AF408-2A02-46CE-BE2F-1D8183BDCB23,MD,C8B72FAD-12E4-48EF-8F50-635EB81DA862,VehicleNotAtScene,PassengerCar,SlowingOrStopping,Unknown,25.0,No,No,2012,HONDA,39.09054514,-77.14613292,Civic_Honda,9,2025,10,18,9,Saturday,2025-10-18,42
2540,MCP2987009W,250047315,Montgomery_County_Police,Injury Crash,2025-10-21 14:42:00,Ramp_Route,RAMP 7 FR RP 2 (FR MD200 WB) TO US 29 SB,COLUMBIA PIKE (SB/L),Rear-End (Same Direction),Congestion / Backup,Clear,Dry,Daylight,Traffic Signal,None Detected,A1F6FE8C-7283-420D-848C-3DD5BF18C333,VA,B6B46D73-60B4-491B-8281-A0C30CFB0652,Six O Clock,PassengerCar,StoppedInTrafficLane,Southbound,50.0,No,No,2003,TOYOTA,39.07406867,-76.955474,Camry_Toyota,14,2025,10,21,14,Tuesday,2025-10-21,43
2541,MCP32570096,250046567,Montgomery_County_Police,Injury Crash,2025-10-16 16:30:00,County_Route,RAYBURN RD,BRADLEY BLVD,Sideswipe (Opposite Direction),Lane Violation,Clear,Dry,Daylight,No Control,None Detected,A3BBEE97-0593-4849-9706-C09DEED1E2BF,MD,CB5A7D9F-E019-4E6C-B89A-FC97D2E5CE77,Eight O Clock,Van - Passenger (&lt;9 Seats),MovingConstantSpeed,Northbound,30.0,No,No,2025,CHRYSLER,38.99319569,-77.12058999,Pacifica_Chrysler,16,2025,10,16,16,Thursday,2025-10-16,42
2542,MCP2760007N,250047380,Montgomery_County_Police,Property Damage Crash,2025-10-21 19:39:00,County_Route,CRESTED IRIS DR,WATKINS MILL RD,Rear-End (Same Direction),Congestion / Backup,Clear,Dry,Dark - Lighted,No Control,None Detected,C4181324-69F0-412B-8311-94B3BD275BFE,MD,7B694140-82D3-493B-9BA4-A7181E728A4B,Six O Clock,SportUtilityVehicle,SlowingOrStopping,East,35.0,No,No,2024,HONDA,39.180085,-77.21012467,CR-V_Honda,19,2025,10,21,19,Tuesday,2025-10-21,43
2543,MCP291700F9,250046004,Montgomery_County_Police,Injury Crash,2025-10-13 15:04:00,County_Route,CONNECTICUT AVE,BEL PRE RD BEL PRE RD (EB/L),Sideswipe (Opposite Direction),Lane Violation,Clear,Dry,Daylight,Traffic Signal,None Detected,C3DC4471-A7FF-4710-8BCB-EC481C66335B,MD,75FE68A2-94EF-4E8A-A76E-0B7ACE2B259C,Eleven O Clock,PassengerCar,StoppedInTrafficLane,Southbound,35.0,No,No,2019,SUBARU,39.09194463,-77.07032369,Crosstrek_Subaru,15,2025,10,13,15,Monday,2025-10-13,42
2544,MCP3426002Q,250045428,Montgomery_County_Police,Injury Crash,2025-10-09 15:25:00,Local_Route,PARKING LOT CUT THRU CUT,LAKE SHORE DR,Head-On,Lane Violation,Clear,Dry,Daylight,Traffic Signal,None Detected,010DCF61-EEB9-43BD-9E79-571A4C304143,MD,7F876C11-D1E8-4E4B-90FA-86DFD995BA5E,Twelve O Clock,PassengerCar,StoppedInTrafficLane,Westbound,25.0,No,No,2013,TOYOTA,39.02497972,-77.12522556,Corolla_Toyota,15,2025,10,9,15,Thursday,2025-10-09,41
2545,MCP2760007N,250047380,Montgomery_County_Police,Property Damage Crash,2025-10-21 19:39:00,County_Route,CRESTED IRIS DR,WATKINS MILL RD,Rear-End (Same Direction),Driver Inattention,Clear,Dry,Dark - Lighted,No Control,None Detected,FFAF278E-0B1F-42A5-9DED-6A01A3328C6B,MD,23BD98DF-8DF2-4190-A45B-171436BC9BDF,Twelve O Clock,PassengerCar,MovingConstantSpeed,Northbound,35.0,No,No,2005,TOYOTA,39.180085,-77.21012467,Camry_Toyota,19,2025,10,21,19,Tuesday,2025-10-21,43
2546,MCP3377003H,250045815,Montgomery_County_Police,Property Damage Crash,2025-10-12 04:45:00,County_Route,SHADY GROVE RD,MIDCOUNTY HWY (SB/L),Rear-End (Same Direction),Weather Related,Rain,Wet,Dark - Lighted,Traffic Signal,None Detected,6D444F86-D72C-4C89-BF2D-BD983C37CD9E,MD,15C35E55-7456-485E-9F3E-8A7A2B2261F2,Six O Clock,PassengerCar,StoppedInTrafficLane,North,50.0,No,No,2015,TOYOTA,39.1579664,-77.19198226,Corolla_Toyota,4,2025,10,12,4,Sunday,2025-10-12,41
2547,DD562000CR,250046346,Rockville_Police_Department,Property Damage Crash,2025-10-15 11:18:00,Maryland_State_Route,VEIRS MILL RD (WB/L),REDLAND BLVD,Rear-End (Same Direction),Congestion / Backup,Clear,Dry,Daylight,Traffic Signal,None Detected,6FF1B9F6-B24F-45C8-BE30-C1AB37F44F95,MD,8B068A30-CF9C-4FF5-B325-6843F8D49E51,Six O Clock,SportUtilityVehicle,StoppedInTrafficLane,Northbound,35.0,No,No,2020,TOYOTA,39.07981432,-77.13773859,RAV4_Toyota,11,2025,10,15,11,Wednesday,2025-10-15,42
2548,DM84930054,250046907,Takoma_Park_Police_Department,Injury Crash,2025-10-18 19:54:00,Maryland_State_Route,NEW HAMPSHIRE AVE,CENTERHILL ST,Rear-End (Same Direction),Congestion / Backup,Clear,Dry,Dark - Lighted,Traffic Signal,None Detected,470D63BD-A952-4771-9E41-09E90B6CC76E,MD,3EB49EC4-0D9D-4E76-AE86-98D87287BFF3,Six O Clock,SportUtilityVehicle,SlowingOrStopping,Northbound,35.0,No,No,2016,HYUNDAI,38.98141271,-76.98890429,Tucson_Hyundai,19,2025,10,18,19,Saturday,2025-10-18,42
2549,DD5651006L,250046104,Rockville_Police_Department,Injury Crash,2025-10-14 07:53:00,Interstate_Route,EISENHOWER MEMORIAL HWY (SB/L),ALLSPICE RD,Rear-End (Same Direction),Tailgating,Rain,Wet,Daylight,No Control,None Detected,3892EA8F-4991-468F-9168-F9A4E9125497,MD,20C64B0A-6F7A-4A65-A263-8C88AB0F2616,Twelve O Clock,PassengerCar,SlowingOrStopping,Southbound,62.5,No,No,2015,SUBARU,39.08821731,-77.17425332,Forester_Subaru,7,2025,10,14,7,Tuesday,2025-10-14,42
2551,MCP32940035,250046217,Montgomery_County_Police,Property Damage Crash,2025-10-14 16:20:00,County_Route,CLUB HOUSE RD,LAKE FOREST BLVD,Angle Collision,Right-of-Way Violation,Clear,Dry,Daylight,No Control,None Detected,091B8DFA-29BC-471F-9493-BA2396784F85,MD,30F946E0-8255-47B5-921B-9C66388D2747,Five O Clock,PassengerCar,MovingConstantSpeed,Eastbound,30.0,No,No,2019,NISSAN,39.17456083,-77.20497967,Sentra_Nissan,16,2025,10,14,16,Tuesday,2025-10-14,42
2554,MCP24600029,250046893,Montgomery_County_Police,Injury Crash,2025-10-18 18:06:00,Ramp_Route,RAMP 4 FR IS 270 NB TO MIDDLEBROOK RD EB,RANDOLPH RD,Back-to-Back,Tailgating,Clear,Dry,Daylight,Yield Sign,None Detected,21FEFFBA-C974-4CBF-9856-5633676B663F,MD,CA78DDD6-B935-4670-B391-EB81B6C772EF,Six O Clock,PassengerCar,StoppedInTrafficLane,Northbound,40.0,No,No,2023,TOYOTA,39.17666937,-77.24466551,Corolla_Toyota,18,2025,10,18,18,Saturday,2025-10-18,42
2555,MCP3156003K,250046476,Montgomery_County_Police,Property Damage Crash,2025-10-16 09:12:00,Maryland_State_Route,PINEY BRANCH RD,PARKLAWN DR,Head-On,Right-of-Way Violation,Clear,Dry,Daylight,Other Pavement Marking,None Detected,EF754BC8-D260-452E-A6AC-857561767692,MD,620A40FC-EC1C-495D-903D-92E9C93D2E6C,VehicleNotAtScene,PickupTruck,ChangingLanes,Southbound,30.0,No,No,2004,FORD,38.99785307,-77.00442657,F-150_Ford,9,2025,10,16,9,Thursday,2025-10-16,42
2556,MCP2939008C,250046919,Montgomery_County_Police,Injury Crash,2025-10-18 21:47:00,County_Route,TILFORD WAY,WARRIOR BROOK DR,Other,Road Obstruction,Clear,Dry,Dark - Lighted,No Control,None Detected,975C4208-2C99-4064-A842-EB7C77AA72C3,MD,46AFC283-B30D-49EF-9E82-42488F788ED4,One O Clock,PassengerCar,MovingConstantSpeed,North,25.0,No,No,2005,ACURA,39.17193174,-77.27994704,TL_Acura,21,2025,10,18,21,Saturday,2025-10-18,42
2557,MCP34290018,250046145,Montgomery_County_Police,Property Damage Crash,2025-10-14 10:08:00,County_Route,RIPPLING BROOK DR,DALE DR,Sideswipe (Same Direction),Lane Violation,Clear,Dry,Daylight,No Control,None Detected,088FF82B-69BB-40EA-9725-4C0EB0EFA8A0,MD,7534BFEE-979C-4D24-B8FF-1578B08672E8,Four O Clock,PassengerCar,Passing,Northbound,25.0,No,No,2018,CHEVROLET,39.0874616,-77.0537014,Silverado_Chevrolet,10,2025,10,14,10,Tuesday,2025-10-14,42
2558,MCP3196004B,250047039,Montgomery_County_Police,Injury Crash,2025-10-19 22:05:00,Maryland_State_Route,FREDERICK RD (SB/L),RAMP 4 FR IS 270 NB TO MONTROSE RD EB,Rear-End (Same Direction),Weather Related,Rain,Wet,Dark - Lighted,Traffic Signal,None Detected,7271A00B-167B-4D42-9298-2C1355D703B4,MD,C7E2B8B3-B0B3-4C5A-A342-B1424BBF8F35,Twelve O Clock,PickupTruck,SlowingOrStopping,Unknown,45.0,No,No,2022,CHEVROLET,39.171659,-77.23629,Silverado_Chevrolet,22,2025,10,19,22,Sunday,2025-10-19,42
2559,MCP3348004V,250045462,Montgomery_County_Police,Property Damage Crash,2025-10-09 17:55:00,County_Route,RANDOLPH RD,ARLINGTON RD,Rear-End (Same Direction),Congestion / Backup,Clear,Dry,Daylight,No Control,None Detected,87D1528E-D6C4-46D7-AEA7-8A3B4283F887,MD,E71E010C-43C2-460F-9CAA-E86F4FC48E13,Six O Clock,PassengerCar,StoppedInTrafficLane,Eastbound,35.0,No,No,2024,HONDA,39.07515297,-77.00442906,Accord_Honda,17,2025,10,9,17,Thursday,2025-10-09,41
2560,MCP285900JX,250046669,Montgomery_County_Police,Property Damage Crash,2025-10-17 11:10:00,Maryland_State_Route,RIDGE RD,ENT TO ASPEN HILLS SHOPPING CTR,Single Vehicle,Driver Inattention,Clear,Ice,Daylight,No Control,None Detected,03E5E1ED-4F56-48FB-BEFB-9000DF3CBAB7,MD,60874E6D-D9F8-4A00-A83B-30460854379F,Twelve O Clock,SportUtilityVehicle,MovingConstantSpeed,Southbound,2.5,No,No,2018,NISSAN,39.14261669,-77.20031813,Rogue_Nissan,11,2025,10,17,11,Friday,2025-10-17,42