Unnamed: 0,Report Number,Local Case Number,Agency Name,ACRS Report Type,Crash Date/Time,Route Type,Road Name,Cross-Street Name,Collision Type,Circumstance_Category,Weather,Surface Condition,Light,Traffic Control,Driver Substance Abuse,Person ID,Drivers License State,Vehicle ID,Vehicle First Impact Location,Vehicle Body Type,Vehicle Movement,Vehicle Going Dir,Speed Limit,Driverless Vehicle,Parked Vehicle,Vehicle Year,Vehicle Make,Latitude,Longitude,Vehicle Model,hour,Crash_year,Crash_month,Crash_day,Crash_hour,Crash_day_name,Crash_date,Crash_week
2661,MCP3030008B,250046854,Montgomery_County_Police,Property Damage Crash,2025-10-18 14:20:00,Maryland_State_Route,WISCONSIN AVE (SB/L),BETHESDA AVE,Rear vs Side,Congestion / Backup,Clear,Dry,Daylight,Traffic Signal,None Detected,91905626-8576-460C-9FB8-7FCFA897407A,MD,940558F5-4112-4FBD-B505-2E25856216DD,Twelve O Clock,TransitBus,Accelerating,East,25.0,No,No,2015,TOYOTA,38.98110218,-77.09276621,4Runner_Toyota,14,2025,10,18,14,Saturday,2025-10-18,42
2662,MCP2987009W,250047315,Montgomery_County_Police,Injury Crash,2025-10-21 14:42:00,Ramp_Route,RAMP 7 FR RP 2 (FR MD200 WB) TO US 29 SB,COLUMBIA PIKE (SB/L),Rear-End (Same Direction),Speed Related,Clear,Dry,Daylight,Traffic Signal,None Detected,82A59783-D093-4BAA-A45D-3B71055EA1BE,MD,AC35323A-7E04-45C0-A8D4-E24223D33F00,Twelve O Clock,PassengerCar,MovingConstantSpeed,Southbound,50.0,No,No,2021,NISSAN,39.07406867,-76.955474,Rogue_Nissan,14,2025,10,21,14,Tuesday,2025-10-21,43
2663,MCP3426002Q,250045428,Montgomery_County_Police,Injury Crash,2025-10-09 15:25:00,Local_Route,PARKING LOT CUT THRU CUT,SEVEN LOCKS RD,Head-On,Lane Violation,Clear,Dry,Daylight,Traffic Signal,None Detected,667D4E47-65B6-464F-9623-DA34D91F1DCE,DC,AE0635C5-9E01-4744-934A-911BA418F0B6,Seven O Clock,PassengerCar,StoppedInTrafficLane,Westbound,25.0,No,No,2005,TOYOTA,39.02497972,-77.12522556,Corolla_Toyota,15,2025,10,9,15,Thursday,2025-10-09,41
2664,MCP3091005R,250046454,Montgomery_County_Police,Property Damage Crash,2025-10-15 23:05:00,Maryland_State_Route,NORBECK RD,BAUER DR,Rear-End (Same Direction),Surface Condition,Clear,Dry,Dark - Lighted,Traffic Signal,None Detected,4F3E97B1-B43E-4485-AFCB-0D104CF7994C,MD,9F00C02F-2735-44E0-A2C1-532844CBD0DF,Twelve O Clock,PassengerCar,Accelerating,North,45.0,No,No,2002,HONDA,39.09615709,-77.109842,CR-V_Honda,23,2025,10,15,23,Wednesday,2025-10-15,42
2665,MCP3382002S,250046984,Montgomery_County_Police,Injury Crash,2025-10-19 15:25:00,County_Route,ILFORD RD,FREDERICK RD,Single Vehicle,Right-of-Way Violation,Clear,Dry,Daylight,No Control,None Detected,9E7EDAD0-25BC-43DB-A6D6-597F749586DF,MD,6A163943-62CC-46AD-9AF7-A73BBE7C01C9,Ten O Clock,PassengerCar,MovingConstantSpeed,Eastbound,25.0,No,No,2008,HONDA,39.058411,-77.07857833,Accord_Honda,15,2025,10,19,15,Sunday,2025-10-19,42
2666,EJ7905003P,250047126,Gaithersburg_Police_Department,Property Damage Crash,2025-10-20 14:35:00,Interstate_Route,FIELDS RD,WINDHAM LA,Other,Backing Error,Clear,Dry,Daylight,Traffic Signal,None Detected,F425807F-57A1-4EDF-B072-7A5E115793DB,MD,9D0F355D-C229-4DFF-AA8F-DA0696849D5C,Six O Clock,PassengerCar,Backing,Not On Roadway,2.5,No,No,2015,VOLVO,39.127613,-77.20804333,S60_Volvo,14,2025,10,20,14,Monday,2025-10-20,43
2668,MCP2361003J,250045597,Montgomery_County_Police,Injury Crash,2025-10-10 15:16:00,County_Route,RANDOLPH RD (WB/L),ASPEN HILL RD,Single Vehicle,Right-of-Way Violation,Clear,Dry,Daylight,Other Pavement Marking,None Detected,1F364B47-981B-4AAC-AB7B-0C922D0E28C1,MD,C901EC2D-819F-4673-8CA1-0F5E8C7A6F85,Eleven O Clock,PassengerCar,MakingLeftTurn,Westbound,25.0,No,No,2022,TOYOTA,39.06529075,-77.03713729,Camry_Toyota,15,2025,10,10,15,Friday,2025-10-10,41
2669,EJ7899002B,250046056,Gaithersburg_Police_Department,Injury Crash,2025-10-13 18:49:00,Maryland_State_Route,DARNESTOWN RD (WB/L),STEWART LA,Rear-End (Same Direction),Weather Related,Rain,Wet,Dark - Lighted,Traffic Signal,None Detected,350D7A84-2C43-413B-82DD-AA2B66E5877A,MD,13F55284-6EB9-4848-B991-FA6EDAB8D075,Six O Clock,PassengerCar,Parked,East,40.0,No,Yes,2020,JAGUAR,39.11781699,-77.25229405,F-Pace_Jaguar,18,2025,10,13,18,Monday,2025-10-13,42
2670,MCP22510031,250045719,Montgomery_County_Police,Injury Crash,2025-10-11 12:35:00,County_Route,CHAPMAN AVE,GOODHILL RD,Sideswipe (Same Direction),Lane Violation,Clear,Dry,Daylight,No Control,None Detected,A9ACD51B-C30F-460F-A1A3-93CC90696504,MD,F9745D02-8F04-4DDD-8F75-ED910ECBABB0,Nine O Clock,PassengerCar,MovingConstantSpeed,Southbound,35.0,No,No,2024,HONDA,39.0422106,-77.15958326,Accord_Honda,12,2025,10,11,12,Saturday,2025-10-11,41
2671,MCP1534001W,250047063,Montgomery_County_Police,Property Damage Crash,2025-10-20 06:50:00,Maryland_State_Route,COLESVILLE RD,SWEEPSTAKES RD,Rear-End (Same Direction),Right-of-Way Violation,Clear,Wet,Dawn,No Control,None Detected,02477094-877E-4F14-B45B-D5E1180CDF1F,MD,BED19F03-C171-4F9A-9DFF-7885D67C9272,Seven O Clock,PickupTruck,MakingLeftTurn,Eastbound,35.0,No,No,2022,GMC,39.19422984,-77.12481944,Sierra_GMC,6,2025,10,20,6,Monday,2025-10-20,43
2673,MCP34120022,250046787,Montgomery_County_Police,Injury Crash,2025-10-17 21:30:00,County_Route,ATHERTON DR,ROSEMERE AVE,Rear-End (Same Direction),Tailgating,Clear,Dry,Dark - Lighted,No Control,None Detected,90F24CAB-D487-4A1E-B804-26E14CCC160F,MD,7F611156-036B-4FE4-A569-C1448C452726,Twelve O Clock,PassengerCar,SlowingOrStopping,Eastbound,35.0,No,No,2011,HONDA,39.05727161,-77.07671801,CR-V_Honda,21,2025,10,17,21,Friday,2025-10-17,42
2674,HA25590001,25002213,Takoma_Park_Police_Department,Property Damage Crash,2025-10-15 12:53:00,County_Route,CENTERWAY RD,LAYHILL RD,Single Vehicle,Backing Error,Clear,Dry,Daylight,Traffic Signal,None Detected,5CB87709-07CA-4E61-9091-37ABB5E295C5,MD,CEFDAA27-0AD8-4CED-9327-ACA03DFD32C7,Six O Clock,PickupTruck,Backing,Unknown,2.5,No,No,2014,FORD,39.03223274,-77.15117684,F-250_Ford,12,2025,10,15,12,Wednesday,2025-10-15,42
2675,MCP1534001W,250047063,Montgomery_County_Police,Property Damage Crash,2025-10-20 06:50:00,Maryland_State_Route,BLUERIDGE AVE,BEST BUY ENT,Rear-End (Same Direction),Driver Inattention,Clear,Wet,Dawn,No Control,None Detected,CE7A3D8A-A25D-4F7D-890A-FEDE4123A3B6,MD,F110E2D5-9536-4263-82A3-11690CC920E4,Twelve O Clock,PickupTruck,MovingConstantSpeed,Eastbound,35.0,No,No,2018,GMC,39.19422984,-77.12481944,Sierra_GMC,6,2025,10,20,6,Monday,2025-10-20,43
2676,DD5651006M,250046138,Rockville_Police_Department,Injury Crash,2025-10-14 10:00:00,Municipality_Route,W GUDE DR,W MONTGOMERY AVE (WB/L),Angle Collision,Road Obstruction,Clear,Dry,Daylight,Traffic Signal,None Detected,D45E8D60-D74E-4ED4-B433-D901A92FB990,MD,94945C0D-9682-41C9-8650-C6367DA7B4E6,Eleven O Clock,PassengerCar,MovingConstantSpeed,Eastbound,25.0,No,No,2005,LEXUS,39.09962833,-77.18437167,ES_Lexus,10,2025,10,14,10,Tuesday,2025-10-14,42
2677,MCP913000LG,250046296,Montgomery_County_Police,Property Damage Crash,2025-10-15 08:34:00,Maryland_State_Route,UNIVERSITY BLVD E (WB/L),GRUBB RD,Sideswipe (Same Direction),Lane Violation,Clear,Dry,Daylight,No Control,None Detected,EA639C6D-7DA6-4267-AB01-AFF38B2EE3A6,MD,94946574-DA97-4659-B936-FEA8449AB432,VehicleNotAtScene,SportUtilityVehicle,ChangingLanes,Westbound,35.0,No,No,2013,AUDI,38.9990195,-76.99487706,Q5_Audi,8,2025,10,15,8,Wednesday,2025-10-15,42
2678,MCP3400002W,250046906,Montgomery_County_Police,Injury Crash,2025-10-18 19:39:00,Ramp_Route,RAMP 1 FR MD 650 NB TO RAMP 8 (TO US 29),CROSSOVER,Angle Collision,Traffic Control Violation,Clear,Dry,Dark - Lighted,Traffic Signal,None Detected,C50A3841-CF18-4957-8E1F-463D15494883,MD,EB81D0E2-06EB-421B-B82C-A5D945D7BC25,Twelve O Clock,PassengerCar,MovingConstantSpeed,Southbound,40.0,No,No,2012,BMW,39.04452832,-76.99225806,M3_BMW,19,2025,10,18,19,Saturday,2025-10-18,42
2679,MCP3040008L,250045764,Montgomery_County_Police,Injury Crash,2025-10-11 18:30:00,Maryland_State_Route,GEORGIA AVE (SB/L),CHESTNUT ST,Angle Collision,Traffic Control Violation,Clear,Dry,Dark - Lighted,Traffic Signal,None Detected,DD2BFA9D-F538-40D9-9E00-6A84939BCF4B,MD,8F1723B2-E994-41A5-9DE1-592232736C11,Twelve O Clock,PassengerCar,MovingConstantSpeed,Westbound,30.0,No,No,2001,TOYOTA,39.15330317,-77.06700033,Corolla Cross_Toyota,18,2025,10,11,18,Saturday,2025-10-11,41
2680,MCP2160003T,250047355,Montgomery_County_Police,Injury Crash,2025-10-21 17:45:00,County_Route,MERRIMAC DR,EMORY GROVE RD,Angle Collision,Right-of-Way Violation,Clear,Dry,Daylight,Traffic Signal,None Detected,2596AB59-FC4D-4C05-ABDB-FEF85709A3DD,MD,CFFFCFAF-B443-42C6-BB02-23CC1C73AD2D,Twelve O Clock,SportUtilityVehicle,Accelerating,Southbound,35.0,No,No,2025,CHEVROLET,39.16026383,-77.19220467,Silverado_Chevrolet,17,2025,10,21,17,Tuesday,2025-10-21,43
2681,MCP94390019,250047083,Montgomery_County_Police,Property Damage Crash,2025-10-20 10:08:00,County_Route,MONTGOMERY VILLAGE AVE,GREAT FALLS RD,Single Vehicle,Backing Error,Clear,Wet,Daylight,Traffic Signal,None Detected,7B2A8B26-F83A-455E-A3D1-7F9117C86C88,MD,4DA0C04E-9C02-48FB-A8AC-8AEDB171F5BD,Seven O Clock,Other,Backing,Eastbound,2.5,No,No,2014,BMW,39.06816686,-77.16142456,3 Series_BMW,10,2025,10,20,10,Monday,2025-10-20,43
2682,MCP30900092,250046915,Montgomery_County_Police,Injury Crash,2025-10-18 20:24:00,County_Route,WASHINGTON GROVE LA (SB/L),NO NAME,Sideswipe (Same Direction),Right-of-Way Violation,Clear,Dry,Dark - Lighted,No Control,None Detected,F8521C9B-41EA-4EF2-971F-8C436611F94D,MD,E5FF3690-3039-499A-A9BF-D81E19DFC45A,Three O Clock,PassengerCar,MakingRightTurn,North,35.0,No,No,2019,FORD,39.14840974,-77.16809038,Mustang_Ford,20,2025,10,18,20,Saturday,2025-10-18,42
2683,MCP2160003S,250047133,Montgomery_County_Police,Property Damage Crash,2025-10-20 15:15:00,County_Route,MONTGOMERY VILLAGE AVE,CLUB HOUSE RD,Head-On,Right-of-Way Violation,Clear,Dry,Daylight,Traffic Signal,None Detected,3AE36721-07FA-4396-BA3B-AC39736982F8,MD,CE80236B-2436-4BFC-B388-A4832E9D4477,One O Clock,PassengerCar,MakingLeftTurn,Southbound,35.0,No,No,2015,HONDA,39.17459017,-77.2034725,Civic_Honda,15,2025,10,20,15,Monday,2025-10-20,43
2684,MCP22390038,250046536,Montgomery_County_Police,Property Damage Crash,2025-10-16 13:39:00,Maryland_State_Route,HUNGERFORD DR,SPRING ST,Rear-End (Same Direction),Tailgating,Clear,Dry,Daylight,Traffic Signal,None Detected,C7EB1656-3AD7-4A97-A4F5-C6627B30676B,MD,568CA3B2-921A-447D-955A-191C5127FDE4,Twelve O Clock,Other,Accelerating,Northbound,35.0,No,No,2013,CHEVROLET,39.03492276,-77.19472508,Express_Chevrolet,13,2025,10,16,13,Thursday,2025-10-16,42
2685,MCP137801DY,250046486,Montgomery_County_Police,Property Damage Crash,2025-10-16 10:16:00,County_Route,LEWIS DR,HIGH CORNER ST,Sideswipe (Same Direction),Lane Violation,Clear,Dry,Daylight,No Control,None Detected,9B8D8856-55C6-4171-93B1-EBD8E26E5403,MD,CAAB8C18-B615-4D0C-92E6-A31F8A8E9242,Four O Clock,PickupTruck,SlowingOrStopping,Northbound,35.0,No,No,2015,CHEVROLET,39.2899595,-77.20551717,Silverado_Chevrolet,10,2025,10,16,10,Thursday,2025-10-16,42
2686,MCP272300B0,250047185,Montgomery_County_Police,Injury Crash,2025-10-20 19:35:00,County_Route,ROBINDALE DR,VEIRS MILL RD (WB/L),Angle Collision,Right-of-Way Violation,Clear,Dry,Dark - Lighted,Traffic Signal,None Detected,BC861630-1912-4868-A071-73E50DB36BF6,MD,F3B51869-1960-4568-8003-6AB418D23ABE,One O Clock,PassengerCar,MakingLeftTurn,Eastbound,45.0,No,No,2021,HONDA,39.06313063,-77.09471162,CR-V_Honda,19,2025,10,20,19,Monday,2025-10-20,43
2687,MCP2160003R,250046558,Montgomery_County_Police,Property Damage Crash,2025-10-16 15:10:00,Maryland_State_Route,FREDERICK RD,GUNNERS BRANCH RD,Sideswipe (Same Direction),Lane Violation,Clear,Dry,Daylight,Traffic Signal,None Detected,517C9875-1626-432E-B99D-4C6F024C8CBD,MD,4E3989E2-6922-4A28-83E7-760B54B79C94,VehicleNotAtScene,StationWagon,ChangingLanes,Westbound,20.0,No,No,2019,TOYOTA,39.17842418,-77.23839192,Camry_Toyota,15,2025,10,16,15,Thursday,2025-10-16,42
2688,MCP34420015,250046651,Montgomery_County_Police,Injury Crash,2025-10-17 07:50:00,County_Route,MONTROSE RD (WB/L),TILDENWOOD DR,Angle Collision,Right-of-Way Violation,Clear,Dry,Daylight,Traffic Signal,None Detected,9730F14E-C7C1-4DCA-AA15-A4D90F1448DE,VA,7DB4384B-E957-4C63-9C92-62606003FBD4,Twelve O Clock,PassengerCar,MovingConstantSpeed,Westbound,40.0,No,No,2025,TESLA,39.054023,-77.138004,Model 3_Tesla,7,2025,10,17,7,Friday,2025-10-17,42
2689,DD5652005X,250046352,Rockville_Police_Department,Property Damage Crash,2025-10-15 13:34:00,Ramp_Route,RAMP 2 FR MD 28 WB TO STONESTREET AVE,FOREMAN BLVD,Single Vehicle,Lane Violation,Clear,Dry,Daylight,No Control,None Detected,23123009-973F-4FC1-A33F-1913C0841C59,MD,E7132F84-8A28-444F-A48E-71741B7465CA,Twelve O Clock,PassengerCar,LeavingTrafficLane,Westbound,30.0,No,No,2016,TOYOTA,39.08027863,-77.13976269,Camry_Toyota,13,2025,10,15,13,Wednesday,2025-10-15,42
2690,MCP27530068,250045401,Montgomery_County_Police,Property Damage Crash,2025-10-09 14:30:00,County_Route,NEWPORT MILL RD,CLUB LAKE RD,Rear-End (Same Direction),Right-of-Way Violation,Clear,Dry,Daylight,No Control,None Detected,6E6D5BD1-EE14-4C78-B57D-1AFF2303B296,MD,CDCC01F2-6C25-4811-A01E-A9F88655152E,One O Clock,PassengerCar,EnteringTrafficLane,Northbound,25.0,No,No,2021,NISSAN,39.03899989,-77.0705268,Armada_Nissan,14,2025,10,9,14,Thursday,2025-10-09,41
2691,MCP33200043,250046444,Montgomery_County_Police,Injury Crash,2025-10-15 20:40:00,Maryland_State_Route,GEORGIA AVE,GEORGIA AVE,Sideswipe (Same Direction),Lane Violation,Clear,Dry,Dark - Lighted,No Control,None Detected,55CE5D2B-D8A6-4E56-9EFB-DD9963456CF6,MD,26A2E805-2E25-411A-A214-46D27188C11F,Eleven O Clock,TransitBus,MovingConstantSpeed,West,30.0,No,No,2023,FORD,39.01203418,-77.04144704,Transit_Ford,20,2025,10,15,20,Wednesday,2025-10-15,42
2692,MCP32320073,250045772,Montgomery_County_Police,Property Damage Crash,2025-10-11 19:17:00,Maryland_State_Route,NEW HAMPSHIRE AVE,DR BELT RD,Sideswipe (Opposite Direction),Lane Violation,Clear,Wet,Dark - Not Lighted,No Control,None Detected,11C62F19-7768-4C82-BC63-CD9371F9CD5E,MD,34F1F0E6-33EF-4A27-A81B-54B966014484,One O Clock,SportUtilityVehicle,MovingConstantSpeed,Northbound,35.0,No,No,2024,TESLA,39.18896467,-77.02457667,Model Y_Tesla,19,2025,10,11,19,Saturday,2025-10-11,41
2694,MCP291700F9,250046004,Montgomery_County_Police,Injury Crash,2025-10-13 15:04:00,County_Route,CONNECTICUT AVE,BEL PRE RD BEL PRE RD (EB/L),Sideswipe (Opposite Direction),Right-of-Way Violation,Clear,Dry,Daylight,Traffic Signal,None Detected,E816D0C3-2608-498C-B0FB-EABF576EA49D,MD,32D8AC6B-6BB9-4F0F-BF07-527A7138D5E0,Twelve O Clock,PassengerCar,MakingLeftTurn,Eastbound,35.0,No,No,2011,TOYOTA,39.09194463,-77.07032369,RAV4_Toyota,15,2025,10,13,15,Monday,2025-10-13,42
2695,MCP22980196,250047289,Montgomery_County_Police,Property Damage Crash,2025-10-21 10:57:00,County_Route,SHADY GROVE RD (SB/L),REDLAND RD,Rear-End (Same Direction),Driver Inattention,Clear,Dry,Daylight,Traffic Signal,None Detected,1A962332-036C-42DA-8FD0-17019825B4FD,MD,4B865781-6A73-4306-88DD-932768310339,Six O Clock,SportUtilityVehicle,Accelerating,Southbound,40.0,No,No,2011,TOYOTA,39.10804667,-77.189228,RAV4_Toyota,10,2025,10,21,10,Tuesday,2025-10-21,43
2696,MCP2939008B,250046878,Montgomery_County_Police,Injury Crash,2025-10-18 16:45:00,Maryland_State_Route,GERMANTOWN RD (SB/L),VEIRS MILL RD,Rear-End (Same Direction),Congestion / Backup,Clear,Dry,Daylight,Traffic Signal,None Detected,2A943DAE-A39B-4F62-A9BF-97BEF0FD5B00,MD,6C4D1687-9F2D-490D-A09E-B6AFD08B0F59,Six O Clock,PassengerCar,StoppedInTrafficLane,Southbound,40.0,No,No,2024,LEXUS,39.16361783,-77.28271933,RX 350_Lexus,16,2025,10,18,16,Saturday,2025-10-18,42
2697,MCP20160098,250047303,Montgomery_County_Police,Property Damage Crash,2025-10-21 13:53:00,Maryland_State_Route,FIRST ST,FREDERICK RD,Sideswipe (Same Direction),Congestion / Backup,Clear,Dry,Daylight,No Control,None Detected,A28218A9-4259-4A1D-B6EE-E37EB1BB7CA0,MD,2C85CD1D-9120-47E5-BE1D-0ACEF1FEA489,One O Clock,PassengerCar,StoppedInTrafficLane,Eastbound,35.0,No,No,2023,FORD,39.0793225,-77.13800983,Explorer_Ford,13,2025,10,21,13,Tuesday,2025-10-21,43
2698,MCP287500BN,250046725,Montgomery_County_Police,Property Damage Crash,2025-10-17 15:25:00,Maryland_State_Route,RIDGE RD,MUDDY BRANCH RD,Rear-End (Same Direction),Tailgating,Clear,Dry,Daylight,No Control,None Detected,FF685AA6-2B41-4E0B-95AA-A494D04E269B,MD,20D7C96E-F162-45A7-894E-B23164CC6CC3,Six O Clock,SportUtilityVehicle,SlowingOrStopping,Northbound,30.0,No,No,2021,FORD,39.30653667,-77.19766667,Explorer_Ford,15,2025,10,17,15,Friday,2025-10-17,42
2699,EJ7906002Z,250045770,Gaithersburg_Police_Department,Injury Crash,2025-10-11 19:18:00,Municipality_Route,OLNEY SANDY SPRING RD,RICHTER FARM RD,Sideswipe (Same Direction),Lane Violation,Clear,Dry,Dark - Not Lighted,No Control,None Detected,362C8414-54D8-4F8D-9B50-95942CCF2113,MD,202BFE07-1843-4CFC-AEBB-5F254C459D82,One O Clock,PassengerCar,MovingConstantSpeed,West,30.0,No,No,2020,TOYOTA,39.1488615,-77.21062833,RAV4_Toyota,19,2025,10,11,19,Saturday,2025-10-11,41
2701,MCP21180021,250046612,Montgomery_County_Police,Property Damage Crash,2025-10-16 18:00:00,County_Route,PINNACLE DR,ENT TO PAINT BRANCH HIGH SCHOOL,Rear-End (Same Direction),Backing Error,Clear,Dry,Daylight,No Control,None Detected,FDBECD2F-3915-40EB-BC6B-0A5A7A0151D1,DC,DC100354-872A-4854-B0DC-B73458385C63,Six O Clock,PassengerCar,Backing,Westbound,25.0,No,No,2010,TOYOTA,39.18210397,-77.26515123,Corolla_Toyota,18,2025,10,16,18,Thursday,2025-10-16,42
2702,MCP2708009K,250046753,Montgomery_County_Police,Property Damage Crash,2025-10-17 16:47:00,Interstate_Route,CAPITAL BELTWAY (WB/L),SPRING ST,Sideswipe (Same Direction),Driver Inattention,Clear,Dry,Daylight,No Control,None Detected,31C93D92-EC01-47FD-8CBD-5D61ADDC2A90,MD,4EC1B85A-B75A-424C-9586-44EB9B0470E4,Two O Clock,PassengerCar,MovingConstantSpeed,Westbound,55.0,No,No,2003,TOYOTA,39.01594018,-77.00753281,Camry_Toyota,16,2025,10,17,16,Friday,2025-10-17,42
2703,MCP263900HH,250047080,Montgomery_County_Police,Property Damage Crash,2025-10-20 10:09:00,Municipality_Route,CHRISTOPHER AVE,BALTIMORE RD,Angle Collision,Road Obstruction,Clear,Dry,Daylight,No Control,None Detected,1D2D1AD3-A653-4A22-9C00-C2FAB18781B5,MD,ED988DF7-5BDC-48CC-8D3E-2015CD441D80,Four O Clock,PassengerCar,MovingConstantSpeed,North,30.0,No,No,2011,KIA,39.1567257,-77.21458193,Optima_Kia,10,2025,10,20,10,Monday,2025-10-20,43
2704,MCP2159003Q,250046832,Montgomery_County_Police,Property Damage Crash,2025-10-18 10:42:00,US_State_Route,WOODFIELD RD,INTERNATIONAL DR,Angle Collision,Road Obstruction,Clear,Dry,Daylight,Traffic Signal,None Detected,DC5437C9-B0F6-46EC-8232-5EFA07B87E1E,MD,E0D283E9-037F-4465-BA8E-39ED134393F7,NonCollision,SchoolBus,Parked,West,2.5,No,Yes,2017,DODGE,39.22781759,-77.26693232,Charger_Dodge,10,2025,10,18,10,Saturday,2025-10-18,42
2705,MCP209400PV,250046350,Montgomery_County_Police,Property Damage Crash,2025-10-15 13:19:00,County_Route,GODDARD RD,CAPITAL BELTWAY,Other,Passing / Turning,Clear,Dry,Daylight,No Control,None Detected,10B6E486-468B-4480-8275-E297850D5B40,MD,5E8FE7EC-37D6-4BEE-B0D5-1B390E385AB6,Three O Clock,SchoolBus,Passing,Eastbound,25.0,No,No,2022,TOYOTA,38.9895445,-77.106869,Prius_Toyota,13,2025,10,15,13,Wednesday,2025-10-15,42
2706,MCP312900DN,250046851,Montgomery_County_Police,Property Damage Crash,2025-10-18 13:35:00,Maryland_State_Route,NORBECK RD,BAUER DR,Rear-End (Same Direction),Congestion / Backup,Clear,Dry,Daylight,Traffic Signal,None Detected,52DB4D43-02FF-4226-A3D3-C4DCD5684E21,MD,98215CF4-AF1C-41D8-AC5F-ED66ABE1B05C,Six O Clock,SportUtilityVehicle,StoppedInTrafficLane,North,35.0,No,No,2022,TOYOTA,39.09607687,-77.10987081,Corolla Cross_Toyota,13,2025,10,18,13,Saturday,2025-10-18,42
2707,MCP209400PT,250046291,Montgomery_County_Police,Injury Crash,2025-10-15 07:48:00,County_Route,MONTROSE RD,BALTIMORE RD,Single Vehicle,Right-of-Way Violation,Clear,Dry,Dawn,Pedestrian Crossing,None Detected,B4372545-64AA-4D78-9672-B3D9958C6F40,MD,6CCD4907-655D-45DB-BBD1-0E112C4487E4,Twelve O Clock,SportUtilityVehicle,MovingConstantSpeed,Eastbound,35.0,No,No,2020,BMW,39.05509967,-77.14686633,X5_BMW,7,2025,10,15,7,Wednesday,2025-10-15,42
2708,MCP34090014,250046959,Montgomery_County_Police,Property Damage Crash,2025-10-19 11:05:00,County_Route,RIFFLE FORD RD,END ROUNDABOUT,Sideswipe (Opposite Direction),Lane Violation,Clear,Dry,Daylight,Traffic Signal,None Detected,8C37912D-DD0D-43A1-AB4B-C1BD16732CF6,MD,D9AE8C32-4AC0-4C83-BABA-B19CFD97C96C,Eight O Clock,PassengerCar,MovingConstantSpeed,Northbound,35.0,No,No,2015,HONDA,39.12092817,-77.267142,CR-V_Honda,11,2025,10,19,11,Sunday,2025-10-19,42
2709,MCP3271006B,250046445,Montgomery_County_Police,Injury Crash,2025-10-15 20:50:00,Maryland_State_Route,RIVER RD,PINEY BRANCH RD,Single Vehicle,Right-of-Way Violation,Clear,Dry,Dark - Not Lighted,Pedestrian Crossing,None Detected,BC2AA1F3-0203-428A-AC5F-2240D122987A,DC,E122A134-0326-4C10-9D25-53EC1D0ECE86,Eleven O Clock,PassengerCar,MovingConstantSpeed,Northbound,35.0,No,No,2023,CHEVROLET,38.96468655,-77.10355319,Bolt EV_Chevrolet,20,2025,10,15,20,Wednesday,2025-10-15,42
2710,MCP3423002N,250046338,Montgomery_County_Police,Property Damage Crash,2025-10-15 11:40:00,County_Route,BROADBIRCH DR,WILLARD AVE,Angle Collision,Right-of-Way Violation,Clear,Dry,Daylight,No Control,None Detected,FDC0E55C-3696-45F9-83A3-221490267BC0,MD,0B3475E9-4EAB-4586-B8C5-6E54EAF8DEDC,VehicleNotAtScene,PassengerCar,MovingConstantSpeed,Westbound,25.0,No,No,2025,TOYOTA,39.05609141,-76.96408011,RAV4_Toyota,11,2025,10,15,11,Wednesday,2025-10-15,42
2711,MCP2335002P,250045167,Montgomery_County_Police,Injury Crash,2025-10-08 05:01:00,County_Route,STRINGTOWN RD,GATEWAY CENTER DR (NB/L),Head-On,Right-of-Way Violation,Clear,Wet,Dark - Lighted,Flashing Traffic Signal,None Detected,AB67D733-D239-4DB1-959C-930C14CD98AA,MD,EFC544CA-FDA2-4EC3-9F08-5F799669351D,Eleven O Clock,PassengerCar,MovingConstantSpeed,Westbound,40.0,No,No,2014,HONDA,39.23469154,-77.28127039,Accord_Honda,5,2025,10,8,5,Wednesday,2025-10-08,41
2712,HA2549000K,25002238,Takoma_Park_Police_Department,Property Damage Crash,2025-10-18 11:24:00,Government_Route,CONNECTICUT AVE,FRANKLIN AVE,Rear vs Side,Backing Error,Clear,Dry,Daylight,Traffic Signal,None Detected,478321EC-8615-4472-887B-E5A8552EE8D9,MD,D7F6EFF9-0611-4CD1-8188-765AD772BFBE,Six O Clock,PassengerCar,Backing,Not On Roadway,25.0,No,No,2016,VOLVO,38.95766922,-77.10778517,S60_Volvo,11,2025,10,18,11,Saturday,2025-10-18,42