Unnamed: 0,Report Number,Local Case Number,Agency Name,ACRS Report Type,Crash Date/Time,Route Type,Road Name,Cross-Street Name,Collision Type,Circumstance_Category,Weather,Surface Condition,Light,Traffic Control,Driver Substance Abuse,Person ID,Drivers License State,Vehicle ID,Vehicle First Impact Location,Vehicle Body Type,Vehicle Movement,Vehicle Going Dir,Speed Limit,Driverless Vehicle,Parked Vehicle,Vehicle Year,Vehicle Make,Latitude,Longitude,Vehicle Model,hour,Crash_year,Crash_month,Crash_day,Crash_hour,Crash_day_name,Crash_date,Crash_week
2713,MCP3450001J,250046245,Montgomery_County_Police,Property Damage Crash,2025-10-14 18:30:00,County_Route,BROADBIRCH DR,COLESVILLE RD,Sideswipe (Same Direction),Lane Violation,Clear,Dry,Daylight,No Control,None Detected,D5BB873C-FA77-40F2-9523-9C5C9C02723B,MD,E3CC29BD-DA06-4922-AB74-6EBDD5EA8806,Eleven O Clock,PassengerCar,MovingConstantSpeed,Northbound,30.0,No,No,2014,HONDA,39.05558961,-76.95613777,Accord_Honda,18,2025,10,14,18,Tuesday,2025-10-14,42
2714,MCP2641005D,250046516,Montgomery_County_Police,Property Damage Crash,2025-10-16 12:47:00,County_Route,FERN ST,UNIVERSITY BLVD W,Angle Collision,Right-of-Way Violation,Clear,Dry,Daylight,Stop Sign,None Detected,22523E9F-35AF-489D-AB8E-8A14B0D77E9B,MD,850EC308-9EE9-4A26-85CA-A36695E81A74,Eleven O Clock,PassengerCar,MakingRightTurn,North,30.0,No,No,2017,NISSAN,39.04145488,-77.04927884,Pathfinder_Nissan,12,2025,10,16,12,Thursday,2025-10-16,42
2715,MCP235300DH,250046509,Montgomery_County_Police,Property Damage Crash,2025-10-16 12:27:00,Maryland_State_Route,MONTGOMERY AVE,MONTGOMERY LA WISCONSIN AVE (SB/L),Sideswipe (Same Direction),Congestion / Backup,Clear,Dry,Daylight,Traffic Signal,None Detected,EDC65799-6E45-4AE8-B183-0117C68B39D8,MD,C5FE5220-9FEF-46B2-9A9C-7EAA5A8758AF,Five O Clock,PassengerCar,StoppedInTrafficLane,South,30.0,No,No,2015,HONDA,38.9835934,-77.09398373,Civic_Honda,12,2025,10,16,12,Thursday,2025-10-16,42
2716,MCP285900K0,250047231,Montgomery_County_Police,Injury Crash,2025-10-21 08:00:00,Maryland_State_Route,CLOPPER RD,STRUC #15087 CABIN JOHN CREEK,Rear-End (Same Direction),Tailgating,Clear,Dry,Daylight,Traffic Signal,None Detected,6FCB2DE2-DDF1-41E5-97AB-FD078122697E,MD,B52BC61C-418F-4489-81D6-5934820801BD,Twelve O Clock,PassengerCar,MovingConstantSpeed,Southbound,35.0,No,No,2023,TESLA,39.14256734,-77.22102586,Model Y_Tesla,8,2025,10,21,8,Tuesday,2025-10-21,43
2717,MCP287100D3,250047177,Montgomery_County_Police,Injury Crash,2025-10-20 18:34:00,Maryland_State_Route,CONNECTICUT AVE,CLUB DR,Other,Road Obstruction,Clear,Dry,Dark - Lighted,No Control,None Detected,42D1B6E0-5F22-4981-A8C0-0DDF8886C9C0,MD,FAAF9471-934E-4782-87CB-C170F4F078CB,Twelve O Clock,PassengerCar,MovingConstantSpeed,West,35.0,No,No,2018,TOYOTA,38.98902767,-77.07695317,Corolla_Toyota,18,2025,10,20,18,Monday,2025-10-20,43
2718,MCP3382002Q,250045853,Montgomery_County_Police,Injury Crash,2025-10-12 14:01:00,Maryland_State_Route,VEIRS MILL RD (WB/L),HAVARD ST,Single Vehicle,Driver Inattention,Clear,Dry,Daylight,No Control,None Detected,980245FA-CA3D-4AC8-A240-250EA155755E,MD,D378C7D2-5318-4AE3-A814-1131F891D2B2,VehicleNotAtScene,PassengerCar,MovingConstantSpeed,Northbound,45.0,No,No,2018,TOYOTA,39.0583535,-77.08625218,Corolla_Toyota,14,2025,10,12,14,Sunday,2025-10-12,41
2719,MCP3156003K,250046476,Montgomery_County_Police,Property Damage Crash,2025-10-16 09:12:00,Maryland_State_Route,PINEY BRANCH RD,BLAIR MILL WAY,Head-On,Right-of-Way Violation,Clear,Dry,Daylight,Other Pavement Marking,None Detected,8048A693-9AEE-44AE-B025-F09B6E88DE7E,DC,0ABD9259-259E-4FC2-9466-3629BF58A413,One O Clock,PassengerCar,ChangingLanes,Southbound,30.0,No,No,2009,TOYOTA,38.99785307,-77.00442657,RAV4_Toyota,9,2025,10,16,9,Thursday,2025-10-16,42
2720,MCP3123008F,250046812,Montgomery_County_Police,Property Damage Crash,2025-10-18 08:04:00,County_Route,WINTERGATE DR,NO NAME NORBECK RD,Rear vs Side,Traffic Control Violation,Clear,Dry,Daylight,Traffic Signal,None Detected,19BDEFE8-D143-46A1-8B70-979378AD4670,MD,22D55CF2-052F-4B5A-ABF4-9F235B8A9EDA,One O Clock,PassengerCar,MakingLeftTurn,Northbound,35.0,No,No,2009,TOYOTA,39.11241238,-77.05911165,Camry_Toyota,8,2025,10,18,8,Saturday,2025-10-18,42
2721,MCP3450001J,250046245,Montgomery_County_Police,Property Damage Crash,2025-10-14 18:30:00,County_Route,BROADBIRCH DR,LONG CORNER RD,Sideswipe (Same Direction),Lane Violation,Clear,Dry,Daylight,No Control,None Detected,1C288886-12B6-443A-A06B-5A265513198A,MD,CBD40AEB-7E84-4FDF-9785-BFF88B0D90AE,VehicleNotAtScene,SportUtilityVehicle,ChangingLanes,Northbound,30.0,No,No,2007,VOLVO,39.05558961,-76.95613777,XC90_Volvo,18,2025,10,14,18,Tuesday,2025-10-14,42
2723,MCP3040008M,250046782,Montgomery_County_Police,Property Damage Crash,2025-10-17 20:00:00,County_Route,BREADY RD,EMORY GROVE RD,Single Vehicle,Lane Violation,Clear,Dry,Dark - Not Lighted,No Control,None Detected,C468E2CF-DC99-4F81-860A-E470622D73FE,MD,AD5A931C-F3AD-4D10-8BAD-F8FC1857C324,Twelve O Clock,PassengerCar,MovingConstantSpeed,Westbound,25.0,No,No,2016,FORD,39.15151483,-77.10028433,Focus_Ford,20,2025,10,17,20,Friday,2025-10-17,42
2724,MCP22510032,250046781,Montgomery_County_Police,Property Damage Crash,2025-10-17 19:46:00,County_Route,GLEN MILL RD,SUNSET DR,Head-On,Right-of-Way Violation,Clear,Dry,Dark - Not Lighted,No Control,None Detected,E1198B0E-C0C3-4390-9E80-09EFBB7E7BF0,MD,CACD46C8-BBE5-4E1C-9C0A-C1D56B281524,Twelve O Clock,PassengerCar,MakingLeftTurn,Westbound,30.0,No,No,2024,TOYOTA,39.07304283,-77.20728433,Camry_Toyota,19,2025,10,17,19,Friday,2025-10-17,42
2725,MCP30380085,250047024,Montgomery_County_Police,Property Damage Crash,2025-10-19 19:48:00,County_Route,PRIMROSE ST,ESMOND TERR,Sideswipe (Opposite Direction),Lane Violation,Clear,Dry,Dark - Lighted,No Control,Suspect Alcohol (Unclear),9FDB37F3-B4EA-4EA4-AB83-B383EE79CAF6,MD,1639807E-C6E6-4CBA-AE28-35853B3A081B,VehicleNotAtScene,SportUtilityVehicle,EnteringTrafficLane,Eastbound,25.0,No,No,2014,JEEP,38.99766167,-77.034146,Grand Cherokee_Jeep,19,2025,10,19,19,Sunday,2025-10-19,42
2726,MCP3085006K,250046754,Montgomery_County_Police,Property Damage Crash,2025-10-17 17:00:00,Maryland_State_Route,UNIVERSITY BLVD W (WB/L),CONNECTICUT AVE (SB/L),Sideswipe (Same Direction),Lane Violation,Clear,Dry,Daylight,No Control,None Detected,2FDCE5DA-4DB6-4770-9E4B-9A501A59D346,MD,B35EC766-3CF0-4720-B653-787F85070BC6,One O Clock,PassengerCar,SlowingOrStopping,Southbound,35.0,No,No,2021,TOYOTA,39.03153092,-77.07506539,RAV4_Toyota,17,2025,10,17,17,Friday,2025-10-17,42
2727,MCP32570093,250046284,Montgomery_County_Police,Property Damage Crash,2025-10-15 03:50:00,County_Route,NICHOLSON LA,ROCKVILLE PIKE,Sideswipe (Opposite Direction),Lane Violation,Clear,Dry,Dark - Lighted,Traffic Signal,None Detected,975E99CD-663A-485D-AD55-6E5EE02EFE1C,MD,A20AEAA9-0F89-47DE-8591-9F409A4BEA1C,Eight O Clock,PassengerCar,MovingConstantSpeed,Eastbound,30.0,No,No,2017,VOLKSWAGEN,39.04478598,-77.11160476,GTI_Volkswagen,3,2025,10,15,3,Wednesday,2025-10-15,42
2728,MCP3377003H,250045815,Montgomery_County_Police,Property Damage Crash,2025-10-12 04:45:00,County_Route,W DIAMOND AVE,MIDCOUNTY HWY (SB/L),Rear-End (Same Direction),Speed Related,Rain,Wet,Dark - Lighted,Traffic Signal,None Detected,0EDB2DE1-F2EB-4F46-8F8D-9BDAEE4C53D9,MD,BCE3F59A-D48C-46AE-853B-B2B804B0EAEA,Twelve O Clock,PassengerCar,MovingConstantSpeed,North,50.0,No,No,2007,DODGE,39.1579664,-77.19198226,Charger_Dodge,4,2025,10,12,4,Sunday,2025-10-12,41
2729,MCP2420006D,250046298,Montgomery_County_Police,Injury Crash,2025-10-15 08:50:00,County_Route,NORWOOD RD,TEMPLETON PL,Single Vehicle,Lane Violation,Clear,Dry,Daylight,No Control,None Detected,ABAC09F0-7921-40D4-AECD-F57E3B8C93E1,MD,37FD66D6-93FA-43B5-BC81-E846FBCDF025,Underside,PassengerCar,MovingConstantSpeed,Southbound,30.0,No,No,2019,TESLA,39.13959017,-77.03212817,Model S_Tesla,8,2025,10,15,8,Wednesday,2025-10-15,42
2730,MCP3113007K,250045897,Montgomery_County_Police,Property Damage Crash,2025-10-12 21:15:00,County_Route,E RANDOLPH RD (WB/L),BRIGGS CHANEY RD (WB/L),Single Vehicle,Weather Related,Rain,Wet,Dark - Lighted,Traffic Signal,None Detected,EAA2F033-DD0D-46B0-924F-B8BDE913EE29,NY,BAEA1EAB-8E50-4E63-9B5D-369B77D942E9,Underside,PassengerCar,MakingRightTurn,East,30.0,No,No,2018,TOYOTA,39.08121047,-76.94623453,Camry_Toyota,21,2025,10,12,21,Sunday,2025-10-12,41
2731,MCP137801F0,250047157,Montgomery_County_Police,Injury Crash,2025-10-20 16:25:00,County_Route,PLYERS MILL RD,GEORGIA AVE (SB/L),Angle Collision,Right-of-Way Violation,Clear,Dry,Daylight,Traffic Signal,None Detected,00E1B04D-A6B6-4A19-B97D-A7829F8F4228,MD,5E5F4D2F-32DB-4CBF-A7F3-208A76D81226,Twelve O Clock,PickupTruck,MovingConstantSpeed,Southbound,35.0,No,No,2015,CHEVROLET,39.03002394,-77.04779041,Silverado_Chevrolet,16,2025,10,20,16,Monday,2025-10-20,43
2732,MCP3402004K,250046810,Montgomery_County_Police,Injury Crash,2025-10-18 06:55:00,County_Route,GOSHEN RD,LELAND ST,Single Vehicle,Lane Violation,Clear,Dry,Dark - Not Lighted,No Control,None Detected,7C74E940-BA21-415D-B61A-8096DD35DCE1,MD,A3E0464E-D325-488D-BD89-3D5A18C9235C,Twelve O Clock,PassengerCar,MovingConstantSpeed,Northbound,35.0,No,No,2011,CHEVROLET,39.07079239,-76.93778999,Equinox_Chevrolet,6,2025,10,18,6,Saturday,2025-10-18,42
2733,MCP32320075,250046760,Montgomery_County_Police,Property Damage Crash,2025-10-17 17:19:00,Private_Route,ARCOLA AVE,NORBECK RD,Other,Right-of-Way Violation,Clear,Dry,Daylight,No Control,None Detected,FC97B998-0A39-481B-A692-811A552D8828,MD,E2CB17B9-C43B-4F8C-898B-1C6C0F008BB5,Twelve O Clock,SportUtilityVehicle,MakingRightTurn,Unknown,15.0,No,No,2025,KIA,39.1531525,-77.06425903,Optima_Kia,17,2025,10,17,17,Friday,2025-10-17,42
2734,MCP235300DG,250046474,Montgomery_County_Police,Injury Crash,2025-10-16 09:15:00,Interstate_Route,CAPITAL BELTWAY (WB/L),WHEATLEY ST,Rear-End (Same Direction),Tailgating,Clear,Dry,Daylight,No Control,None Detected,1A99485E-EFA4-4063-8E13-7A950FFBD930,VA,E82F2A03-AA00-4A96-9AB1-3EFDC1112842,Twelve O Clock,PassengerCar,SlowingOrStopping,Northbound,55.0,No,No,2010,MERCEDES-BENZ,39.01499205,-77.12443082,C-Class_Mercedes-Benz,9,2025,10,16,9,Thursday,2025-10-16,42
2735,MCP3329004W,250046243,Montgomery_County_Police,Property Damage Crash,2025-10-16 18:32:00,US_State_Route,CONNECTICUT AVE,BRINK RD,Angle Collision,Right-of-Way Violation,Clear,Dry,Daylight,Person Control,None Detected,975246AB-2477-44F3-ACFD-5A0A4853D82E,XX,8CCCFF64-4236-4339-93B1-A1C13E17291D,VehicleNotAtScene,PickupTruck,MakingLeftTurn,Unknown,2.5,No,No,2022,HONDA,39.04584049,-76.97568476,Civic_Honda,18,2025,10,16,18,Thursday,2025-10-16,42
2736,MCP33560038,250046749,Montgomery_County_Police,Property Damage Crash,2025-10-17 17:01:00,County_Route,AIRCRAFT DR,GERMANTOWN RD (SB/L),Angle Collision,Road Obstruction,Clear,Dry,Daylight,Traffic Signal,None Detected,898B943F-259A-4E0C-84F6-0EC99E2913CD,MD,FFB9AB99-F737-4780-8536-F2B89F38A3CD,One O Clock,PassengerCar,MovingConstantSpeed,North,45.0,No,No,2014,HYUNDAI,39.18209445,-77.26024815,Sonata_Hyundai,17,2025,10,17,17,Friday,2025-10-17,42
2737,MCP287500BN,250046725,Montgomery_County_Police,Property Damage Crash,2025-10-17 15:25:00,Maryland_State_Route,RIDGE RD,TORREY POND PL,Rear-End (Same Direction),Congestion / Backup,Clear,Dry,Daylight,No Control,None Detected,0F2AB2B2-532E-428B-A85C-41293C0A8891,MD,73FC9D65-6508-4C4E-8B8A-50173FDCBD21,Six O Clock,SportUtilityVehicle,SlowingOrStopping,Northbound,30.0,No,No,2018,SUBARU,39.30653667,-77.19766667,Crosstrek_Subaru,15,2025,10,17,15,Friday,2025-10-17,42
2738,EJ7879004K,250046929,Gaithersburg_Police_Department,Property Damage Crash,2025-10-19 00:51:00,Municipality_Route,WASHINGTONIAN BLVD,COLUMBIA PIKE,Single Vehicle,Driver Inattention,Clear,Dry,Dark - Lighted,No Control,Suspect Alcohol (Unclear),D1834EBF-7FBC-488A-AF20-F6F54D2263A8,MD,33FCFD8E-F38E-470D-8229-94A72F50A9D1,One O Clock,PassengerCar,MovingConstantSpeed,Westbound,30.0,No,No,2024,TOYOTA,39.11756504,-77.20362634,Camry_Toyota,0,2025,10,19,0,Sunday,2025-10-19,42
2739,MCP3450001K,250047148,Montgomery_County_Police,Injury Crash,2025-10-20 16:14:00,County_Route,LOCKSLEY LA,RANDOLPH RD,Rear-End (Same Direction),Congestion / Backup,Clear,Dry,Daylight,Traffic Signal,None Detected,72646EDE-C6CC-459E-9621-6E8881B373BF,MD,B7374AF7-F7D2-4977-894B-64FA68C6DA4B,Six O Clock,PassengerCar,SlowingOrStopping,North,40.0,No,No,2017,TOYOTA,39.07147167,-77.01126767,Camry_Toyota,16,2025,10,20,16,Monday,2025-10-20,43
2740,MCP3376002P,250046253,Montgomery_County_Police,Property Damage Crash,2025-10-14 19:36:00,County_Route,PRICE AVE,GEORGIA AVE,Sideswipe (Same Direction),Lane Violation,Clear,Dry,Dark - Lighted,No Control,None Detected,56FE5545-4C9A-4873-9244-C332506A76BA,MD,02402B7B-B2DD-4202-87A3-F36E8AD4AC01,One O Clock,SportUtilityVehicle,MovingConstantSpeed,Northbound,30.0,No,No,2022,HONDA,39.04012355,-77.05123558,CR-V_Honda,19,2025,10,14,19,Tuesday,2025-10-14,42
2741,MCP3197004W,250046424,Montgomery_County_Police,Injury Crash,2025-10-15 18:54:00,Maryland_State_Route,GEORGIA AVE,STONEY BOTTOM RD,Rear-End (Same Direction),Congestion / Backup,Clear,Dry,Dark - Lighted,No Control,None Detected,B947F77B-90AB-47E4-AF7B-31AC82BFF674,MD,7F5A02FA-6388-476E-91ED-6264770DF27B,Six O Clock,PassengerCar,StoppedInTrafficLane,Northbound,40.0,No,No,2015,LEXUS,39.12910733,-77.07123883,RX_Lexus,18,2025,10,15,18,Wednesday,2025-10-15,42
2742,DD5653005N,250046834,Rockville_Police_Department,Injury Crash,2025-10-18 10:45:00,Maryland_State_Route,ROCKVILLE PIKE (SB/L),DEL RAY AVE,Rear-End (Same Direction),Right-of-Way Violation,Clear,Dry,Daylight,No Control,None Detected,31587CE9-8E92-44D9-8231-DE91202B6780,MD,4497BD9A-F328-44B9-A2F5-4CAA21196BE8,Six O Clock,PassengerCar,Accelerating,Southbound,35.0,No,No,2015,TOYOTA,39.06093287,-77.12335714,Prius_Toyota,10,2025,10,18,10,Saturday,2025-10-18,42
2743,MCP235300DG,250046474,Montgomery_County_Police,Injury Crash,2025-10-16 09:15:00,Interstate_Route,CAPITAL BELTWAY (WB/L),RIDGE RD,Rear-End (Same Direction),Congestion / Backup,Clear,Dry,Daylight,No Control,None Detected,02975BD2-18F9-44CE-A7B1-D11EF2D648AE,MD,FA90E31B-42F0-4420-924C-E1D2577F517C,Six O Clock,SportUtilityVehicle,StoppedInTrafficLane,Northbound,55.0,No,No,2019,NISSAN,39.01499205,-77.12443082,Rogue_Nissan,9,2025,10,16,9,Thursday,2025-10-16,42
2744,MCP2637006B,250047068,Montgomery_County_Police,Property Damage Crash,2025-10-20 08:32:00,County_Route,GLEN RD,BEACH DR,Rear-End (Same Direction),Tailgating,Cloudy,Wet,Daylight,Person Control,None Detected,8CC676F6-3D92-4C5C-BA43-E72FB1170834,MD,4EE3DC7B-85BB-4F13-B181-F0F4896FF08E,Twelve O Clock,PassengerCar,MovingConstantSpeed,Eastbound,30.0,No,No,2014,CADILLAC,39.06175904,-77.24836041,CTS_Cadillac,8,2025,10,20,8,Monday,2025-10-20,43
2745,MCP2939008B,250046878,Montgomery_County_Police,Injury Crash,2025-10-18 16:45:00,Maryland_State_Route,GERMANTOWN RD (SB/L),ENT TO SHADY GROVE METRO STATION,Rear-End (Same Direction),Tailgating,Clear,Dry,Daylight,Traffic Signal,None Detected,6E806D9A-F15C-4B68-AF30-A10DA830F709,MD,9CEA1CDF-76CA-412C-BE8F-341CD3C5BD91,Twelve O Clock,PassengerCar,SlowingOrStopping,Southbound,40.0,No,No,2023,TOYOTA,39.16361783,-77.28271933,RAV4_Toyota,16,2025,10,18,16,Saturday,2025-10-18,42
2747,MCP22510031,250045719,Montgomery_County_Police,Injury Crash,2025-10-11 12:35:00,County_Route,KENNEWICK AVE,PLEASANT RIDGE DR,Sideswipe (Same Direction),Right-of-Way Violation,Clear,Dry,Daylight,No Control,None Detected,9CC7E7E7-C454-4A02-8C5E-AFC67F08A9D6,MD,51E3B5A4-6CF9-4D3B-9495-0ABE0A0A1F4B,Three O Clock,PassengerCar,EnteringTrafficLane,Southbound,35.0,No,No,2014,VOLKSWAGEN,39.0422106,-77.15958326,Jetta_Volkswagen,12,2025,10,11,12,Saturday,2025-10-11,41
2748,MCP3407001P,250046578,Montgomery_County_Police,Property Damage Crash,2025-10-16 17:03:00,Maryland_State_Route,FREDERICK RD,WOLF DR,Rear-End (Same Direction),Passing / Turning,Clear,Dry,Daylight,No Control,None Detected,A346B0D3-0B20-4850-865C-BDCAB4236C7D,MD,61530F3B-B059-46CF-B7F3-1DE48B7AF44E,One O Clock,PassengerCar,ChangingLanes,Northbound,35.0,No,No,2021,BMW,39.19263333,-77.24259167,3 Series_BMW,17,2025,10,16,17,Thursday,2025-10-16,42
2749,MCP3348004V,250045462,Montgomery_County_Police,Property Damage Crash,2025-10-09 17:55:00,County_Route,RANDOLPH RD,RAMP 7 FR DEMOCRACY BLVD WB TO RAMP 6,Rear-End (Same Direction),Tailgating,Clear,Dry,Daylight,No Control,None Detected,3A463193-AE1F-4D5E-A2E3-9F95C5842D8E,MD,67E8C5B2-29CD-477A-BE35-047895FFC885,Twelve O Clock,SportUtilityVehicle,SlowingOrStopping,Eastbound,35.0,No,No,2018,TOYOTA,39.07515297,-77.00442906,4Runner_Toyota,17,2025,10,9,17,Thursday,2025-10-09,41
2750,MCP3196004B,250047039,Montgomery_County_Police,Injury Crash,2025-10-19 22:05:00,Maryland_State_Route,FREDERICK RD (SB/L),GEORGIA AVE,Head-On,Weather Related,Rain,Wet,Dark - Lighted,Traffic Signal,None Detected,5B3049EB-1F4D-43C6-8970-364424A2A331,MD,D79E6DC4-0AB2-4176-9BBC-C09C458CCAC5,Six O Clock,PassengerCar,MovingConstantSpeed,Unknown,40.0,No,No,2019,TOYOTA,39.171659,-77.23629,Corolla_Toyota,22,2025,10,19,22,Sunday,2025-10-19,42
2751,DD5652005Y,250046410,Rockville_Police_Department,Injury Crash,2025-10-15 17:37:00,Maryland_State_Route,NORBECK RD,SPARROW VALLEY DR,Rear-End (Same Direction),Tailgating,Clear,Dry,Daylight,No Control,None Detected,F0BD367A-0B18-4820-B931-68FC8ADA165B,MD,301E1F4B-5F69-49F8-B8B5-71EE6A5F6ADB,Twelve O Clock,PassengerCar,Accelerating,Eastbound,45.0,No,No,2015,CHEVROLET,39.09140866,-77.12585209,Silverado_Chevrolet,17,2025,10,15,17,Wednesday,2025-10-15,42
2752,MCP27880041,250046085,Montgomery_County_Police,Property Damage Crash,2025-10-13 23:02:00,County_Route,RANDOLPH RD (WB/L),RAMP 2 FR IS 495 WB TO MD 193 NB,Single Vehicle,Lane Violation,Rain,Wet,Dark - Lighted,No Control,None Detected,E3F1AD9E-6E2F-4A24-969E-0CD373C710EC,MD,CF270ECF-8F0C-4D63-BC46-4DF76E44DF76,RoofTop,PassengerCar,NegotiatingCurve,Westbound,35.0,No,No,1993,VOLVO,39.05334933,-77.08911517,S60_Volvo,23,2025,10,13,23,Monday,2025-10-13,42
2753,MCP3085006K,250046754,Montgomery_County_Police,Property Damage Crash,2025-10-17 17:00:00,Maryland_State_Route,UNIVERSITY BLVD W (WB/L),CONNECTICUT AVE (SB/L),Sideswipe (Same Direction),Lane Violation,Clear,Dry,Daylight,No Control,Suspect Alcohol Only,B99132AF-5F91-415C-9E2E-F22743396B23,VA,47DA363C-C92E-494C-90A2-C59B43127C93,VehicleNotAtScene,PassengerCar,Accelerating,Southbound,35.0,No,No,2017,NISSAN,39.03153092,-77.07506539,Rogue_Nissan,17,2025,10,17,17,Friday,2025-10-17,42
2754,MCP3348004X,250046604,Montgomery_County_Police,Injury Crash,2025-10-16 20:06:00,Maryland_State_Route,CONNECTICUT AVE,ROSEMARY HILLS RD,Head-On,Driver Inattention,Clear,Dry,Dark - Lighted,No Control,None Detected,8790ED5D-E28B-49BF-8AA9-13902DFC42E2,MD,7F65F824-0960-486B-B880-44C6408340CC,Eleven O Clock,PassengerCar,Accelerating,Southbound,35.0,No,No,2014,TOYOTA,39.06519117,-77.0739515,Camry_Toyota,20,2025,10,16,20,Thursday,2025-10-16,42
2755,MCP285900K0,250047231,Montgomery_County_Police,Injury Crash,2025-10-21 08:00:00,Maryland_State_Route,CLOPPER RD,OAK LEAF DR,Rear-End (Same Direction),Road Obstruction,Clear,Dry,Daylight,Traffic Signal,None Detected,3EC6F80E-7845-4540-A990-9106F7244AD0,DC,499F60EE-A06C-423B-A0EE-23D030FDD55E,Six O Clock,PassengerCar,StoppedInTrafficLane,Southbound,35.0,No,No,2016,HYUNDAI,39.14256734,-77.22102586,Elantra_Hyundai,8,2025,10,21,8,Tuesday,2025-10-21,43
2756,MCP3426002Q,250045428,Montgomery_County_Police,Injury Crash,2025-10-09 15:25:00,Local_Route,PARKING LOT CUT THRU CUT,FALLS RD,Head-On,Right-of-Way Violation,Clear,Dry,Daylight,Traffic Signal,None Detected,B4969918-9F63-47FA-9993-BC2765225AA0,MD,EC6D2DBC-4CD6-48CE-A538-8492B9893DF2,Twelve O Clock,PassengerCar,MakingLeftTurn,Southbound,35.0,No,No,2023,HONDA,39.02497972,-77.12522556,Accord_Honda,15,2025,10,9,15,Thursday,2025-10-09,41
2758,MCP287100D3,250047177,Montgomery_County_Police,Injury Crash,2025-10-20 18:34:00,Maryland_State_Route,CONNECTICUT AVE,CLUB DR,Other,Right-of-Way Violation,Clear,Dry,Dark - Lighted,No Control,None Detected,2F01557F-4D5C-4CE2-9387-F2F1C3EB3930,MD,588B2568-A577-4FF6-B0B3-F13B0A899B03,Three O Clock,PassengerCar,MakingLeftTurn,South,35.0,No,No,2022,TOYOTA,38.98902767,-77.07695317,Prius_Toyota,18,2025,10,20,18,Monday,2025-10-20,43
2759,MCP34080027,250046353,Montgomery_County_Police,Property Damage Crash,2025-10-15 13:30:00,US_State_Route,GEORGIA AVE (SB/L),GEORGIA AVE,Angle Collision,Passing / Turning,Clear,Dry,Daylight,Traffic Signal,None Detected,3F32ABF7-1132-429A-8FED-F8920594CD08,MD,430987EF-241E-48D7-B93D-06BEEDE0C025,Two O Clock,SingleUnitTruck,MakingRightTurn,Northbound,25.0,No,No,2025,BMW,38.99609919,-77.02804844,M2_BMW,13,2025,10,15,13,Wednesday,2025-10-15,42
2760,DM8386002D,250046281,Takoma_Park_Police_Department,Property Damage Crash,2025-10-15 02:00:00,Municipality_Route,ERSKINE ST,WASHINGTONIAN BLVD,Rear-End (Same Direction),Lane Violation,Clear,Dry,Dark - Lighted,No Control,Suspect Alcohol Only,FA8FAD5D-798F-471D-BF51-5FB65565AEF1,MD,439F6D4F-8850-453F-ABD7-45C97DDF75D0,Twelve O Clock,PassengerCar,SlowingOrStopping,Westbound,25.0,No,No,2009,DODGE,38.98134936,-76.98863103,Journey_Dodge,2,2025,10,15,2,Wednesday,2025-10-15,42
2761,MCP3414002B,250046152,Montgomery_County_Police,Property Damage Crash,2025-10-14 10:40:00,County_Route,FENTON ST,RAMP 6 FR MD 198 EB TO US 29 SB,Sideswipe (Opposite Direction),Passing / Turning,Cloudy,Wet,Daylight,No Control,None Detected,6D46505C-E6E0-4E28-9C0A-20FA604390A8,MD,815E263B-2393-41BB-A2D6-1D0079949D37,Eleven O Clock,TransitBus,Accelerating,Northbound,25.0,No,No,2016,ACURA,38.99279138,-77.02407345,MDX_Acura,10,2025,10,14,10,Tuesday,2025-10-14,42
2762,MCP2987009W,250047315,Montgomery_County_Police,Injury Crash,2025-10-21 14:42:00,Ramp_Route,RAMP 7 FR RP 2 (FR MD200 WB) TO US 29 SB,COLUMBIA PIKE (SB/L),Rear-End (Same Direction),Speed Related,Clear,Dry,Daylight,Traffic Signal,None Detected,2D22031A-D41F-47D1-AA23-838ADDE5D52C,PA,F6F9AAE3-A3E1-4722-A22C-5EBC091EDBF3,Six O Clock,PassengerCar,StoppedInTrafficLane,Southbound,50.0,No,No,2022,HYUNDAI,39.07406867,-76.955474,Tucson_Hyundai,14,2025,10,21,14,Tuesday,2025-10-21,43
2763,MCP3433000T,250046648,Montgomery_County_Police,Property Damage Crash,2025-10-17 06:33:00,US_State_Route,COLUMBIA PIKE,WELLER RD,Rear-End (Same Direction),Tailgating,Clear,Dry,Dark - Not Lighted,No Control,None Detected,C490FD7E-74F1-4612-AD49-4BFA651788EB,MD,22F37CB2-47A5-4225-A888-18E49C80AC32,Twelve O Clock,PassengerCar,MovingConstantSpeed,Southbound,50.0,No,No,2016,TOYOTA,39.07684377,-76.95319073,Camry_Toyota,6,2025,10,17,6,Friday,2025-10-17,42