Unnamed: 0,Report Number,Local Case Number,Agency Name,ACRS Report Type,Crash Date/Time,Route Type,Road Name,Cross-Street Name,Collision Type,Circumstance_Category,Weather,Surface Condition,Light,Traffic Control,Driver Substance Abuse,Person ID,Drivers License State,Vehicle ID,Vehicle First Impact Location,Vehicle Body Type,Vehicle Movement,Vehicle Going Dir,Speed Limit,Driverless Vehicle,Parked Vehicle,Vehicle Year,Vehicle Make,Latitude,Longitude,Vehicle Model,hour,Crash_year,Crash_month,Crash_day,Crash_hour,Crash_day_name,Crash_date,Crash_week
2764,MCP3426002S,250046218,Montgomery_County_Police,Property Damage Crash,2025-10-14 16:13:00,County_Route,WESTBARD AVE,MERRIMAC DR,Angle Collision,Right-of-Way Violation,Clear,Dry,Daylight,Traffic Signal,None Detected,BC65D1E4-A25E-47FA-B5F2-276CF74BA965,MD,7BA11674-95DD-4688-8C62-4AA215816BE6,Three O Clock,SchoolBus,MakingLeftTurn,Not On Roadway,20.0,No,No,2017,HONDA,38.963614,-77.10656582,Accord_Honda,16,2025,10,14,16,Tuesday,2025-10-14,42
2765,MCP28000075,250045789,Montgomery_County_Police,Property Damage Crash,2025-10-11 19:15:00,County_Route,FREDERICK RD,CONNECTICUT AVE,Rear-End (Same Direction),Tailgating,Clear,Dry,Dark - Lighted,No Control,None Detected,5BF87629-A6C1-41A5-BC98-C3FC72FF74F1,MD,40A8A0D1-0A16-4677-890F-13B9005DAC43,Twelve O Clock,PassengerCar,MovingConstantSpeed,Eastbound,30.0,No,No,2014,ACURA,39.01392874,-77.08992246,TL_Acura,19,2025,10,11,19,Saturday,2025-10-11,41
2766,MCP3085006J,250046609,Montgomery_County_Police,Property Damage Crash,2025-10-16 20:30:00,County_Route,NO NAME,GRUBB RD,Rear-End (Same Direction),Tailgating,Clear,Dry,Dark - Lighted,No Control,None Detected,94E1BF7B-C026-483D-8090-7877FCDD4F7D,MD,2F1A9922-AE5F-40CA-B025-DFA5B5B43A5F,Six O Clock,PassengerCar,StoppedInTrafficLane,Northbound,35.0,No,No,2013,FORD,38.99365203,-77.05173548,F-150_Ford,20,2025,10,16,20,Thursday,2025-10-16,42
2767,MCP1305006D,250044595,Montgomery_County_Police,Injury Crash,2025-10-04 04:01:00,Bicycle_Route,OLD GEORGETOWN RD,FALLSGROVE DR,Single Vehicle,Driver Inattention,Clear,Dry,Dark - Lighted,No Control,None Detected,C236B165-C60D-49E6-B4B9-D8C046064124,MD,AB9E0737-B264-4A3F-A727-FC1B08A89B06,One O Clock,SingleUnitTruck,MovingConstantSpeed,Northbound,45.0,No,No,2022,FORD,39.152696,-77.14182583,F-150_Ford,4,2025,10,4,4,Saturday,2025-10-04,40
2768,MCP32320075,250046760,Montgomery_County_Police,Property Damage Crash,2025-10-17 17:19:00,Private_Route,RANDOLPH RD,LOCKWOOD DR,Other,Weather Related,Clear,Dry,Daylight,No Control,None Detected,80384395-F3C0-4BE9-B682-F59516018DB9,MD,7249F421-0BFE-44B8-A124-DC8502777C35,Six O Clock,SportUtilityVehicle,Parked,East,15.0,No,Yes,2020,MAZDA,39.1531525,-77.06425903,CX-5_Mazda,17,2025,10,17,17,Friday,2025-10-17,42
2769,MCP34090013,250046411,Montgomery_County_Police,Property Damage Crash,2025-10-15 17:50:00,County_Route,SHADY GROVE RD (SB/L),PRESERVE PKWY,Rear-End (Same Direction),Tailgating,Clear,Dry,Daylight,Traffic Signal,None Detected,EB778402-97A8-479A-B100-B65501B16430,MD,C1C34B02-8615-4230-9848-03EF52158D79,Five O Clock,PassengerCar,StoppedInTrafficLane,Northbound,35.0,No,No,2018,SUBARU,39.11504939,-77.18550715,Forester_Subaru,17,2025,10,15,17,Wednesday,2025-10-15,42
2770,MCP34940004,250046212,Montgomery_County_Police,Injury Crash,2025-10-14 16:06:00,County_Route,SEMINARY PL,BROOKVILLE RD SEMINARY RD,Single Vehicle,Right-of-Way Violation,Clear,Dry,Daylight,Stop Sign,None Detected,465F7662-AC8D-4BD7-A2A5-E647973B8FB3,MD,806893D0-E4FC-4183-8A88-EEE7D3BB778D,Twelve O Clock,PassengerCar,Accelerating,Westbound,30.0,No,No,2011,FORD,39.00978017,-77.04431783,F-150_Ford,16,2025,10,14,16,Tuesday,2025-10-14,42
2771,MCP3197004W,250046424,Montgomery_County_Police,Injury Crash,2025-10-15 18:54:00,Maryland_State_Route,GEORGIA AVE,RAMP 5 FR IS 270 SB TO SHADY GROVE RD,Rear-End (Same Direction),Tailgating,Clear,Dry,Dark - Lighted,No Control,None Detected,569FAF1F-6B82-46D2-9A5A-98A416713386,MD,43894FC1-58F2-4493-8E80-7CE5F7FB16D0,Twelve O Clock,PassengerCar,MovingConstantSpeed,Northbound,40.0,No,No,2017,CHEVROLET,39.12910733,-77.07123883,Trax_Chevrolet,18,2025,10,15,18,Wednesday,2025-10-15,42
2772,HA25590002,25002252,Takoma_Park_Police_Department,Property Damage Crash,2025-10-20 08:32:00,Maryland_State_Route,GEORGIA AVE (SB/L),GAITHER RD,Sideswipe (Same Direction),Lane Violation,Cloudy,Dry,Daylight,Traffic Signal,None Detected,9DDFB592-71BD-43D5-82CA-01582B1D77F1,MD,25A5D8F8-AF28-4EA1-A8BE-691A029263D3,VehicleNotAtScene,PassengerCar,MakingLeftTurn,Southbound,25.0,No,No,2009,HONDA,39.04757153,-77.05194982,Civic_Honda,8,2025,10,20,8,Monday,2025-10-20,43
2773,MCP34420014,250046354,Montgomery_County_Police,Property Damage Crash,2025-10-15 13:25:00,County_Route,PINEY BRANCH RD,FIRST ST,Back-to-Back,Backing Error,Clear,Dry,Daylight,Traffic Signal,None Detected,C28F46AF-F8D6-4C2A-9635-4D2BA704849B,US,AE9CAD3B-894E-44C4-9D91-22892F7D5802,VehicleNotAtScene,PassengerCar,Backing,Not On Roadway,2.5,No,No,2017,FORD,39.02568574,-77.12429541,F-150_Ford,13,2025,10,15,13,Wednesday,2025-10-15,42
2774,MCP3339005L,250046239,Montgomery_County_Police,Property Damage Crash,2025-10-14 18:38:00,County_Route,ASPEN HILL RD,CALHOUN DR,Rear-End (Same Direction),Driver Inattention,Clear,Dry,Dusk,No Control,None Detected,C5E4D43C-44B6-4C51-8D11-3E8166C33EBA,MD,DFBB5D74-9D1A-46D0-B0BC-A76DF4248EC1,Six O Clock,Van - Passenger (&lt;9 Seats),SlowingOrStopping,Westbound,35.0,No,No,2008,FORD,39.08027217,-77.07837317,E-Series_Ford,18,2025,10,14,18,Tuesday,2025-10-14,42
2775,MCP21180021,250046612,Montgomery_County_Police,Property Damage Crash,2025-10-16 18:00:00,County_Route,PINNACLE DR,BEECH AVE,Rear-End (Same Direction),Right-of-Way Violation,Clear,Dry,Daylight,Stop Sign,None Detected,64BF8498-DFC4-4501-99DB-80013973BCED,MD,98FAB81E-5CBA-4232-B3FD-243417019241,One O Clock,SportUtilityVehicle,MakingLeftTurn,Northbound,25.0,No,No,2018,NISSAN,39.18210397,-77.26515123,Rogue Sport_Nissan,18,2025,10,16,18,Thursday,2025-10-16,42
2776,MCP3073006S,250046620,Montgomery_County_Police,Property Damage Crash,2025-10-16 21:14:00,Maryland_State_Route,GEORGIA AVE,W EDMONSTON DR,Rear-End (Same Direction),Tailgating,Clear,Dry,Dark - Not Lighted,No Control,None Detected,F880CC4C-F9F5-442D-9A22-371CBB816F13,MD,1EE8B0E6-1083-40BE-BFDE-2778701C492A,Six O Clock,PassengerCar,MovingConstantSpeed,Northbound,45.0,No,No,2012,TOYOTA,39.19800468,-77.06645707,Camry_Toyota,21,2025,10,16,21,Thursday,2025-10-16,42
2777,MCP34080027,250046353,Montgomery_County_Police,Property Damage Crash,2025-10-15 13:30:00,US_State_Route,GEORGIA AVE (SB/L),GEORGIA AVE,Angle Collision,Passing / Turning,Clear,Dry,Daylight,Traffic Signal,None Detected,6E648B88-72E9-4D35-B525-83A3A84E4BCC,MD,A7EBE6AB-63A6-4F87-AC9C-C6431FC5D71B,Eleven O Clock,TransitBus,MakingRightTurn,Northbound,25.0,No,No,2011,CHEVROLET,38.99609919,-77.02804844,Silverado_Chevrolet,13,2025,10,15,13,Wednesday,2025-10-15,42
2778,MCP320000GT,250046729,Montgomery_County_Police,Property Damage Crash,2025-10-17 15:43:00,Other_Public_Roadway,LANDY LA,CUT THRU CUT,Sideswipe (Same Direction),Passing / Turning,Clear,Dry,Daylight,No Control,None Detected,F93DB85E-8A2F-449D-AE76-D63A11E2C50B,MD,D21F1BFF-28A7-4190-993F-A51F91C84FD9,One O Clock,TruckTractor,MovingConstantSpeed,Northbound,20.0,No,No,2024,TOYOTA,38.96533367,-77.103194,Camry_Toyota,15,2025,10,17,15,Friday,2025-10-17,42
2779,MCP30090097,250047060,Montgomery_County_Police,Injury Crash,2025-10-20 06:20:00,County_Route,CIDER BARRELL DR,GERMANTOWN RD (SB/L) MILLENNIUM CT,Angle Collision,Right-of-Way Violation,Clear,Dry,Dark - Lighted,Stop Sign,None Detected,395C4286-9019-42E4-9B0E-40F8715D99EA,MD,39111640-F1F2-49D4-80A7-AF90709C5EC2,Twelve O Clock,SportUtilityVehicle,MakingLeftTurn,Northbound,40.0,No,No,2022,TOYOTA,39.19158967,-77.24525317,Camry_Toyota,6,2025,10,20,6,Monday,2025-10-20,43
2780,DD5680001X,250047020,Rockville_Police_Department,Injury Crash,2025-10-19 19:59:00,Maryland_State_Route,VEIRS MILL RD (WB/L),SELFRIDGE RD,Angle Collision,Right-of-Way Violation,Clear,Dry,Dark - Lighted,No Control,None Detected,CDB56162-C569-498B-81AB-07A09667D336,BC,C7F03145-E0C6-486A-B423-B6B7D10C98FC,Ten O Clock,PassengerCar,EnteringTrafficLane,Not On Roadway,35.0,No,No,2013,FORD,39.0754916,-77.11739141,Explorer_Ford,19,2025,10,19,19,Sunday,2025-10-19,42
2781,MCP2782005N,250046418,Montgomery_County_Police,Property Damage Crash,2025-10-15 18:03:00,Maryland_State_Route,OLNEY LAYTONSVILLE RD,GLENALLAN AVE,Angle Collision,Right-of-Way Violation,Clear,Dry,Daylight,No Control,None Detected,1EFA5706-A24E-41E7-B69C-52076842C59B,MD,D225A781-918E-4E14-A978-084BB15CAC36,Twelve O Clock,PickupTruck,MovingConstantSpeed,Eastbound,30.0,No,No,2024,FORD,39.1543019,-77.06894821,F-150_Ford,18,2025,10,15,18,Wednesday,2025-10-15,42
2782,MCP31910051,250044572,Montgomery_County_Police,Property Damage Crash,2025-10-02 23:00:00,Local_Route,PRADO LA,CENTRAL AVE,Rear-End (Same Direction),Backing Error,Clear,Dry,Dark - Lighted,No Control,None Detected,D28201E1-AC4F-49B9-968E-9110E360CF94,MD,9E2534E8-7B67-4D98-A0A0-9559B7834AA2,VehicleNotAtScene,PassengerCar,SlowingOrStopping,Unknown,10.0,No,No,2022,TOYOTA,39.22436451,-77.27277683,Tacoma_Toyota,23,2025,10,2,23,Thursday,2025-10-02,40
2783,MCP263900HH,250047080,Montgomery_County_Police,Property Damage Crash,2025-10-20 10:09:00,Municipality_Route,CHRISTOPHER AVE,GEORGIA AVE,Angle Collision,Right-of-Way Violation,Clear,Dry,Daylight,Stop Sign,None Detected,FFB73599-3FEA-433F-8AE1-69C4DEEB6394,MD,7FC97B5A-B0E8-44EE-89C5-232D9A69058C,Twelve O Clock,PassengerCar,MakingLeftTurn,West,10.0,No,No,2019,HONDA,39.1567257,-77.21458193,CR-V_Honda,10,2025,10,20,10,Monday,2025-10-20,43
2784,MCP2760007J,250046430,Montgomery_County_Police,Property Damage Crash,2025-10-15 19:20:00,County_Route,WATKINS MILL RD,STRUC OV CSX R/R,Sideswipe (Same Direction),Lane Violation,Clear,Dry,Dark - Not Lighted,No Control,None Detected,FD97C6F0-6774-4D17-B2D1-B84ADCF6EC6D,MD,48DECC01-641A-49A2-ADAE-71ACE8EC86B5,One O Clock,SportUtilityVehicle,MovingConstantSpeed,Southbound,35.0,No,No,2021,LEXUS,39.18565317,-77.21234583,RX_Lexus,19,2025,10,15,19,Wednesday,2025-10-15,42
2785,MCP3348004W,250046557,Montgomery_County_Police,Property Damage Crash,2025-10-16 15:37:00,County_Route,HAVARD ST,ROBERT CT,Sideswipe (Opposite Direction),Right-of-Way Violation,Clear,Dry,Daylight,Stop Sign,None Detected,3936A4D5-2873-453A-944E-25259C1EEBE5,MD,9DE2B7F7-2D4C-4A67-A0DF-B4A33690C925,Eleven O Clock,PassengerCar,MakingUTurn,North,25.0,No,No,2009,TOYOTA,39.05890794,-77.08596064,Corolla_Toyota,15,2025,10,16,15,Thursday,2025-10-16,42
2786,MCP913000LG,250046296,Montgomery_County_Police,Property Damage Crash,2025-10-15 08:34:00,Maryland_State_Route,UNIVERSITY BLVD E (WB/L),RAMP 8 FR IS 270 SB TO MD 118 WB,Sideswipe (Same Direction),Lane Violation,Clear,Dry,Daylight,No Control,None Detected,39773EE5-AED9-4E2C-A973-B40CD1DEB1EB,NM,4678D43E-53B6-47E1-8EFF-E5F0AEC6CEF5,Eleven O Clock,PickupTruck,MovingConstantSpeed,Westbound,35.0,No,No,2022,GMC,38.9990195,-76.99487706,Sierra_GMC,8,2025,10,15,8,Wednesday,2025-10-15,42
2787,MCP2335002P,250045167,Montgomery_County_Police,Injury Crash,2025-10-08 05:01:00,County_Route,STRINGTOWN RD,GATEWAY CENTER DR (NB/L),Head-On,Right-of-Way Violation,Clear,Wet,Dark - Lighted,Flashing Traffic Signal,None Detected,3DE335D3-69FA-46C8-AD77-1D6A81183F35,MD,4C5769C1-BD1C-4854-9EA3-5527568D6C5E,Twelve O Clock,SportUtilityVehicle,MovingConstantSpeed,Southbound,35.0,No,No,2015,LEXUS,39.23469154,-77.28127039,RX_Lexus,5,2025,10,8,5,Wednesday,2025-10-08,41
2788,DD5653005N,250046834,Rockville_Police_Department,Injury Crash,2025-10-18 10:45:00,Maryland_State_Route,ROCKVILLE PIKE (SB/L),E DEER PARK DR,Rear-End (Same Direction),Tailgating,Clear,Dry,Daylight,No Control,None Detected,CB70D583-5673-4BDD-97D9-28FADE8398D5,MD,273CFC9C-DF01-488B-907B-0A9ADEB36ED4,Twelve O Clock,Van - Passenger (&lt;9 Seats),SlowingOrStopping,Southbound,35.0,No,No,2004,HONDA,39.06093287,-77.12335714,Odyssey_Honda,10,2025,10,18,10,Saturday,2025-10-18,42
2789,MCP3253002T,250047117,Montgomery_County_Police,Property Damage Crash,2025-10-01 12:34:00,Maryland_State_Route,FREDERICK RD,SHADY GROVE RD (SB/L),Angle Collision,Right-of-Way Violation,Clear,Dry,Daylight,Traffic Signal,None Detected,BA758EFA-9B52-4CC8-A051-4D43F0BD6222,MD,73927E93-D5C3-4FE1-B703-BCA075899B7E,VehicleNotAtScene,PassengerCar,Accelerating,Southbound,40.0,No,No,2013,FORD,39.12273233,-77.17755969,Fusion_Ford,12,2025,10,1,12,Wednesday,2025-10-01,40
2790,MCP93180048,250044660,Montgomery_County_Police,Property Damage Crash,2025-10-04 16:41:00,US_State_Route,COLUMBIA PIKE,PRELUDE DR,Rear-End (Same Direction),Congestion / Backup,Clear,Dry,Daylight,Traffic Signal,None Detected,5ECDEAC6-2C79-4754-8188-8640580FF8B9,MD,FA2D75A2-3182-4D53-B6CE-898AC3D6E1B1,Six O Clock,PassengerCar,StoppedInTrafficLane,Northbound,40.0,No,No,2015,LEXUS,39.03918212,-76.99782419,ES_Lexus,16,2025,10,4,16,Saturday,2025-10-04,40
2791,MCP137801F0,250047157,Montgomery_County_Police,Injury Crash,2025-10-20 16:25:00,County_Route,PLYERS MILL RD,GEORGIA AVE (SB/L),Angle Collision,Right-of-Way Violation,Clear,Dry,Daylight,Traffic Signal,None Detected,24AD0D37-BCB9-4E62-909B-E9C87492210A,CO,85DFF88F-E0DD-4C61-92CC-C99E0A5D8FFA,Twelve O Clock,SportUtilityVehicle,Accelerating,Eastbound,30.0,No,No,2016,JEEP,39.03002394,-77.04779041,Grand Cherokee_Jeep,16,2025,10,20,16,Monday,2025-10-20,43
2792,MCP3263005C,250046468,Montgomery_County_Police,Property Damage Crash,2025-10-16 07:50:00,County_Route,WESTLAKE DR,DEMOCRACY BLVD (EB/L),Rear-End (Same Direction),Road Obstruction,Clear,Dry,Dark - Lighted,Traffic Signal,None Detected,D95E092C-1A7F-42D3-96D5-DF77D470E690,MD,46DDE288-6125-4779-A3C0-3938E8F0751A,Six O Clock,PassengerCar,MovingConstantSpeed,West,35.0,No,No,2024,TESLA,39.02255013,-77.15015645,Model Y_Tesla,7,2025,10,16,7,Thursday,2025-10-16,42
2793,MCP24600029,250046893,Montgomery_County_Police,Injury Crash,2025-10-18 18:06:00,Ramp_Route,RAMP 4 FR IS 270 NB TO MIDDLEBROOK RD EB,HAWKES RD,Back-to-Back,Tailgating,Clear,Dry,Daylight,Yield Sign,None Detected,D9695CAF-A7CB-41C9-886D-91C86EBA7268,MD,D88D4728-DF30-48A0-A7CF-A3D90FF642E1,Twelve O Clock,SportUtilityVehicle,MovingConstantSpeed,Northbound,40.0,No,No,2015,TOYOTA,39.17666937,-77.24466551,RAV4_Toyota,18,2025,10,18,18,Saturday,2025-10-18,42
2794,MCP30900092,250046915,Montgomery_County_Police,Injury Crash,2025-10-18 20:24:00,County_Route,WASHINGTON GROVE LA (SB/L),NO NAME,Sideswipe (Same Direction),Road Obstruction,Clear,Dry,Dark - Lighted,No Control,None Detected,07EE79E9-3EF8-4C7D-A9C1-F54D10BB7B17,MD,5504661B-C8E2-4AA7-B24C-18FA113FBE24,Ten O Clock,SportUtilityVehicle,MovingConstantSpeed,South,35.0,No,No,2019,HONDA,39.14840974,-77.16809038,CR-V_Honda,20,2025,10,18,20,Saturday,2025-10-18,42
2795,MCP3348004W,250046557,Montgomery_County_Police,Property Damage Crash,2025-10-16 15:37:00,County_Route,HAVARD ST,ROBERT CT,Sideswipe (Opposite Direction),Road Obstruction,Clear,Dry,Daylight,Stop Sign,None Detected,3ED785C8-2262-4A81-9B52-FE6DC4627205,MD,901D201F-5C20-4246-8646-40FC58528CC5,One O Clock,PassengerCar,MovingConstantSpeed,West,25.0,No,No,2008,HYUNDAI,39.05890794,-77.08596064,Elantra_Hyundai,15,2025,10,16,15,Thursday,2025-10-16,42
2796,EJ786600GQ,250046413,Gaithersburg_Police_Department,Property Damage Crash,2025-10-15 17:59:00,County_Route,SAM EIG HWY,BALTIMORE RD,Sideswipe (Opposite Direction),Lane Violation,Clear,Dry,Daylight,Traffic Signal,None Detected,49E8D1D3-4534-44B6-BA7B-362006910D6D,MD,126B0FF2-7E5A-440A-8FCB-32A57359CF2F,Ten O Clock,PassengerCar,StoppedInTrafficLane,Southbound,45.0,No,No,2019,NISSAN,39.11464011,-77.20939848,Sentra_Nissan,17,2025,10,15,17,Wednesday,2025-10-15,42
2797,MCP2772002H,250045899,Montgomery_County_Police,Injury Crash,2025-10-12 21:32:00,Maryland_State_Route,OLD GEORGETOWN RD,FREDERICK RD,Angle Collision,Weather Related,Rain,Wet,Dark - Lighted,Traffic Signal,None Detected,663E333C-6EF2-4C79-9775-F22B7F7EB7EF,MD,A67EB813-0B31-4063-8B35-712C2AF7D921,Twelve O Clock,PassengerCar,MovingConstantSpeed,Southbound,35.0,No,No,2018,LAND ROVER,39.02533618,-77.12554013,Range Rover Velar_Land Rover,21,2025,10,12,21,Sunday,2025-10-12,41
2798,MCP3360002H,250045154,Montgomery_County_Police,Property Damage Crash,2025-10-07 21:55:00,Municipality_Route,RIDGE RD,RAILROAD ST,Rear vs Side,Weather Related,Rain,Wet,Dark - Lighted,No Control,None Detected,3ED77D57-778F-45A5-9464-1568BA9BB33D,MD,7D3748AF-92AF-49C5-91F0-E7807EEC79CE,VehicleNotAtScene,PassengerCar,MakingLeftTurn,North,20.0,No,No,2002,TOYOTA,39.13537033,-77.1749755,Camry_Toyota,21,2025,10,7,21,Tuesday,2025-10-07,41
2799,MCP2939008C,250046919,Montgomery_County_Police,Injury Crash,2025-10-18 21:47:00,County_Route,TILFORD WAY,WARRIOR BROOK DR,Other,Right-of-Way Violation,Clear,Dry,Dark - Lighted,Stop Sign,None Detected,43F4AF0A-AA7D-4DE4-8369-11AD4C5E5729,MD,6521D408-54C8-4024-B94B-C2D23D86C5AF,Eleven O Clock,PassengerCar,Accelerating,Northbound,25.0,No,No,2018,HONDA,39.17193174,-77.27994704,CR-V_Honda,21,2025,10,18,21,Saturday,2025-10-18,42
2800,MCP32320073,250045772,Montgomery_County_Police,Property Damage Crash,2025-10-11 19:17:00,Maryland_State_Route,NEW HAMPSHIRE AVE,UNIVERSITY BLVD W,Sideswipe (Opposite Direction),Lane Violation,Clear,Wet,Dark - Not Lighted,No Control,None Detected,24CC3D66-F205-4F72-A4C6-477367105375,MD,3AE1ADA8-17EF-43F0-AB10-914A3689AF82,Eight O Clock,SportUtilityVehicle,NegotiatingCurve,Northbound,35.0,No,No,2019,FORD,39.18896467,-77.02457667,Explorer_Ford,19,2025,10,11,19,Saturday,2025-10-11,41
2801,MCP9399002X,240046438,Montgomery_County_Police,Property Damage Crash,2025-10-15 20:20:00,Municipality_Route,ALDERWOOD DR,DARNESTOWN RD DUFIEF DR,Angle Collision,Road Obstruction,Clear,Dry,Dark - Not Lighted,No Control,None Detected,8C0BB002-6F49-489A-8CA8-860AB3E233F9,MD,B47109BE-9DD5-48F9-AE39-BE38FA6F6655,Twelve O Clock,PassengerCar,MakingLeftTurn,South,40.0,No,No,2016,SUBARU,39.10639578,-77.23350109,Impreza_Subaru,20,2025,10,15,20,Wednesday,2025-10-15,42
2803,MCP3433000T,250046648,Montgomery_County_Police,Property Damage Crash,2025-10-17 06:33:00,US_State_Route,COLUMBIA PIKE,FREDERICK RD,Rear-End (Same Direction),Tailgating,Clear,Dry,Dark - Not Lighted,No Control,None Detected,054E8578-84C2-4FEB-A506-32FED3FEDB2A,MD,8865A337-0591-4175-8229-75486430E597,Six O Clock,PassengerCar,SlowingOrStopping,Southbound,50.0,No,No,2018,NISSAN,39.07684377,-76.95319073,Rogue_Nissan,6,2025,10,17,6,Friday,2025-10-17,42
2804,DD5680001V,250046783,Rockville_Police_Department,Property Damage Crash,2025-10-17 21:06:00,Municipality_Route,FLEET ST,W GUDE DR,Rear-End (Same Direction),Backing Error,Clear,Dry,Dark - Lighted,No Control,None Detected,3251BE2A-A396-477D-98EB-307E56669342,MD,DAF77277-E4E1-43DD-8276-1BC73B43E3E6,VehicleNotAtScene,PassengerCar,SlowingOrStopping,Unknown,25.0,No,No,2006,FORD,39.07929992,-77.14461851,F-150_Ford,21,2025,10,17,21,Friday,2025-10-17,42
2805,MCP3417001B,250045381,Montgomery_County_Police,Property Damage Crash,2025-10-07 11:41:00,Maryland_State_Route,EAST WEST HWY (WB/L),S SUMMIT AVE,Other,Backing Error,Clear,Dry,Daylight,No Control,None Detected,4628FCF5-99B1-45CF-A31B-2EF017E476E7,MD,08A10F78-1628-4A72-9CFE-D88AD90054E5,VehicleNotAtScene,PassengerCar,Backing,Southbound,15.0,No,No,2012,TOYOTA,38.98488192,-77.09270135,Venza_Toyota,11,2025,10,7,11,Tuesday,2025-10-07,41
2806,MCP2940008K,250045831,Montgomery_County_Police,Property Damage Crash,2025-10-12 09:45:00,County_Route,RANDOLPH RD (WB/L),HUNTLEY AVE,Rear-End (Same Direction),Lane Violation,Cloudy,Dry,Daylight,No Control,None Detected,5DD656F9-A3AE-4CD9-A091-74818BA65956,MD,CEA8358A-3876-4578-B8EF-696032E05424,Six O Clock,SportUtilityVehicle,MovingConstantSpeed,Westbound,35.0,No,No,2012,TOYOTA,39.05379912,-77.09196344,RAV4_Toyota,9,2025,10,12,9,Sunday,2025-10-12,41
2807,MCP3430000X,250046842,Montgomery_County_Police,Property Damage Crash,2025-10-18 11:49:00,County_Route,WAYNE AVE,BLACKTHORN ST,Rear-End (Same Direction),Backing Error,Clear,Dry,Daylight,Traffic Signal,None Detected,4840E839-6AF6-4682-9557-F5354EC9D454,MD,4CCF7BEC-3D45-4E40-9878-BA2D1977A055,VehicleNotAtScene,PassengerCar,Backing,Westbound,30.0,No,No,2017,HONDA,38.99449991,-77.02694387,Civic_Honda,11,2025,10,18,11,Saturday,2025-10-18,42
2808,MCP3275003C,250044392,Montgomery_County_Police,Property Damage Crash,2025-10-02 22:43:00,County_Route,CALVERTON BLVD,BROADBIRCH DR                 CHERRY HILL RD,Angle Collision,Traffic Control Violation,Clear,Dry,Dark - Lighted,Traffic Signal,None Detected,D25242BB-9861-43CB-80FD-A8B462E9F2F7,MD,132E4DF3-C8D0-4152-AEE0-ED4ABB1110E1,VehicleNotAtScene,PickupTruck,MovingConstantSpeed,South,40.0,No,No,2016,HYUNDAI,39.05609492,-76.95427082,Elantra_Hyundai,22,2025,10,2,22,Thursday,2025-10-02,40
2810,MCP3362006K,250047439,Montgomery_County_Police,Property Damage Crash,2025-10-22 09:11:00,Maryland_State_Route,UNIVERSITY BLVD E (WB/L),TAYLOR ST,Angle Collision,Driver Inattention,Clear,Dry,Daylight,Traffic Signal,None Detected,CAF75314-EC96-419C-8F4D-E66BE6F3C4A8,MD,DA80C7E6-2673-415F-BADD-C6D979E8F1D3,One O Clock,PassengerCar,MovingConstantSpeed,Northbound,35.0,No,No,2025,TOYOTA,39.01595664,-77.00544126,RAV4_Toyota,9,2025,10,22,9,Wednesday,2025-10-22,43
2811,MCP3407001S,250048257,Montgomery_County_Police,Property Damage Crash,2025-10-27 15:27:00,Other_Public_Roadway,HENDERSON CORNER RD (NB/L),SENECA CROSSING DR,Angle Collision,Traffic Control Violation,Clear,Dry,Daylight,Stop Sign,None Detected,86EF3A5B-D1A4-4A2C-8CBB-471397E3283F,MD,CA052AC2-DE08-4AB3-99A9-4B68ED641550,Twelve O Clock,PassengerCar,MovingConstantSpeed,Northbound,15.0,No,No,2014,TOYOTA,39.20349352,-77.24417306,RAV4_Toyota,15,2025,10,27,15,Monday,2025-10-27,44
2812,MCP3329004X,250047525,Montgomery_County_Police,Property Damage Crash,2025-10-22 17:14:00,County_Route,VENETIAN RD,BALLARD ST,Sideswipe (Same Direction),Lane Violation,Clear,Dry,Daylight,No Control,None Detected,B148E73F-14AC-4CC2-BBAF-C9E022695101,MD,D2A4D4C4-0D26-49D8-821F-D24A1F809297,Three O Clock,PassengerCar,MovingConstantSpeed,Northbound,25.0,No,No,2009,HYUNDAI,39.0707854,-76.99862055,Santa Fe_Hyundai,17,2025,10,22,17,Wednesday,2025-10-22,43
2814,MCP33200044,250047542,Montgomery_County_Police,Property Damage Crash,2025-10-22 18:40:00,US_State_Route,COLESVILLE RD,UNIVERSITY BLVD E,Rear-End (Same Direction),Tailgating,Clear,Dry,Dark - Lighted,No Control,None Detected,42398C32-EB4D-4716-A5ED-A1D0A8928662,MD,39C6630C-6412-4C58-89D9-9CC5ADC04322,Six O Clock,PassengerCar,SlowingOrStopping,Northbound,35.0,No,No,2014,TOYOTA,39.01050417,-77.017371,Corolla_Toyota,18,2025,10,22,18,Wednesday,2025-10-22,43