Unnamed: 0,Report Number,Local Case Number,Agency Name,ACRS Report Type,Crash Date/Time,Route Type,Road Name,Cross-Street Name,Collision Type,Circumstance_Category,Weather,Surface Condition,Light,Traffic Control,Driver Substance Abuse,Person ID,Drivers License State,Vehicle ID,Vehicle First Impact Location,Vehicle Body Type,Vehicle Movement,Vehicle Going Dir,Speed Limit,Driverless Vehicle,Parked Vehicle,Vehicle Year,Vehicle Make,Latitude,Longitude,Vehicle Model,hour,Crash_year,Crash_month,Crash_day,Crash_hour,Crash_day_name,Crash_date,Crash_week
2815,MCP30580060,250047673,Montgomery_County_Police,Injury Crash,2025-10-23 16:29:00,County_Route,CRABBS BRANCH WAY,E GUDE DR (WB/L),Angle Collision,Traffic Control Violation,Clear,Dry,Daylight,Traffic Signal,None Detected,0FC386CF-CC6B-4362-82CB-E87DEB318702,MD,E7364A69-3EB7-4832-AD75-EC9BCC64E455,Twelve O Clock,PickupTruck,MovingConstantSpeed,Westbound,40.0,No,No,2013,TOYOTA,39.10644787,-77.15225355,Tacoma_Toyota,16,2025,10,23,16,Thursday,2025-10-23,43
2816,MCP3068006T,250047508,Montgomery_County_Police,Injury Crash,2025-10-22 15:26:00,County_Route,W VIRGINIA AVE,VILLAGE PARK PL,Head-On,Lane Violation,Clear,Dry,Daylight,No Control,None Detected,3FF36FAE-1F56-4BBE-846E-D368E015AEFE,MD,A799FAF0-46E6-46A1-9356-F7ED5B55BC31,Twelve O Clock,PassengerCar,MovingConstantSpeed,Eastbound,25.0,No,No,2023,BMW,38.99082996,-77.08799751,3 Series_BMW,15,2025,10,22,15,Wednesday,2025-10-22,43
2817,MCP3360002J,250047391,Montgomery_County_Police,Property Damage Crash,2025-10-21 20:37:00,County_Route,CHRISTOPHER AVE (NB/L),LOST KNIFE RD (NB/L),Rear-End (Same Direction),Tailgating,Clear,Dry,Dark - Lighted,Traffic Signal,None Detected,9B34A45C-C17D-4A68-97D8-BBA8D63005C4,MD,C7D7D15A-3FAE-46A2-A8C0-D74A61B7E83D,Twelve O Clock,PassengerCar,MovingConstantSpeed,South,35.0,No,No,2023,TOYOTA,39.158136,-77.20424583,Camry_Toyota,20,2025,10,21,20,Tuesday,2025-10-21,43
2818,MCP34940006,250047702,Montgomery_County_Police,Injury Crash,2025-10-23 17:55:00,County_Route,GRACE CHURCH RD,SECOND AVE,Other,Road Obstruction,Clear,Dry,Daylight,No Control,None Detected,9E11088E-CA4E-4DCF-A8E4-1716A8EC68D1,MD,F02DE454-AE73-4642-8320-412CD2475849,Twelve O Clock,Van - Passenger (&lt;9 Seats),MovingConstantSpeed,East,30.0,No,No,2004,CHEVROLET,39.00416217,-77.04090533,Express_Chevrolet,17,2025,10,23,17,Thursday,2025-10-23,43
2819,MCP289200J8,250045645,Montgomery_County_Police,Property Damage Crash,2025-10-10 18:26:00,Maryland_State_Route,GEORGIA AVE,PINEY MEETINGHOUSE RD,Sideswipe (Same Direction),Lane Violation,Clear,Dry,Daylight,No Control,None Detected,DB2D70EF-B02E-41A9-AD26-4C806E78384F,MD,6A9848BB-4647-4574-A64F-07982F9FBB13,One O Clock,PassengerCar,MovingConstantSpeed,Northbound,30.0,No,No,2014,TOYOTA,39.0081113,-77.0401071,Camry_Toyota,18,2025,10,10,18,Friday,2025-10-10,41
2820,DD57010007,250045130,Rockville_Police_Department,Property Damage Crash,2025-10-07 17:10:00,Maryland_State_Route,ROCKVILLE PIKE (SB/L),PARKLAWN SOCCER FIELDS,Sideswipe (Same Direction),Passing / Turning,Clear,Dry,Daylight,Traffic Signal,None Detected,2001868C-01F2-47E6-95FE-23DE7ED5B46C,MD,A4FB326A-1286-41B6-8BFD-D1842DF6859A,Three O Clock,PassengerCar,Passing,Southbound,35.0,No,No,2022,FORD,39.07461129,-77.13609792,Explorer_Ford,17,2025,10,7,17,Tuesday,2025-10-07,41
2821,EJ78880087,250047367,Gaithersburg_Police_Department,Property Damage Crash,2025-10-21 18:55:00,Municipality_Route,E DIAMOND AVE,CLOPPER RD,Other,Right-of-Way Violation,Clear,Dry,Dark - Lighted,No Control,None Detected,CA4068EA-8A86-4429-BAAA-14859FBB4796,MD,A6C0057D-75F1-4084-98F3-2BFD13DDD476,Eleven O Clock,PassengerCar,MovingConstantSpeed,Eastbound,30.0,No,No,2022,FORD,39.141818,-77.195451,Mustang_Ford,18,2025,10,21,18,Tuesday,2025-10-21,43
2822,MCP3274002P,250047757,Montgomery_County_Police,Property Damage Crash,2025-10-24 05:01:00,County_Route,WISCONSIN CIR,OLD VIC BLVD,Sideswipe (Same Direction),Lane Violation,Clear,Dry,Dark - Lighted,No Control,None Detected,A4AD0D44-2DC3-4067-A569-2C401B4A1848,WV,1D38195D-4736-4366-A6DB-D6DCCC8CA9A1,Seven O Clock,SingleUnitTruck,MovingConstantSpeed,Westbound,25.0,No,No,2025,BMW,38.96198703,-77.08510444,3 Series_BMW,5,2025,10,24,5,Friday,2025-10-24,43
2823,MCP2761007H,250047589,Montgomery_County_Police,Property Damage Crash,2025-10-28 07:04:00,Maryland_State_Route,RIDGE RD,TRAVILAH RD,Single Vehicle,Lane Violation,Clear,Dry,Daylight,No Control,None Detected,CFD4B4D4-C8E5-4584-8730-794A42E4C929,MD,B77D4E1D-5AC0-4192-82A0-DF65EC321C2F,One O Clock,Van - Passenger (&lt;9 Seats),MovingConstantSpeed,Northbound,40.0,No,No,2016,CHRYSLER,39.24582729,-77.23424705,Town & Country_Chrysler,7,2025,10,28,7,Tuesday,2025-10-28,44
2824,MCP3093006D,250045489,Montgomery_County_Police,Injury Crash,2025-10-09 20:10:00,County_Route,GRUBB RD,FREDERICK RD,Other,Right-of-Way Violation,Clear,Dry,Dark - Lighted,Traffic Signal,None Detected,16A0B700-3467-4A40-B569-E2F863375FCB,MD,F337D9EF-69BC-455A-8282-2DE70AF308EC,Twelve O Clock,PassengerCar,MovingConstantSpeed,North,35.0,No,No,2018,HONDA,38.99380457,-77.05203793,Accord_Honda,20,2025,10,9,20,Thursday,2025-10-09,41
2825,MCP3021008D,250044473,Montgomery_County_Police,Property Damage Crash,2025-10-03 13:10:00,County_Route,CORDELL AVE,HUNTER MOUNTAIN LA (PROP),Rear-End (Same Direction),Surface Condition,Clear,Dry,Daylight,No Control,None Detected,12A25ACC-84D7-49AA-B7EF-AD260A50643B,DC,40A28205-36C8-4787-BA08-863C9CE4E8B7,Six O Clock,PassengerCar,StoppedInTrafficLane,Eastbound,25.0,No,No,2015,ACURA,38.9909158,-77.0961794,RDX_Acura,13,2025,10,3,13,Friday,2025-10-03,40
2826,MCP34290014,250044408,Montgomery_County_Police,Property Damage Crash,2025-10-03 06:41:00,Maryland_State_Route,NORBECK RD (WB/L),MIDWAY AVE,Rear-End (Same Direction),Speed Related,Clear,Dry,Daylight,No Control,None Detected,563E85C7-C39F-4621-A032-892CBF04EAA0,MD,ABC855CA-A08A-462D-BBDC-09654FC7AD40,Eleven O Clock,PassengerCar,MovingConstantSpeed,Westbound,35.0,No,No,2022,TOYOTA,39.10949033,-77.077111,Corolla_Toyota,6,2025,10,3,6,Friday,2025-10-03,40
2827,MCP299100BR,250045922,Montgomery_County_Police,Injury Crash,2025-10-13 08:00:00,County_Route,GOLD MINE RD,NEW HAMPSHIRE AVE,Angle Collision,Weather Related,Rain,Wet,Daylight,No Control,None Detected,21F22C24-F1B6-46C7-8141-F3B18A1D7378,MD,D345004C-1CBD-43FA-97F9-12E525D9A556,Twelve O Clock,PassengerCar,MovingConstantSpeed,South,20.0,No,No,2007,FORD,39.17914624,-77.02698654,Fusion_Ford,8,2025,10,13,8,Monday,2025-10-13,42
2828,MCP291700F8,250045241,Montgomery_County_Police,Injury Crash,2025-10-08 13:44:00,Maryland_State_Route,WOODFIELD RD,VALLEY PARK DR (EB/L),Head-On,Right-of-Way Violation,Clear,Dry,Daylight,Stop Sign,None Detected,EBBCF5D2-9034-4154-BE09-B0CDD8F87580,MD,E71F910E-C0D4-42FD-8E30-C08917233A4A,Twelve O Clock,PassengerCar,MakingLeftTurn,Eastbound,40.0,No,No,2006,VOLVO,39.27836379,-77.20373552,S60_Volvo,13,2025,10,8,13,Wednesday,2025-10-08,41
2829,MCP3290004J,250045019,Montgomery_County_Police,Injury Crash,2025-10-07 08:05:00,County_Route,FALLSGROVE DR,MAPLE AVE #2,Rear-End (Same Direction),Tailgating,Clear,Dry,Daylight,No Control,None Detected,1ED5286F-80E1-4881-ABC0-52AAB6EA68F9,MD,66DECB1B-8272-4598-A1B0-949F8A82615E,Twelve O Clock,PassengerCar,SlowingOrStopping,Westbound,30.0,No,No,2019,HYUNDAI,39.00261188,-77.00522703,Sonata_Hyundai,8,2025,10,7,8,Tuesday,2025-10-07,41
2830,MCP2855005Z,250047544,Montgomery_County_Police,Property Damage Crash,2025-10-22 19:06:00,County_Route,FRANKLIN AVE,UNIVERSITY BLVD E,Angle Collision,Right-of-Way Violation,Clear,Dry,Dark - Lighted,Traffic Signal,None Detected,F56A1278-8637-4BC1-B3C2-05D0D8E81A45,VA,F03E9167-96C7-4DE7-BF0D-0BA0FC72B174,Four O Clock,Moped,MakingLeftTurn,South,35.0,No,No,2024,CHEVROLET,39.01214433,-77.00277683,Silverado_Chevrolet,19,2025,10,22,19,Wednesday,2025-10-22,43
2832,MCP3395004J,250047241,Montgomery_County_Police,Injury Crash,2025-10-21 08:38:00,Maryland_State_Route,ROCKVILLE PIKE (SB/L),ROCK SPRING DR,Rear-End (Same Direction),Congestion / Backup,Clear,Dry,Daylight,No Control,None Detected,98DF5208-14C4-4763-BD8E-0BBCFD7D371F,MD,A3D25DDC-1DB6-4FA9-A010-777A5AED861E,Six O Clock,PassengerCar,StoppedInTrafficLane,Southbound,35.0,No,No,2024,FORD,39.046587,-77.112745,F-150_Ford,8,2025,10,21,8,Tuesday,2025-10-21,43
2833,MCP3387003D,250045440,Montgomery_County_Police,Property Damage Crash,2025-10-09 16:20:00,County_Route,SLIGO AVE,BONANZA WAY,Angle Collision,Road Obstruction,Clear,Dry,Daylight,No Control,None Detected,9F0E1D41-E80C-48AB-97F5-16A98614CA24,MD,522BD149-AEA6-4ECF-A81F-D23997D5B8F6,Twelve O Clock,PassengerCar,StoppedInTrafficLane,Not On Roadway,35.0,No,No,2014,HONDA,38.99021957,-77.02355567,Civic_Honda,16,2025,10,9,16,Thursday,2025-10-09,41
2834,MCP3031007F,250046011,Montgomery_County_Police,Property Damage Crash,2025-10-13 15:30:00,Maryland_State_Route,NORBECK RD,LAYHILL RD (SB/L),Angle Collision,Weather Related,Rain,Wet,Daylight,Traffic Signal,None Detected,1F596EEC-BC64-4E62-9A61-ADD5AFB0770F,MD,E7AA1D9D-2ABA-435C-B2B7-EF6C9280CBB3,Twelve O Clock,PassengerCar,MovingConstantSpeed,South,40.0,No,No,2004,VOLKSWAGEN,39.12051483,-77.03403761,Golf_Volkswagen,15,2025,10,13,15,Monday,2025-10-13,42
2835,MCP219800J3,250048418,Montgomery_County_Police,Property Damage Crash,2025-10-28 15:00:00,Maryland_State_Route,UNIVERSITY BLVD W,TWINBROOK PKWY,Head-On,Passing / Turning,Cloudy,Dry,Daylight,Flashing Traffic Signal,None Detected,081035B1-924C-4941-ACEA-D2EAF688179B,MD,BC305102-E703-43AE-A299-855EE09E7026,One O Clock,VanCargo,MakingLeftTurn,Not On Roadway,2.5,No,No,2014,FORD,39.06548506,-77.15957106,F-150_Ford,15,2025,10,28,15,Tuesday,2025-10-28,44
2836,DD5680001Y,250047229,Rockville_Police_Department,Injury Crash,2025-10-23 21:54:00,Maryland_State_Route,VEIRS MILL RD,EDMONSTON DR,Rear-End (Same Direction),Driver Inattention,Clear,Dry,Dark - Lighted,Traffic Signal,None Detected,D3285190-EE3F-4B7D-A3B9-9AC425485A9C,CA,B28BABD7-9E19-459A-8F76-152359E8D4BB,Six O Clock,PassengerCar,Parked,Southbound,35.0,No,Yes,2020,FORD,39.0734701,-77.11231315,Transit_Ford,21,2025,10,23,21,Thursday,2025-10-23,43
2838,MCP268900D7,250044971,Montgomery_County_Police,Property Damage Crash,2025-10-06 16:34:00,Maryland_State_Route,RIVER RD,KAYSON ST,Sideswipe (Same Direction),Congestion / Backup,Clear,Dry,Daylight,Traffic Signal,None Detected,F259E59B-23D9-4BA0-916B-CB64FA6E1DF0,VA,01A7F21F-FE2D-487A-BA41-2EE1D685F628,Five O Clock,PassengerCar,StoppedInTrafficLane,Eastbound,40.0,No,No,2022,TOYOTA,38.99264499,-77.16198177,RAV4_Toyota,16,2025,10,6,16,Monday,2025-10-06,41
2839,MCP34380013,250047056,Montgomery_County_Police,Injury Crash,2025-10-20 05:12:00,Maryland_State_Route,ROCKVILLE PIKE,CONNECTICUT AVE,Sideswipe (Same Direction),Weather Related,Clear,Wet,Dark - Lighted,Traffic Signal,None Detected,DD869F57-510B-4C5A-ADBE-03D54DF19C87,MD,BBD86C68-5982-4118-8716-8C792AD94F43,Two O Clock,PassengerCar,StoppedInTrafficLane,Northbound,45.0,No,No,2022,TOYOTA,39.014913,-77.09956917,RAV4_Toyota,5,2025,10,20,5,Monday,2025-10-20,43
2840,MCP30380086,250046874,Montgomery_County_Police,Property Damage Crash,2025-10-18 15:59:00,Maryland_State_Route,CONNECTICUT AVE,ARROWHEAD RD,Sideswipe (Same Direction),Lane Violation,Clear,Dry,Daylight,No Control,None Detected,4C4B57E2-5C63-4473-AF1E-FE6F7C3475D3,MD,69DD263F-E5A0-4CD4-A5CC-6EFEDB846483,VehicleNotAtScene,PassengerCar,MovingConstantSpeed,Eastbound,30.0,No,No,2005,TOYOTA,38.99496286,-77.04556622,Camry_Toyota,15,2025,10,18,15,Saturday,2025-10-18,42
2841,EJ79030052,250044911,Gaithersburg_Police_Department,Property Damage Crash,2025-10-06 13:00:00,Local_Route,SHOP CTR CUT THRU CUT,KENTLANDS BLVD (NB/L) KENTLANDS SQUARE PL,Angle Collision,Right-of-Way Violation,Clear,Dry,Daylight,Stop Sign,None Detected,67DB8C7C-16B0-4DC8-ADFC-2B5AE0ACD543,MD,DA565EF0-C137-4523-B125-6643B12C8AC1,Twelve O Clock,PassengerCar,MakingLeftTurn,Westbound,25.0,No,No,2021,MAZDA,39.12328189,-77.23646542,CX-5_Mazda,13,2025,10,6,13,Monday,2025-10-06,41
2842,MCP34080025,250045248,Montgomery_County_Police,Property Damage Crash,2025-10-08 14:47:00,US_State_Route,COLESVILLE RD,DALE DR,Angle Collision,Lane Violation,Clear,Dry,Daylight,No Control,None Detected,2191054D-B60B-4965-8DE8-72B962805753,MD,A1E94D28-9445-43B9-82C0-A21266821DD7,Two O Clock,PassengerCar,MovingConstantSpeed,Northbound,30.0,No,No,2015,ACURA,38.9962422,-77.0279267,RDX_Acura,14,2025,10,8,14,Wednesday,2025-10-08,41
2843,MCP3220005L,250048115,Montgomery_County_Police,Property Damage Crash,2025-10-26 18:11:00,County_Route,OMEGA DR (SB/L),RAMP 10 FR RAMP 5 TO OMEGA DR,Single Vehicle,Lane Violation,Clear,Dry,Dusk,No Control,Suspect Alcohol Only,11E9BC21-C29B-4AAB-95AE-1454898BC3A7,MD,03E63BF9-51C3-4604-B2BC-2B1626AEAC5F,Eleven O Clock,PassengerCar,NegotiatingCurve,Eastbound,35.0,No,No,2022,TESLA,39.11095239,-77.19187169,Model S_Tesla,18,2025,10,26,18,Sunday,2025-10-26,43
2844,MCP3275003D,250044570,Montgomery_County_Police,Injury Crash,2025-10-03 22:40:00,County_Route,ROCKVILLE PIKE,W GUDE DR,Angle Collision,Right-of-Way Violation,Clear,Dry,Dark - Lighted,No Control,None Detected,EA4D0B78-FE6E-4B8B-9509-7A2F3E053D24,MD,D075CA60-76A5-467B-BCA0-9C96563341DA,One O Clock,PassengerCar,EnteringTrafficLane,Eastbound,25.0,No,No,2022,VOLKSWAGEN,39.08269181,-76.94328789,Jetta_Volkswagen,22,2025,10,3,22,Friday,2025-10-03,40
2845,MCP3376002M,250044365,Montgomery_County_Police,Property Damage Crash,2025-10-02 18:42:00,Maryland_State_Route,GEORGIA AVE,LAYHILL RD (SB/L),Head-On,Right-of-Way Violation,Clear,Dry,Dark - Lighted,Traffic Signal,None Detected,8406D0FA-BBE7-4F3D-B17C-3D6CB1AB85AA,MD,951AA60E-D218-4FC2-A841-8747030BA249,Three O Clock,SportUtilityVehicle,MakingLeftTurn,Southbound,35.0,No,No,2016,NISSAN,39.06024733,-77.05105825,Rogue_Nissan,18,2025,10,2,18,Thursday,2025-10-02,40
2846,DD56050084,250048348,Rockville_Police_Department,Property Damage Crash,2025-10-28 08:00:00,Municipality_Route,REDLAND BLVD,RAMP 9 FR RAMP 1 TO REDLAND BLVD,Sideswipe (Opposite Direction),Traffic Control Violation,Clear,Dry,Dawn,Traffic Signal,None Detected,9AF035CF-0CFF-491C-BC28-31DCCDA43099,MD,1FD86FDA-4774-4F7A-8FFD-13187CB7F592,Three O Clock,PassengerCar,MovingConstantSpeed,Southbound,40.0,No,No,2017,KIA,39.11558696,-77.16622014,Forte_Kia,8,2025,10,28,8,Tuesday,2025-10-28,44
2847,DD5648004H,250045861,Rockville_Police_Department,Property Damage Crash,2025-10-12 15:15:00,Spur_Route,FATHER HURLEY BLVD,GOLDSBORO RD,Angle Collision,Road Obstruction,Clear,Dry,Daylight,Yield Sign,None Detected,F76F5B7D-F0BD-47D3-842F-EAC812FA48F9,MD,A86F0938-5CD6-4548-9F84-1FA13A92108C,Ten O Clock,PassengerCar,MakingRightTurn,West,20.0,No,No,2006,HYUNDAI,39.06420095,-77.12626726,Sonata_Hyundai,15,2025,10,12,15,Sunday,2025-10-12,41
2848,MCP1534001X,250047291,Montgomery_County_Police,Property Damage Crash,2025-10-22 12:25:00,Municipality_Route,BRIGGS CHANEY RD,ALLISTON HOLLOW WAY,Sideswipe (Opposite Direction),Backing Error,Clear,Wet,Daylight,No Control,None Detected,91D8D1C1-155E-40A8-A2B0-F3D01C531E38,MD,6C613A4F-C2B5-4CBC-928E-CDC36C7DD804,VehicleNotAtScene,PassengerCar,Backing,Southbound,2.5,No,No,2014,TOYOTA,39.28618028,-77.19935466,Camry_Toyota,12,2025,10,22,12,Wednesday,2025-10-22,43
2849,DM8505002T,250044329,Takoma_Park_Police_Department,Property Damage Crash,2025-10-02 14:51:00,Maryland_State_Route,ETHAN ALLEN AVE,ELM AVE,Angle Collision,Road Obstruction,Clear,Dry,Daylight,Stop Sign,None Detected,E7FC8F60-7BE2-43AF-90A2-6EB78901C144,DC,0A242BCD-46D3-4DA4-9937-FB9CD958886A,Twelve O Clock,PassengerCar,MovingConstantSpeed,East,25.0,No,No,2018,HONDA,38.97618123,-76.99683141,Civic_Honda,14,2025,10,2,14,Thursday,2025-10-02,40
2850,DD5663002G,250044913,Rockville_Police_Department,Injury Crash,2025-10-06 13:26:00,Maryland_State_Route,ROCKVILLE PIKE (SB/L),BOLAND FARM RD,Rear-End (Same Direction),Congestion / Backup,Clear,Dry,Daylight,No Control,None Detected,F698E004-251F-4208-9085-642C97AD412A,MD,8C990941-2334-418E-B27A-05B6F9B3D69C,Six O Clock,SportUtilityVehicle,StoppedInTrafficLane,Southbound,35.0,No,No,2020,CHEVROLET,39.05910143,-77.12169798,Silverado_Chevrolet,13,2025,10,6,13,Monday,2025-10-06,41
2851,MCP34940005,250047346,Montgomery_County_Police,Injury Crash,2025-10-21 17:05:00,County_Route,FREDERICK AVE #2,BUREAU DR,Other,Backing Error,Clear,Dry,Daylight,Stop Sign,None Detected,12F1AC1C-8216-4D1A-932E-5A8FC5871F7A,DC,A58562A3-1341-4437-8CB6-4AA9F30C86BB,Six O Clock,PassengerCar,Backing,Not On Roadway,2.5,No,No,2013,HONDA,38.988167,-77.02726167,Civic_Honda,17,2025,10,21,17,Tuesday,2025-10-21,43
2852,MCP3292002Z,250045093,Montgomery_County_Police,Injury Crash,2025-10-07 15:20:00,County_Route,SNOUFFERS SCHOOL RD,WAVERLY ST,Sideswipe (Same Direction),Lane Violation,Clear,Dry,Daylight,No Control,None Detected,6E922C39-B462-43F7-9467-A2362BE2D18A,MD,8CF0205F-C264-4A20-96AF-E3D114FE26D4,One O Clock,PassengerCar,MovingConstantSpeed,Northbound,35.0,No,No,2013,CHEVROLET,39.17214717,-77.17838278,Silverado_Chevrolet,15,2025,10,7,15,Tuesday,2025-10-07,41
2854,MCP2455008K,250046210,Montgomery_County_Police,Property Damage Crash,2025-10-14 15:11:00,County_Route,BOU AVE,BEL PRE RD,Sideswipe (Same Direction),Lane Violation,Clear,Dry,Daylight,No Control,None Detected,AB4A7130-B2B7-4593-B9C5-4AC9E4A03723,MD,A4ED53FB-3A55-4495-A22A-080B5CB50A3D,One O Clock,PassengerCar,MovingConstantSpeed,Eastbound,25.0,No,No,2019,TOYOTA,39.05649147,-77.118466,Camry_Toyota,15,2025,10,14,15,Tuesday,2025-10-14,42
2855,EJ78880087,250047367,Gaithersburg_Police_Department,Property Damage Crash,2025-10-21 18:55:00,Municipality_Route,E DIAMOND AVE,CORDELL AVE,Other,Congestion / Backup,Clear,Dry,Dark - Lighted,No Control,None Detected,92706E5F-0D62-4F9C-97A6-0F5440010BA9,MD,DC952481-3890-49BE-A8C7-129ED8D47337,Eleven O Clock,SportUtilityVehicle,StoppedInTrafficLane,Eastbound,30.0,No,No,2009,BUICK,39.141818,-77.195451,Enclave_Buick,18,2025,10,21,18,Tuesday,2025-10-21,43
2857,MCP2989003C,250047655,Montgomery_County_Police,Property Damage Crash,2025-10-23 14:56:00,County_Route,TWINBROOK PKWY,HEATHFIELD RD,Rear-End (Same Direction),Tailgating,Clear,Dry,Daylight,No Control,None Detected,65E9050D-45A8-4A13-8615-BD75327B206A,MD,AB1B0DC9-4375-4843-8F1F-C9E8ED1F2C08,Six O Clock,PassengerCar,SlowingOrStopping,Westbound,30.0,No,No,2023,HONDA,39.068515,-77.11410767,Civic_Honda,14,2025,10,23,14,Thursday,2025-10-23,43
2858,MCP268900D4,250044947,Montgomery_County_Police,Injury Crash,2025-10-06 15:31:00,Maryland_State_Route,DARNESTOWN RD (WB/L),QUEEN ELIZABETH DR,Rear-End (Same Direction),Tailgating,Clear,Dry,Daylight,Traffic Signal,None Detected,AC1B186C-AF66-46D7-A9FA-B650C40075E4,MD,1833C585-E8F5-4490-9BEA-C1F0C4EED6B1,Six O Clock,PassengerCar,StoppedInTrafficLane,Westbound,30.0,No,No,2017,TOYOTA,39.11723117,-77.2505105,Sienna_Toyota,15,2025,10,6,15,Monday,2025-10-06,41
2859,EJ7886004Q,250047758,Gaithersburg_Police_Department,Injury Crash,2025-10-24 05:46:00,Maryland_State_Route,SENECA RD,RAMP 7 FR MD 117 WB TO RAMP 6 (TO IS270),Rear vs Side,Right-of-Way Violation,Clear,Dry,Dark - Lighted,No Control,None Detected,FF673082-94FF-48D5-807F-D5807139280B,DC,CC5626C7-891F-4982-A76D-318AC6BD1685,One O Clock,PickupTruck,MakingLeftTurn,Southbound,35.0,No,No,2019,FORD,39.14064419,-77.21425243,F-350_Ford,5,2025,10,24,5,Friday,2025-10-24,43
2860,MCP3379002G,250047966,Montgomery_County_Police,Injury Crash,2025-10-25 15:06:00,Maryland_State_Route,UNIVERSITY BLVD W,ENT TO SHOPPING CENTER,Single Vehicle,Backing Error,Clear,Wet,Daylight,No Control,None Detected,48305D9B-058A-4671-8FDA-F9B4D0D4FFDD,MD,D1FAC74B-9F01-4158-A049-2632332795D7,Six O Clock,OtherTruck,Backing,Northbound,2.5,No,No,2019,TOYOTA,39.15430219,-77.26973033,Camry_Toyota,15,2025,10,25,15,Saturday,2025-10-25,43
2861,MCP3260001Y,250047533,Montgomery_County_Police,Property Damage Crash,2025-10-22 18:00:00,County_Route,UNIVERSITY BLVD W,TOULONE DR,Single Vehicle,Backing Error,Clear,Dry,Dark - Not Lighted,Traffic Signal,None Detected,7DE02894-B5CF-48D5-A4AF-1E45FE28315D,MD,ECF74992-5CEB-429F-BDD7-58ED405B7417,Six O Clock,PassengerCar,Backing,Not On Roadway,2.5,No,No,2022,FORD,38.99115934,-77.02694506,Explorer_Ford,18,2025,10,22,18,Wednesday,2025-10-22,43
2862,DD57060009,250048252,Rockville_Police_Department,Property Damage Crash,2025-10-27 15:05:00,Municipality_Route,FLEET ST,ROBINDALE DR,Sideswipe (Same Direction),Passing / Turning,Clear,Dry,Daylight,No Control,None Detected,1737DA44-7DFA-425D-AF1F-3A0C80EF1410,MD,42A35A25-0194-4A33-A430-FF57CE77BEC4,Eleven O Clock,PassengerCar,StoppedInTrafficLane,Southbound,30.0,No,No,2024,HYUNDAI,39.08080712,-77.15023575,Tucson_Hyundai,15,2025,10,27,15,Monday,2025-10-27,44
2863,MCP3362006J,250045176,Montgomery_County_Police,Property Damage Crash,2025-10-08 07:10:00,Maryland_State_Route,NEW HAMPSHIRE AVE,RAMP 4 FR MD 650 NB TO IS 495 EB,Rear-End (Same Direction),Tailgating,Rain,Wet,Dawn,No Control,None Detected,931A6569-DEC7-4CA0-A345-2B2494307874,MD,F7670B27-FFD1-4BB0-BB97-284884304654,Twelve O Clock,PassengerCar,MovingConstantSpeed,Northbound,35.0,No,No,2010,TOYOTA,39.01599108,-76.97748617,Sienna_Toyota,7,2025,10,8,7,Wednesday,2025-10-08,41
2864,MCP9419006D,25004787,Montgomery_County_Police,Injury Crash,2025-10-22 13:08:00,Maryland_State_Route,HUNGERFORD DR (SB/L),DILSTON RD,Sideswipe (Same Direction),Lane Violation,Clear,Dry,Daylight,No Control,None Detected,2CE17D53-8A50-442F-8CD8-97AB555E7753,MD,2A413AC2-0474-47C5-A8A6-A40011A5F852,Two O Clock,PassengerCar,MovingConstantSpeed,Southbound,35.0,No,No,2009,TOYOTA,39.10415528,-77.15659243,Avalon_Toyota,13,2025,10,22,13,Wednesday,2025-10-22,43
2865,MCP2717010Q,250045743,Montgomery_County_Police,Property Damage Crash,2025-10-11 16:00:00,Maryland_State_Route,CLOPPER RD,KERWIN RD,Rear-End (Same Direction),Tailgating,Clear,Dry,Daylight,No Control,None Detected,8F215CAF-0F74-4D08-B2D4-15CD5F75AB1F,MD,323FE950-2889-4433-B8DB-AFA5FA429F6A,Six O Clock,PickupTruck,SlowingOrStopping,Eastbound,35.0,No,No,2025,TOYOTA,39.15401717,-77.25230417,Tacoma_Toyota,16,2025,10,11,16,Saturday,2025-10-11,41
2867,MCP3197004T,250045431,Montgomery_County_Police,Injury Crash,2025-10-09 15:35:00,Maryland_State_Route,LAYHILL RD (SB/L),NEWPORT MILL RD,Single Vehicle,Road Obstruction,Clear,Dry,Daylight,Traffic Signal,None Detected,30BE27B1-1B37-4BB9-9BA1-E96859AC6482,MD,AED04921-AE1D-45E4-9C3E-925CE846D0B7,Eleven O Clock,Van - Passenger (&lt;9 Seats),Parked,South,40.0,No,Yes,2023,TOYOTA,39.09888531,-77.04280338,Sienna_Toyota,15,2025,10,9,15,Thursday,2025-10-09,41
2868,MCP1566002B,250046641,Montgomery_County_Police,Injury Crash,2025-10-17 05:10:00,County_Route,CRABBS BRANCH WAY,REDLAND RD,Single Vehicle,Lane Violation,Cloudy,Dry,Dark - Lighted,No Control,Suspect Alcohol + Drug,6B7147CA-5303-46B6-8ECF-2F0CB719A916,MD,BF91E962-C138-4497-9FE3-A70CB9AF0246,Twelve O Clock,PassengerCar,MovingConstantSpeed,Southbound,35.0,No,No,2024,HYUNDAI,39.12105773,-77.15870723,Elantra_Hyundai,5,2025,10,17,5,Friday,2025-10-17,42