Unnamed: 0,Report Number,Local Case Number,Agency Name,ACRS Report Type,Crash Date/Time,Route Type,Road Name,Cross-Street Name,Collision Type,Circumstance_Category,Weather,Surface Condition,Light,Traffic Control,Driver Substance Abuse,Person ID,Drivers License State,Vehicle ID,Vehicle First Impact Location,Vehicle Body Type,Vehicle Movement,Vehicle Going Dir,Speed Limit,Driverless Vehicle,Parked Vehicle,Vehicle Year,Vehicle Make,Latitude,Longitude,Vehicle Model,hour,Crash_year,Crash_month,Crash_day,Crash_hour,Crash_day_name,Crash_date,Crash_week
2869,MCP29360074,250044956,Montgomery_County_Police,Property Damage Crash,2025-10-06 16:00:00,County_Route,WAPAKONETA RD,WINNEBAGO RD,Single Vehicle,Driver Inattention,Clear,Dry,Daylight,Stop Sign,None Detected,FD9CAEA1-8362-4AF4-AB84-D2F8CE96DF7E,MD,603D82F8-2DF6-4C83-BB38-F7F619BA8EB9,Twelve O Clock,SchoolBus,SlowingOrStopping,Southbound,25.0,No,No,2023,TOYOTA,38.959488,-77.1231945,Camry_Toyota,16,2025,10,6,16,Monday,2025-10-06,41
2870,DD57040005,250046069,Rockville_Police_Department,Property Damage Crash,2025-10-13 20:22:00,Maryland_State_Route,ROCKVILLE PIKE (SB/L),GEORGIA AVE,Other,Weather Related,Rain,Wet,Dark - Unknown Lighting,Traffic Signal,None Detected,7C85C689-8AD9-4061-A178-5DE602D67064,MD,2B33B3EE-0D56-4FA9-B925-F66ADF6388D4,One O Clock,ATV,Accelerating,Southbound,35.0,No,No,2005,TOYOTA,39.06444539,-77.12632308,Camry_Toyota,20,2025,10,13,20,Monday,2025-10-13,42
2871,MCP287500BM,240046251,Montgomery_County_Police,Property Damage Crash,2025-10-14 19:18:00,Maryland_State_Route,RIDGE RD (SB/L),VALLEY PARK DR,Other,Right-of-Way Violation,Clear,Dry,Dark - Lighted,Stop Sign,None Detected,F9B8D08E-5C65-4433-92F8-E42FA3BDC21B,MD,72B423E5-F95F-481D-A216-5AD0A61CB05C,Eleven O Clock,PassengerCar,MakingLeftTurn,Westbound,40.0,No,No,2017,TOYOTA,39.274055,-77.215105,Camry_Toyota,19,2025,10,14,19,Tuesday,2025-10-14,42
2873,MCP2782005M,250044976,Montgomery_County_Police,Injury Crash,2025-10-06 19:06:00,Maryland_State_Route,DAMASCUS RD,GEORGIA AVE GEORGIA AVE (SB/L),Angle Collision,Right-of-Way Violation,Clear,Dry,Daylight,Traffic Signal,None Detected,676A905C-3061-4624-A64C-462EC82C33CB,MD,61BEC968-C49F-4622-B422-9D37E3ECB51B,Twelve O Clock,StationWagon,MakingLeftTurn,North,30.0,No,No,2013,SUBARU,39.22157933,-77.059977,Forester_Subaru,19,2025,10,6,19,Monday,2025-10-06,41
2874,MCP3355001T,250047811,Montgomery_County_Police,Property Damage Crash,2025-10-24 12:00:00,Maryland_State_Route,COLESVILLE RD (WB/L),EAST WEST HWY,Angle Collision,Driver Inattention,Clear,Dry,Daylight,Traffic Signal,None Detected,F074A705-59E2-44E1-94A5-BF4004954545,MD,190D7DAB-3DC5-4D0A-8333-0A1044A06EBA,Eleven O Clock,PassengerCar,MovingConstantSpeed,Southbound,30.0,No,No,2025,TOYOTA,38.99367352,-77.03235179,RAV4_Toyota,12,2025,10,24,12,Friday,2025-10-24,43
2875,MCP3395004J,250047241,Montgomery_County_Police,Injury Crash,2025-10-21 08:38:00,Maryland_State_Route,ROCKVILLE PIKE (SB/L),KINGSTEAD RD,Rear-End (Same Direction),Tailgating,Clear,Dry,Daylight,No Control,None Detected,A40CE1A1-9AE0-4473-9975-3B03AC8B7FB4,MD,B2151EF8-6688-47E4-8D36-99A592F10C65,Twelve O Clock,Van - Passenger (&lt;9 Seats),MovingConstantSpeed,Southbound,35.0,No,No,2006,TOYOTA,39.046587,-77.112745,Sienna_Toyota,8,2025,10,21,8,Tuesday,2025-10-21,43
2876,MCP2356004Y,250045656,Montgomery_County_Police,Property Damage Crash,2025-10-10 19:46:00,Maryland_State_Route,MUNCASTER MILL RD,WILSON LA,Rear-End (Same Direction),Driver Inattention,Clear,Dry,Dark - Lighted,Traffic Signal,None Detected,346EA29B-1065-4253-AA10-B26B6F87BB08,MD,04A643CE-DCD8-4A61-9AE3-7BCE63371BE6,Six O Clock,PassengerCar,SlowingOrStopping,Southbound,40.0,No,No,2001,NISSAN,39.13341547,-77.12212017,Frontier_Nissan,19,2025,10,10,19,Friday,2025-10-10,41
2878,EJ7913001G,250045353,Gaithersburg_Police_Department,Injury Crash,2025-10-09 08:24:00,Municipality_Route,S SUMMIT AVE,OLDE TOWNE AVE,Angle Collision,Traffic Control Violation,Clear,Dry,Daylight,Traffic Signal,None Detected,7714216E-98EB-489B-A3CF-8A26B138CB92,MD,C2336AB0-E7F0-46DC-BC09-3F5343400BE8,Twelve O Clock,PassengerCar,MovingConstantSpeed,Southbound,25.0,No,No,2012,HONDA,39.14056217,-77.19359667,Civic_Honda,8,2025,10,9,8,Thursday,2025-10-09,41
2879,MCP2298018W,250045024,Montgomery_County_Police,Property Damage Crash,2025-10-07 08:55:00,County_Route,THISTLEBRIDGE DR,REGENTS PARK DR,Rear-End (Same Direction),Backing Error,Clear,Dry,Daylight,No Control,None Detected,05817D36-CEE3-4060-A45C-EE4B6D67048B,MD,501EC35D-DF7E-4590-B3A6-0431463782B1,Six O Clock,SingleUnitTruck,Backing,Northbound,25.0,No,No,2013,TOYOTA,39.11763055,-77.08354227,Camry_Toyota,8,2025,10,7,8,Tuesday,2025-10-07,41
2880,MCP3196004C,250048042,Montgomery_County_Police,Injury Crash,2025-10-26 00:37:00,Maryland_State_Route,RIDGE RD,MCKNEW RD,Single Vehicle,Road Obstruction,Clear,Dry,Dark - Not Lighted,No Control,None Detected,66D23126-8589-4D57-926B-C4F3CFE2A565,MD,49128213-2D5B-4580-8578-B0279D18884C,Twelve O Clock,PassengerCar,MovingConstantSpeed,Unknown,50.0,No,No,2021,MERCEDES-BENZ,39.31252093,-77.18711,C-Class_Mercedes-Benz,0,2025,10,26,0,Sunday,2025-10-26,43
2881,MCP3374003T,250045528,Montgomery_County_Police,Property Damage Crash,2025-10-10 07:40:00,Maryland_State_Route,OLD GEORGETOWN RD (SB/L),DAHILL RD,Sideswipe (Same Direction),Lane Violation,Clear,Dry,Daylight,No Control,None Detected,C1F58014-106C-4B3A-8C06-A8A81D6C9FCB,MD,4EE31E82-AC2B-4D8C-8C59-89F16846F5A5,VehicleNotAtScene,PassengerCar,MovingConstantSpeed,Southbound,35.0,No,No,2024,FORD,39.02712592,-77.12635512,Edge_Ford,7,2025,10,10,7,Friday,2025-10-10,41
2882,MCP3374003P,250044062,Montgomery_County_Police,Property Damage Crash,2025-10-01 05:56:00,County_Route,OLD GEORGETOWN RD (SB/L),ENT TO MONTROSE CROSSING S.C.,Angle Collision,Driver Inattention,Clear,Dry,Dark - Lighted,Traffic Signal,None Detected,85B37865-281A-434E-BDDC-451D4507BBEC,MD,420C7F70-CDBF-46A5-ADB9-5BF4636FF872,Three O Clock,PassengerCar,MovingConstantSpeed,Northbound,35.0,No,No,2016,TOYOTA,39.04863216,-77.1189348,Corolla_Toyota,5,2025,10,1,5,Wednesday,2025-10-01,40
2883,MCP2987009X,250048396,Montgomery_County_Police,Property Damage Crash,2025-10-28 13:00:00,Maryland_State_Route,NEW HAMPSHIRE AVE (SB/L),CENTERWAY RD,Sideswipe (Same Direction),Road Obstruction,Clear,Dry,Daylight,No Control,None Detected,3119D17E-72DB-483B-A057-E68E4080D97A,MD,6EFD247F-070E-4D2C-8342-E79D3E7DA416,Eleven O Clock,PickupTruck,MovingConstantSpeed,South,40.0,No,No,2009,TOYOTA,39.04293582,-76.99185548,Tacoma_Toyota,13,2025,10,28,13,Tuesday,2025-10-28,44
2884,MCP9419006F,250048200,Montgomery_County_Police,Injury Crash,2025-10-27 11:34:00,Maryland_State_Route,GOSHEN RD,BEL PRE RD,Single Vehicle,Right-of-Way Violation,Clear,Dry,Daylight,Traffic Signal,None Detected,8D7E0703-CA4B-4021-A304-B36D992306E8,DC,4417D67F-D71F-4800-B0BD-2F7D77C291F1,NonCollision,OtherTruck,MakingLeftTurn,Westbound,2.5,No,No,2007,TOYOTA,39.12733288,-77.16309015,Corolla_Toyota,11,2025,10,27,11,Monday,2025-10-27,44
2885,MCP3386003L,250048305,Montgomery_County_Police,Property Damage Crash,2025-10-27 09:30:00,Maryland_State_Route,LAYHILL RD,KNOWLES AVE,Sideswipe (Same Direction),Backing Error,Clear,Dry,Daylight,Stop Sign,None Detected,A8D3A03E-87A9-47C9-948E-237FEA97E380,WA,A07FFD9F-8D08-4E68-942A-925999A78770,VehicleNotAtScene,PassengerCar,Backing,Unknown,2.5,No,No,2016,TOYOTA,38.98142988,-77.09414266,Camry_Toyota,9,2025,10,27,9,Monday,2025-10-27,44
2886,MCP14250029,250047915,Montgomery_County_Police,Property Damage Crash,2025-10-25 02:00:00,Maryland_State_Route,INWOOD AVE,GARLAND AVE,Sideswipe (Opposite Direction),Driver Inattention,Clear,Dry,Dark - Lighted,No Control,None Detected,C85105A2-F3FD-4986-992C-52A7C86C2624,MD,A6945E09-FE2F-42F7-B5B2-ED95257E800E,Eleven O Clock,PassengerCar,MovingConstantSpeed,Westbound,30.0,No,No,2017,TOYOTA,39.21891017,-77.41438358,Corolla_Toyota,2,2025,10,25,2,Saturday,2025-10-25,43
2887,MCP25920050,250045500,Montgomery_County_Police,Injury Crash,2025-10-09 21:36:00,Maryland_State_Route,FREDERICK RD,GAME PRESERVE RD,Angle Collision,Passing / Turning,Clear,Dry,Dark - Lighted,No Control,None Detected,D84D7392-9FA2-485C-BB46-42756CFF735B,MD,951B9AE3-0413-409A-B2A5-80D4760A3F48,Two O Clock,PassengerCar,MakingRightTurn,Northbound,40.0,No,No,2019,HONDA,39.16489909,-77.22733383,Odyssey_Honda,21,2025,10,9,21,Thursday,2025-10-09,41
2888,MCP3423002K,250045234,Montgomery_County_Police,Property Damage Crash,2025-10-08 13:34:00,Maryland_State_Route,SANDY SPRING RD,CROSSOVER,Angle Collision,Right-of-Way Violation,Clear,Dry,Daylight,No Control,None Detected,F03C5564-CB60-47DD-BBDB-481BE59EC71E,MD,CA195668-DC82-4B11-AA6E-06982C24D000,Twelve O Clock,PassengerCar,Accelerating,Northbound,25.0,No,No,2018,MAZDA,39.11036333,-76.9339895,Mazda3_Mazda,13,2025,10,8,13,Wednesday,2025-10-08,41
2889,MCP287100D4,250048093,Montgomery_County_Police,Property Damage Crash,2025-10-26 15:31:00,County_Route,GRAND PARK AVE,WILLOWBROOK DR,Other,Backing Error,Clear,Dry,Daylight,No Control,None Detected,F6A1FAD4-921A-4CB7-8355-7B766E94E86A,MD,26CEA437-183F-4504-B734-310AE37DB260,Twelve O Clock,SportUtilityVehicle,Backing,Northbound,25.0,No,No,2017,CHEVROLET,39.05024702,-77.11730611,Tahoe_Chevrolet,15,2025,10,26,15,Sunday,2025-10-26,43
2890,MCP3192006H,250045784,Montgomery_County_Police,Property Damage Crash,2025-10-11 20:51:00,County_Route,RANDOLPH RD (WB/L),SPUR FR MD 355,Rear-End (Same Direction),Tailgating,Rain,Wet,Dark - Lighted,Traffic Signal,None Detected,5DABA9B1-7203-4296-B43F-385C810C883D,MD,DE462AAF-414A-43C1-B729-8BA33566D1E8,Six O Clock,PassengerCar,SlowingOrStopping,Westbound,35.0,No,No,2017,HYUNDAI,39.05757063,-77.07972792,Elantra_Hyundai,20,2025,10,11,20,Saturday,2025-10-11,41
2891,MCP9301005X,250048515,Montgomery_County_Police,Injury Crash,2025-10-29 07:00:00,Maryland_State_Route,STATION15 DR,PHEASANT RUN DR (WB/L) W WATKINS MILL RD (SB/L),Angle Collision,Right-of-Way Violation,Clear,Dry,Dark - Lighted,Traffic Signal,None Detected,8E9F48D1-28F4-4275-B02A-6040C91A957C,MD,49B026F4-6BE1-4BD8-A5BD-B3BC36333631,Twelve O Clock,PassengerCar,MovingConstantSpeed,North,35.0,No,No,2024,TESLA,39.14758647,-77.23295822,Model Y_Tesla,7,2025,10,29,7,Wednesday,2025-10-29,44
2892,MCP2939008G,250048277,Montgomery_County_Police,Injury Crash,2025-10-27 16:39:00,Ramp_Route,RAMP 3 FR MD 109 EB TO RAMP 2 (TO IS270),OLD HUNDRED RD,Head-On,Right-of-Way Violation,Clear,Dry,Daylight,No Control,None Detected,6639996E-1B05-42F1-9971-9CB248ACB8C9,PA,287B7AE8-0F44-4C58-8C5C-4FA981AE0B90,Twelve O Clock,PickupTruck,Accelerating,Eastbound,30.0,No,No,2024,GMC,39.27848083,-77.322331,Sierra_GMC,16,2025,10,27,16,Monday,2025-10-27,44
2893,DD5680001S,250045333,Rockville_Police_Department,Property Damage Crash,2025-10-08 21:58:00,Maryland_State_Route,ROCKVILLE PIKE,PARK RD,Sideswipe (Same Direction),Lane Violation,Clear,Dry,Dark - Lighted,Traffic Signal,None Detected,C49D8E35-39D7-4761-B8B1-B27ED36C9B0B,MD,631F53A4-0B27-42C8-8DFA-8D34868FA401,VehicleNotAtScene,PassengerCar,MakingRightTurn,Northbound,35.0,No,No,2011,AUDI,39.08502762,-77.14793641,A4_Audi,21,2025,10,8,21,Wednesday,2025-10-08,41
2894,DD5669001G,250045882,Rockville_Police_Department,Property Damage Crash,2025-10-12 18:34:00,Maryland_State_Route,VEIRS MILL RD,SEVEN LOCKS RD,Other,Weather Related,Rain,Wet,Dark - Lighted,No Control,None Detected,8D34FEB8-E163-4858-BCF1-E9CD4B995E78,MD,5A397E17-7F50-4F8E-B341-DD8C3BA32C34,Three O Clock,StationWagon,MovingConstantSpeed,Southbound,35.0,No,No,2011,VOLVO,39.0743367,-77.11399722,XC90_Volvo,18,2025,10,12,18,Sunday,2025-10-12,41
2896,MCP2000002B,250047569,Montgomery_County_Police,Property Damage Crash,2025-10-22 21:31:00,Maryland_State_Route,FREDERICK RD,GUNNERS BRANCH RD,Single Vehicle,Lane Violation,Clear,Dry,Dark - Lighted,Traffic Signal,None Detected,0F64EF1E-D6AC-46E8-B5C2-0B96F2317C93,MD,44E002C9-7CC5-470A-9811-D6EDB18FA634,Eleven O Clock,SportUtilityVehicle,MovingConstantSpeed,Northbound,30.0,No,No,2015,ACURA,39.23742961,-77.2778202,RDX_Acura,21,2025,10,22,21,Wednesday,2025-10-22,43
2897,MCP3362006K,250047439,Montgomery_County_Police,Property Damage Crash,2025-10-22 09:11:00,Maryland_State_Route,UNIVERSITY BLVD E (WB/L),MARDEN LA,Angle Collision,Right-of-Way Violation,Clear,Dry,Daylight,Traffic Signal,None Detected,CA81E707-2336-45D5-B2A8-C49C8801238D,MD,B8D5F977-D5F3-477A-A46D-13CA3150C8C0,Eleven O Clock,PassengerCar,MakingLeftTurn,Southbound,30.0,No,No,2018,MAZDA,39.01595664,-77.00544126,CX-5_Mazda,9,2025,10,22,9,Wednesday,2025-10-22,43
2899,MCP2108002G,250048019,Montgomery_County_Police,Property Damage Crash,2025-10-25 20:54:00,County_Route,SCOTT DR,OVERLEA DR,Head-On,Right-of-Way Violation,Clear,Dry,Dark - Lighted,No Control,None Detected,BF554F4E-7299-4D1E-8B79-79A921E817CE,MD,88A030F7-3425-4664-B421-B1011C7D78B4,Twelve O Clock,PassengerCar,MakingRightTurn,Northbound,25.0,No,No,2015,MAZDA,39.07429817,-77.18840583,Mazda6_Mazda,20,2025,10,25,20,Saturday,2025-10-25,43
2900,MCP3430000W,250046833,Montgomery_County_Police,Property Damage Crash,2025-10-18 10:58:00,Maryland_State_Route,GEORGIA AVE (SB/L),LARCH AVE,Sideswipe (Same Direction),Lane Violation,Clear,Dry,Daylight,No Control,None Detected,7240E268-EFDF-4CB8-B17B-F1C2CC7947D2,MD,FE5660EE-B468-4C45-9F5C-D04350E45860,Ten O Clock,PassengerCar,MovingConstantSpeed,Northbound,30.0,No,No,2009,HONDA,39.00893796,-77.0403081,Accord_Honda,10,2025,10,18,10,Saturday,2025-10-18,42
2901,MCP2160003W,250048266,Montgomery_County_Police,Property Damage Crash,2025-10-27 15:01:00,County_Route,CLUB HOUSE RD,GEORGIA AVE,Head-On,Tailgating,Clear,Dry,Daylight,Traffic Signal,Suspect Alcohol (Unclear),34EB947B-03FE-4D8B-956A-9A27E916B7A1,MD,B5A7C93A-259A-4A3A-84C5-3B0EAC836172,Two O Clock,PassengerCar,Accelerating,Westbound,35.0,No,No,2004,LEXUS,39.17418728,-77.20739969,ES_Lexus,15,2025,10,27,15,Monday,2025-10-27,44
2903,EJ786600GS,250047852,Gaithersburg_Police_Department,Property Damage Crash,2025-10-24 16:30:00,Municipality_Route,MONTGOMERY AVE,FREDERICK RD,Rear vs Side,Right-of-Way Violation,Cloudy,Dry,Daylight,Stop Sign,None Detected,87D28331-19D0-4226-9485-CB1DD6B59D65,MD,86B83E3E-E41F-4677-B215-C299D8A15E2B,Ten O Clock,SportUtilityVehicle,EnteringTrafficLane,Westbound,35.0,No,No,2021,HONDA,39.14572005,-77.20373357,Pilot_Honda,16,2025,10,24,16,Friday,2025-10-24,43
2904,EJ7916000W,250045123,Gaithersburg_Police_Department,Injury Crash,2025-10-07 17:40:00,Municipality_Route,LONGDRAFT RD (SB/L),CLOPPER RD LONGDRAFT RD,Rear-End (Same Direction),Tailgating,Cloudy,Dry,Daylight,Traffic Signal,None Detected,16EE3050-0598-425A-A322-5C34410BBA4D,MD,1D4FAEF1-074F-4959-A858-26041F5CA4AB,One O Clock,PassengerCar,MovingConstantSpeed,Southbound,35.0,No,No,2020,BMW,39.14831753,-77.23781669,X5_BMW,17,2025,10,7,17,Tuesday,2025-10-07,41
2905,MCP2783006V,250048033,Montgomery_County_Police,Injury Crash,2025-10-25 22:59:00,Maryland_State_Route,NEW HAMPSHIRE AVE,RAMP 4 FR MD650 NB TO RP 5 (TO MD200 EB),Rear-End (Same Direction),Congestion / Backup,Clear,Dry,Dark - Lighted,Traffic Signal,None Detected,2D342850-75AB-4AE9-A9C1-DD5B28B6F099,MD,E5DEBAB4-3781-40C2-BAC1-60439DE25780,Six O Clock,PassengerCar,StoppedInTrafficLane,Northbound,45.0,No,No,2021,HONDA,39.0877285,-76.999345,Pilot_Honda,22,2025,10,25,22,Saturday,2025-10-25,43
2906,MCP34940006,250047702,Montgomery_County_Police,Injury Crash,2025-10-23 17:55:00,County_Route,GRACE CHURCH RD,SECOND AVE,Other,Passing / Turning,Clear,Dry,Daylight,Stop Sign,None Detected,DB381C15-9233-478C-807C-CBD98A5FC88D,MD,2B314537-8417-4DFC-B0DD-3BA177710751,Eleven O Clock,SportUtilityVehicle,StoppedInTrafficLane,Eastbound,20.0,No,No,2023,CHEVROLET,39.00416217,-77.04090533,Bolt EUV_Chevrolet,17,2025,10,23,17,Thursday,2025-10-23,43
2907,DD5657002S,250045598,Rockville_Police_Department,Property Damage Crash,2025-10-10 15:30:00,Municipality_Route,REDLAND BLVD,RAMP 9 FR RAMP 1 TO REDLAND BLVD,Angle Collision,Right-of-Way Violation,Cloudy,Dry,Daylight,Traffic Signal,None Detected,39117C87-B91B-4196-8DCE-3C7F84D5D6DA,MD,FA7D2835-1D86-40D9-A4BE-7993206CBE2C,Eleven O Clock,PassengerCar,Accelerating,North,35.0,No,No,2024,BMW,39.11569494,-77.16617241,X7_BMW,15,2025,10,10,15,Friday,2025-10-10,41
2908,MCP2782005Q,250047710,Montgomery_County_Police,Injury Crash,2025-10-23 19:18:00,Maryland_State_Route,NORBECK RD,COLUMBIA PIKE,Rear-End (Same Direction),Congestion / Backup,Clear,Dry,Dark - Lighted,No Control,None Detected,92EEB864-43E3-4FFC-906F-98627338D6DD,MD,EC296A28-3131-4D4B-95FA-5BE0F1AF708E,Six O Clock,SingleUnitTruck,SlowingOrStopping,Eastbound,35.0,No,No,2019,FORD,39.10937906,-77.07714008,F-150_Ford,19,2025,10,23,19,Thursday,2025-10-23,43
2909,MCP31900071,250044511,Montgomery_County_Police,Property Damage Crash,2025-10-03 16:33:00,County_Route,MUNCASTER MILL RD,LAYHILL RD,Rear-End (Same Direction),Road Obstruction,Clear,Dry,Daylight,School Zone Sign,None Detected,D2918827-36FA-469D-A6FA-9F6BCF1EBA65,MD,8E537F36-9778-40DC-B30B-9F90673EF6CA,Seven O Clock,TransitBus,Parked,West,35.0,No,Yes,2016,SUBARU,39.09049659,-77.04799784,Crosstrek_Subaru,16,2025,10,3,16,Friday,2025-10-03,40
2910,MCP34080026,250045359,Montgomery_County_Police,Property Damage Crash,2025-10-09 09:00:00,Maryland_State_Route,GEORGIA AVE,BROOKEWAY DR,Angle Collision,Lane Violation,Clear,Dry,Daylight,No Control,None Detected,0CF106C6-E2E8-4E47-98E1-97D68024E2DD,MD,A56CF590-0CE2-4568-A635-978912ED0BEC,Ten O Clock,PassengerCar,MakingUTurn,Southbound,30.0,No,No,2016,NISSAN,39.01194445,-77.04145279,Altima_Nissan,9,2025,10,9,9,Thursday,2025-10-09,41
2912,MCP34530014,250048150,Montgomery_County_Police,Injury Crash,2025-10-27 06:56:00,County_Route,E RANDOLPH RD (WB/L),FAIRLAND RD (WB/L),Angle Collision,Right-of-Way Violation,Clear,Dry,Dark - Lighted,Traffic Signal,None Detected,7487579E-22A0-48D5-9E97-8D295DCA1001,MD,8D9581F7-ECC6-4F05-8240-6027B92D3DC4,Twelve O Clock,SportUtilityVehicle,MakingLeftTurn,Northbound,35.0,No,No,2010,TOYOTA,39.0755093,-76.99394114,Venza_Toyota,6,2025,10,27,6,Monday,2025-10-27,44
2913,MCP30390082,250047860,Montgomery_County_Police,Property Damage Crash,2025-10-24 17:00:00,Maryland_State_Route,EAST WEST HWY (WB/L),ODENDHAL AVE,Angle Collision,Right-of-Way Violation,Clear,Dry,Daylight,No Control,None Detected,C55EA7A2-EF5B-45C9-A618-76E1BE72EE56,MD,6C358626-F6DF-4048-8B65-7A12F44FC0EF,Twelve O Clock,PassengerCar,MovingConstantSpeed,Westbound,30.0,No,No,2017,HYUNDAI,38.99462379,-77.03629605,Elantra_Hyundai,17,2025,10,24,17,Friday,2025-10-24,43
2914,MCP34110032,250047274,Montgomery_County_Police,Injury Crash,2025-10-21 11:16:00,Maryland_State_Route,WISCONSIN AVE (SB/L),POWDER MILL RD,Rear-End (Same Direction),Tailgating,Clear,Dry,Daylight,Traffic Signal,None Detected,CA072CDE-5A1B-43EC-86FF-232F4685D1A9,MD,C684925A-9733-4C22-B9C2-329399BCF5C4,Twelve O Clock,PassengerCar,MovingConstantSpeed,Northbound,35.0,No,No,2014,TOYOTA,38.96758581,-77.08880972,Prius v_Toyota,11,2025,10,21,11,Tuesday,2025-10-21,43
2915,MCP2674006N,250046250,Montgomery_County_Police,Injury Crash,2025-10-14 19:06:00,Maryland_State_Route,GEORGIA AVE (SB/L),GEORGIA AVE,Angle Collision,Right-of-Way Violation,Clear,Dry,Dark - Lighted,No Control,None Detected,0851D8BA-EAD4-44C0-A045-43C91BF0C937,MD,039653CF-2337-47C3-89BC-81422846C8D3,Twelve O Clock,PickupTruck,MakingLeftTurn,Eastbound,25.0,No,No,2006,CHEVROLET,39.28785331,-77.20234474,Silverado_Chevrolet,19,2025,10,14,19,Tuesday,2025-10-14,42
2916,MCP320000GQ,250045360,Montgomery_County_Police,Injury Crash,2025-10-09 09:30:00,Interstate_Route,CAPITAL BELTWAY,16TH ST,Rear-End (Same Direction),Speed Related,Clear,Dry,Daylight,No Control,None Detected,3CA769D3-4373-4B84-9DFD-FB9A68034B62,VA,B6E761DC-21D8-4601-9CDF-B82977507DC0,Twelve O Clock,SportUtilityVehicle,MovingConstantSpeed,Eastbound,55.0,No,No,2025,BUICK,39.00656721,-77.06895563,Enclave_Buick,9,2025,10,9,9,Thursday,2025-10-09,41
2917,EJ78980072,250045704,Gaithersburg_Police_Department,Injury Crash,2025-10-11 10:20:00,County_Route,S WESTLAND DR,S WESTLAND DR,Other,Right-of-Way Violation,Cloudy,Dry,Daylight,No Control,None Detected,6B376C18-00F7-417F-90D3-F064123EFE30,MD,14F4750B-1C87-4BBA-8FA0-27616E5EE923,Three O Clock,PassengerCar,MakingLeftTurn,Westbound,40.0,No,No,2023,FORD,39.12604878,-77.18282331,F-150_Ford,10,2025,10,11,10,Saturday,2025-10-11,41
2918,MCP3355001V,250047821,Montgomery_County_Police,Property Damage Crash,2025-10-24 13:00:00,Maryland_State_Route,EAST WEST HWY,GEORGIA AVE,Single Vehicle,Lane Violation,Clear,Dry,Daylight,No Control,None Detected,B6139360-3F33-4887-9AF8-0C23BCE43AD2,MD,D546BA11-A8F6-4CC6-94B9-05A525E4009E,Underside,PassengerCar,MovingConstantSpeed,Northbound,30.0,No,No,2003,HONDA,38.99298533,-77.03162567,Odyssey_Honda,13,2025,10,24,13,Friday,2025-10-24,43
2919,EJ79080039,250048344,Gaithersburg_Police_Department,Injury Crash,2025-10-28 06:00:00,Municipality_Route,EDUCATION BLVD,S FREDERICK RD (SB/L),Single Vehicle,Right-of-Way Violation,Clear,Dry,Dark - Lighted,Traffic Signal,None Detected,0439B606-2DFF-4F17-87FB-9432F0118706,MD,1D7C9F35-77FC-4388-9587-EAA24562E915,NonCollision,PassengerCar,MakingLeftTurn,East,35.0,No,No,2005,JEEP,39.13604317,-77.192508,Wrangler_Jeep,6,2025,10,28,6,Tuesday,2025-10-28,44
2920,MCP32920034,250047344,Montgomery_County_Police,Property Damage Crash,2025-10-21 15:55:00,Local_Route,TRAMS WAY,RICHTER FARM RD,Rear-End (Same Direction),Right-of-Way Violation,Clear,Dry,Daylight,No Control,None Detected,C7D35693-98CB-4BE8-8552-A3F220C3EE14,MD,FA9D02EB-7391-4BFE-AC11-F045D4B4CDC9,Five O Clock,PassengerCar,MakingLeftTurn,Northbound,35.0,No,No,2010,ACURA,39.17729909,-77.1894422,TL_Acura,15,2025,10,21,15,Tuesday,2025-10-21,43
2921,EJ7884007G,250046921,Gaithersburg_Police_Department,Injury Crash,2025-10-18 22:28:00,Municipality_Route,PARKVIEW AVE,RAMP 8 FR IS 270 SB TO WATKINS MILL RD W WATKINS MILL RD (SB/L),Angle Collision,Right-of-Way Violation,Clear,Dry,Dark - Lighted,Flashing Traffic Signal,None Detected,BE7C0D97-9125-43DB-8B35-7E25C76F0000,MD,1C26502F-3B07-4C0D-A54F-DAD7F01AD862,Nine O Clock,SportUtilityVehicle,MovingConstantSpeed,Southbound,30.0,No,No,2011,HONDA,39.15564532,-77.22726177,CR-V_Honda,22,2025,10,18,22,Saturday,2025-10-18,42
2922,DD57010007,250045130,Rockville_Police_Department,Property Damage Crash,2025-10-07 17:10:00,Maryland_State_Route,ROCKVILLE PIKE (SB/L),COLLEGE VIEW DR,Sideswipe (Same Direction),Driver Inattention,Clear,Dry,Daylight,Traffic Signal,None Detected,6765042E-9F37-44D9-8351-E714F51A8D83,MD,9D6C4D9F-6F30-420B-AF26-1EDCADA2F36E,Nine O Clock,PassengerCar,StoppedInTrafficLane,Southbound,35.0,No,No,2025,TOYOTA,39.07461129,-77.13609792,RAV4_Toyota,17,2025,10,7,17,Tuesday,2025-10-07,41