Unnamed: 0,Report Number,Local Case Number,Agency Name,ACRS Report Type,Crash Date/Time,Route Type,Road Name,Cross-Street Name,Collision Type,Circumstance_Category,Weather,Surface Condition,Light,Traffic Control,Driver Substance Abuse,Person ID,Drivers License State,Vehicle ID,Vehicle First Impact Location,Vehicle Body Type,Vehicle Movement,Vehicle Going Dir,Speed Limit,Driverless Vehicle,Parked Vehicle,Vehicle Year,Vehicle Make,Latitude,Longitude,Vehicle Model,hour,Crash_year,Crash_month,Crash_day,Crash_hour,Crash_day_name,Crash_date,Crash_week
2923,MCP3093006C,250045293,Montgomery_County_Police,Property Damage Crash,2025-10-08 17:38:00,Maryland_State_Route,ROCKVILLE PIKE,TOWNE CREST DR,Rear-End (Same Direction),Tailgating,Clear,Dry,Daylight,No Control,None Detected,56DD50CE-36D0-4AB2-8110-55E1E50A1AAF,MD,55629F63-77E2-4AE4-870E-E3AD702D15B3,Twelve O Clock,PassengerCar,SlowingOrStopping,Northbound,35.0,No,No,2006,NISSAN,39.04250767,-77.1106245,Sentra_Nissan,17,2025,10,8,17,Wednesday,2025-10-08,41
2924,MCP2717010T,250046917,Montgomery_County_Police,Property Damage Crash,2025-10-18 20:50:00,County_Route,SPENCERVILLE RD (WB/L),NADINE DR,Sideswipe (Same Direction),Passing / Turning,Clear,Dry,Dark - Lighted,Traffic Signal,None Detected,82B45131-B532-43A4-8F29-27F8734129AD,MD,8AEDE64A-B2C6-41E3-9269-C9724D4F3D78,Eight O Clock,TransitBus,MakingLeftTurn,Eastbound,25.0,No,No,2016,INFINITI,38.98351641,-77.09613933,Q50_Infiniti,20,2025,10,18,20,Saturday,2025-10-18,42
2925,MCP26030070,250045201,Montgomery_County_Police,Property Damage Crash,2025-10-08 10:00:00,County_Route,LOST KNIFE RD (NB/L),CONTOUR RD,Angle Collision,Traffic Control Violation,Cloudy,Dry,Daylight,Traffic Signal,None Detected,DC5275FB-038D-404A-9254-6A4F47BAEEDD,MD,8DE19AB5-70AA-4C9E-869D-B2A2465DFE12,Nine O Clock,TransitBus,MovingConstantSpeed,Northbound,35.0,No,No,2019,BUICK,39.15508933,-77.20111983,Encore_Buick,10,2025,10,8,10,Wednesday,2025-10-08,41
2926,MCP272600F1,250045822,Montgomery_County_Police,Property Damage Crash,2025-10-12 07:26:00,County_Route,SOUTHLAWN LA,BELLINGHAM DR,Single Vehicle,Speed Related,Rain,Wet,Dawn,No Control,None Detected,A6D37658-20D1-4E79-A3F1-7EEA56F95616,DC,61DC8A3F-9A84-4230-8873-7A8DBAF6386C,Twelve O Clock,PassengerCar,MovingConstantSpeed,Eastbound,30.0,No,No,2025,TOYOTA,39.10688994,-77.12805482,Prius_Toyota,7,2025,10,12,7,Sunday,2025-10-12,41
2927,MCP2732001J,250044306,Montgomery_County_Police,Injury Crash,2025-10-02 12:35:00,County_Route,WINTERGATE DR,NO NAME NORBECK RD,Rear-End (Same Direction),Tailgating,Clear,Dry,Daylight,Traffic Signal,None Detected,E3241C8C-96B4-4D9A-BEB7-3F6434A23845,MD,6AAA976F-8205-4286-B576-8A93A2276390,Twelve O Clock,PassengerCar,MovingConstantSpeed,Westbound,35.0,No,No,2022,KIA,39.11246417,-77.05904479,Forte_Kia,12,2025,10,2,12,Thursday,2025-10-02,40
2928,MCP3423002M,250046293,Montgomery_County_Police,Injury Crash,2025-10-15 08:15:00,Maryland_State_Route,NEW HAMPSHIRE AVE (SB/L),INTERNATIONAL DR,Angle Collision,Right-of-Way Violation,Clear,Dry,Daylight,No Control,None Detected,D10264EA-A414-4AB1-A974-E7FD293D1726,MD,F9340AFB-9700-4AD2-8B75-D6FAE22A53F1,Eleven O Clock,PassengerCar,EnteringTrafficLane,Southbound,30.0,No,No,2008,HONDA,39.03861454,-76.99020824,Civic_Honda,8,2025,10,15,8,Wednesday,2025-10-15,42
2929,MCP3387003B,250044499,Montgomery_County_Police,Property Damage Crash,2025-10-03 14:43:00,County_Route,GREENWOOD CIR,CAVANAUGH DR,Rear vs Side,Backing Error,Clear,Dry,Daylight,No Control,None Detected,EA104ECF-FE1A-47B2-AFCD-8DF41664EDCD,MD,BD86A2AB-3000-4131-BD0A-9DB4DCD9D181,Five O Clock,PassengerCar,Backing,Not On Roadway,25.0,No,No,2015,NISSAN,38.99199524,-77.00123769,Versa Note_Nissan,14,2025,10,3,14,Friday,2025-10-03,40
2930,MCP2974005Y,250048072,Montgomery_County_Police,Property Damage Crash,2025-10-26 12:09:00,County_Route,PRELUDE DR,COLUMBIA PIKE (SB/L),Rear-End (Same Direction),Road Obstruction,Clear,Dry,Daylight,Traffic Signal,None Detected,77320282-8EC5-4F3A-91C8-8F0411419707,VA,A7D07F5E-8F17-47AA-A495-EDE20CA0BF90,Seven O Clock,PassengerCar,StoppedInTrafficLane,Southbound,45.0,No,No,1997,TOYOTA,39.03950364,-76.99781399,Camry_Toyota,12,2025,10,26,12,Sunday,2025-10-26,43
2931,MCP284500B1,250045026,Montgomery_County_Police,Injury Crash,2025-10-07 09:17:00,US_State_Route,COLUMBIA PIKE (SB/L),BLACKBURN RD,Angle Collision,Traffic Control Violation,Clear,Dry,Daylight,Traffic Signal,None Detected,0879F118-783A-4FCA-A00F-8D075AE09346,MD,E89264FF-736B-446C-A08E-629E79C37408,Twelve O Clock,SportUtilityVehicle,Accelerating,Eastbound,55.0,No,No,2018,TOYOTA,39.10430511,-76.93331833,Camry_Toyota,9,2025,10,7,9,Tuesday,2025-10-07,41
2932,DD56050084,250048348,Rockville_Police_Department,Property Damage Crash,2025-10-28 08:00:00,Municipality_Route,REDLAND BLVD,RAMP 9 FR RAMP 1 TO REDLAND BLVD,Sideswipe (Opposite Direction),Right-of-Way Violation,Clear,Dry,Dawn,Traffic Signal,None Detected,46E021D7-DCF1-49EE-8450-45721D1D505A,MD,B9CA0427-765C-4049-BB08-FEF803830565,Eleven O Clock,SportUtilityVehicle,MakingUTurn,Northbound,40.0,No,No,2023,HONDA,39.11558696,-77.16622014,Civic_Honda,8,2025,10,28,8,Tuesday,2025-10-28,44
2933,MCP34080026,250045359,Montgomery_County_Police,Property Damage Crash,2025-10-09 09:00:00,Maryland_State_Route,GEORGIA AVE,WHITTIER BLVD,Angle Collision,Right-of-Way Violation,Clear,Dry,Daylight,No Control,None Detected,C164A338-AA2E-4A32-950E-843C0A0883EF,MD,6632763E-B597-43D2-85E2-4D868EED66D7,Two O Clock,PassengerCar,MakingUTurn,Southbound,30.0,No,No,2016,FORD,39.01194445,-77.04145279,Fusion_Ford,9,2025,10,9,9,Thursday,2025-10-09,41
2934,MCP289100FM,250044903,Montgomery_County_Police,Injury Crash,2025-10-06 12:42:00,Maryland_State_Route,HUNGERFORD DR,FLEET ST,Sideswipe (Same Direction),Lane Violation,Clear,Dry,Daylight,Traffic Signal,Alcohol Present,7305A1AF-E962-4DB9-AB3D-C25F849CAFAC,MD,CBB57778-579C-4A78-BF86-A6C5366B2441,VehicleNotAtScene,OtherTruck,Passing,Northbound,25.0,No,No,2004,CHEVROLET,38.99933123,-77.01807323,Express_Chevrolet,12,2025,10,6,12,Monday,2025-10-06,41
2935,MCP34140027,250044624,Montgomery_County_Police,Property Damage Crash,2025-10-04 12:30:00,US_State_Route,COLESVILLE RD,OAKVIEW DR,Angle Collision,Lane Violation,Clear,Dry,Daylight,No Control,None Detected,EF4601E1-4D3E-4C6E-94DC-ECD4A2312D2C,MD,937D2F8B-6363-4AF7-BA43-487358E26747,Eleven O Clock,TransitBus,MovingConstantSpeed,Southbound,35.0,No,No,2024,LEXUS,38.99935529,-77.02602304,RX 350_Lexus,12,2025,10,4,12,Saturday,2025-10-04,40
2936,MCP3407001S,250048257,Montgomery_County_Police,Property Damage Crash,2025-10-27 15:27:00,Other_Public_Roadway,HENDERSON CORNER RD (NB/L),SENECA CROSSING DR,Angle Collision,Right-of-Way Violation,Clear,Dry,Daylight,Stop Sign,None Detected,5866372B-DC5B-4301-8491-8B4656961F44,MD,93B675CB-D0AB-4F1D-ADE8-9875ABFFDD49,Ten O Clock,PassengerCar,MakingLeftTurn,Westbound,15.0,No,No,2018,TESLA,39.20349352,-77.24417306,Model S_Tesla,15,2025,10,27,15,Monday,2025-10-27,44
2937,MCP284500B0,250044863,Montgomery_County_Police,Property Damage Crash,2025-10-06 08:24:00,US_State_Route,COLESVILLE RD (SB/L),RANDOLPH RD,Sideswipe (Same Direction),Right-of-Way Violation,Clear,Dry,Daylight,Traffic Signal,None Detected,EDF3305F-2B53-4CB8-9F55-F29883D1DABD,MD,1196E61F-C93F-4F56-AC80-2E794CB680CC,VehicleNotAtScene,PassengerCar,EnteringTrafficLane,Southbound,40.0,No,No,2001,TOYOTA,39.02160181,-77.0120743,Camry_Toyota,8,2025,10,6,8,Monday,2025-10-06,41
2938,MCP3423002Q,250048152,Montgomery_County_Police,Injury Crash,2025-10-27 07:20:00,County_Route,COLEFAIR DR,FAIRLAND RD,Rear-End (Same Direction),Right-of-Way Violation,Clear,Dry,Daylight,No Control,None Detected,3C1EAD68-DEF2-4B9C-8590-E63A6F590371,MD,69DA755F-7E77-4320-8541-E0D8F9A313FF,Six O Clock,PassengerCar,MakingLeftTurn,Eastbound,30.0,No,No,2015,TOYOTA,39.07710976,-76.96793758,Camry_Toyota,7,2025,10,27,7,Monday,2025-10-27,44
2939,MCP3192006M,250047843,Montgomery_County_Police,Injury Crash,2025-10-24 15:47:00,County_Route,BUSHEY DR,DEMOCRACY BLVD,Rear vs Side,Tailgating,Clear,Dry,Daylight,No Control,None Detected,D1EF3762-302A-4933-83E1-5F52115E61C4,MD,80BDB483-7A22-4A0A-9C31-C0CE470B9055,Twelve O Clock,PassengerCar,MovingConstantSpeed,Northbound,20.0,No,No,2006,NISSAN,39.063607,-77.07943283,Altima_Nissan,15,2025,10,24,15,Friday,2025-10-24,43
2940,MCP28000074,250044990,Montgomery_County_Police,Property Damage Crash,2025-10-06 21:14:00,Maryland_State_Route,RIVER RD,BETHESDA CHURCH RD,Single Vehicle,Driver Inattention,Clear,Dry,Dark - Lighted,No Control,None Detected,F9C087C1-61AA-4C4D-B668-FDAA8948D82F,VA,5E99B1B3-B2BC-4EBC-98AE-DA796FF52A0E,One O Clock,PassengerCar,MovingConstantSpeed,Eastbound,40.0,No,No,2010,LEXUS,38.99456327,-77.16506878,RX_Lexus,21,2025,10,6,21,Monday,2025-10-06,41
2941,DD56810012,250048471,Rockville_Police_Department,Injury Crash,2025-10-28 19:15:00,Maryland_State_Route,VEIRS MILL RD,OBSERVATION DR,Rear-End (Same Direction),Tailgating,Cloudy,Wet,Dark - Lighted,Traffic Signal,None Detected,94C66F05-B755-46BD-9C73-CE6F65F6319F,MD,E7F7908C-A41A-4E51-AE5D-BEB941E96DC1,Twelve O Clock,PassengerCar,MovingConstantSpeed,Eastbound,35.0,No,No,2016,TOYOTA,39.07466248,-77.11491171,Camry_Toyota,19,2025,10,28,19,Tuesday,2025-10-28,44
2942,MCP3014004R,250045810,Montgomery_County_Police,Property Damage Crash,2025-10-12 02:58:00,Maryland_State_Route,WAKEFIELD RD,ENNALLS AVE,Sideswipe (Same Direction),Driver Inattention,Clear,Dry,Dark - Lighted,Traffic Signal,None Detected,9570B58E-14D8-43B1-8F63-FF2F4FEB4D37,MD,2C59A006-CF30-40B8-8C99-134AE2EA8B6D,VehicleNotAtScene,PassengerCar,MakingLeftTurn,Northbound,2.5,No,No,2012,TOYOTA,39.16282924,-77.22467096,Corolla_Toyota,2,2025,10,12,2,Sunday,2025-10-12,41
2943,MCP2298018R,250044857,Montgomery_County_Police,Property Damage Crash,2025-10-06 07:43:00,County_Route,RANDOLPH RD,HEURICH RD,Rear-End (Same Direction),Tailgating,Clear,Dry,Daylight,Traffic Signal,None Detected,ACA8CA8B-66C3-42A4-88B8-F536EB20B18D,MD,B90724F9-C082-4AB6-85AF-768CF8C0BF81,Twelve O Clock,PassengerCar,StoppedInTrafficLane,Northbound,40.0,No,No,2022,FORD,39.06231721,-77.04195293,Mustang_Ford,7,2025,10,6,7,Monday,2025-10-06,41
2944,MCP3362006H,250045020,Montgomery_County_Police,Injury Crash,2025-10-07 08:29:00,County_Route,FAIRLAND RD,CROSSOVER,Head-On,Lane Violation,Clear,Dry,Daylight,No Control,None Detected,2C6DC93C-737B-4BBC-AD2A-4A39207031ED,MD,4D03875D-1E0B-42D9-8CC0-9CEAC4498389,Eleven O Clock,PassengerCar,MovingConstantSpeed,Eastbound,35.0,No,No,2019,NISSAN,39.076765,-76.96922967,Rogue_Nissan,8,2025,10,7,8,Tuesday,2025-10-07,41
2945,EJ7894006B,250047828,Gaithersburg_Police_Department,Property Damage Crash,2025-10-24 13:58:00,County_Route,ODENDHAL AVE (EB/L),GOSHEN RD ODENDHAL AVE,Single Vehicle,Lane Violation,Cloudy,Dry,Daylight,Traffic Signal,None Detected,3684592E-E701-4F58-B8C6-2469AE29B5F1,MD,B34FDEC1-F0E3-4B49-AB3D-585D960AEFD3,Twelve O Clock,PassengerCar,MovingConstantSpeed,East,25.0,No,No,2022,HONDA,39.15245065,-77.19243319,Odyssey_Honda,13,2025,10,24,13,Friday,2025-10-24,43
2946,MCP289200J9,250046873,Montgomery_County_Police,Property Damage Crash,2025-10-15 09:00:00,US_State_Route,HAVERFORD DR,ROSS RD,Single Vehicle,Driver Inattention,Clear,Dry,Daylight,Traffic Signal,None Detected,DE794D01-11A4-46D2-8EEE-1760B755F79D,MD,64FEC3D1-E1D0-4921-AE54-4647AD97FA81,Two O Clock,PassengerCar,EnteringTrafficLane,Not On Roadway,2.5,No,No,2017,HONDA,39.00070111,-77.01943201,Accord_Honda,9,2025,10,15,9,Wednesday,2025-10-15,42
2947,MCP3220005K,250047326,Montgomery_County_Police,Injury Crash,2025-10-21 15:10:00,Municipality_Route,CHOKE CHERRY RD (WB/L),SHADY GROVE RD,Angle Collision,Right-of-Way Violation,Clear,Dry,Daylight,Traffic Signal,None Detected,70EFD9CD-7E0A-4C95-BCAD-C9F7B166370E,MD,FEB7D668-C066-48F2-94F4-10571D66B859,Twelve O Clock,Van - Passenger (&lt;9 Seats),SlowingOrStopping,Northbound,40.0,No,No,2020,HONDA,39.11468367,-77.18552533,Odyssey_Honda,15,2025,10,21,15,Tuesday,2025-10-21,43
2948,MCP233900BZ,250045731,Montgomery_County_Police,Injury Crash,2025-10-11 14:21:00,County_Route,PALATINE DR,VEIRS MILL RD (WB/L),Angle Collision,Traffic Control Violation,Clear,Dry,Daylight,Traffic Signal,None Detected,0C58686D-7D69-49B6-97D4-FCA62BB7AF2B,MD,1104E493-6897-4B02-B869-677E1F81C518,Twelve O Clock,PassengerCar,MovingConstantSpeed,Westbound,35.0,No,No,2015,HONDA,39.07343614,-77.11188643,Civic_Honda,14,2025,10,11,14,Saturday,2025-10-11,41
2949,MCP1233006S,250046985,Montgomery_County_Police,Property Damage Crash,2025-10-19 14:53:00,Maryland_State_Route,CONNECTICUT AVE (SB/L),WELLS AVE,Sideswipe (Same Direction),Right-of-Way Violation,Clear,Dry,Daylight,Other Pavement Marking,None Detected,3B18DF97-3F7D-403B-BD7B-36C9E5F7B41A,MD,865489EB-B0F8-4ADC-A76C-632F0B22F5F4,Five O Clock,PassengerCar,ChangingLanes,Southbound,35.0,No,No,2010,NISSAN,39.03075967,-77.07557833,Sentra_Nissan,14,2025,10,19,14,Sunday,2025-10-19,42
2951,MCP2450005Z,250045125,Montgomery_County_Police,Property Damage Crash,2025-10-07 17:30:00,Maryland_State_Route,FREDERICK RD,LOYOLA ST,Sideswipe (Same Direction),Lane Violation,Clear,Dry,Daylight,Traffic Signal,None Detected,72E93FC1-21F1-4BC4-A2B0-311056585368,MD,E1AB0FAC-04AB-437E-B22B-799DD99246BD,Three O Clock,SportUtilityVehicle,MovingConstantSpeed,Northbound,40.0,No,No,2008,MERCEDES-BENZ,39.12428866,-77.18005836,G_Mercedes-Benz,17,2025,10,7,17,Tuesday,2025-10-07,41
2952,MCP3228006T,250045436,Montgomery_County_Police,Injury Crash,2025-10-09 16:06:00,County_Route,FENTON ST,BEL PRE RD,Single Vehicle,Right-of-Way Violation,Clear,Dry,Daylight,Stop Sign,None Detected,79B96F16-B703-467B-AD57-BDA1C644369F,MD,66B4D573-035B-4C96-815B-A6C0454762EE,Twelve O Clock,PassengerCar,MovingConstantSpeed,Southbound,30.0,No,No,2015,TOYOTA,38.98566543,-77.02291417,Camry_Toyota,16,2025,10,9,16,Thursday,2025-10-09,41
2953,MCP3450001H,250046062,Montgomery_County_Police,Property Damage Crash,2025-10-13 19:50:00,County_Route,HAWKESBURY LA,RANDOLPH RD (WB/L),Rear-End (Same Direction),Tailgating,Rain,Wet,Dark - Not Lighted,Traffic Signal,None Detected,78DC3BAD-57AC-4C0C-B70D-530A292A88EA,MD,BBB9F76D-E7AB-44A9-8391-09773C5E25C8,Six O Clock,SportUtilityVehicle,StoppedInTrafficLane,Westbound,40.0,No,No,2019,HYUNDAI,39.06613111,-77.02243454,Santa Fe_Hyundai,19,2025,10,13,19,Monday,2025-10-13,42
2954,MCP3080005V,250045303,Montgomery_County_Police,Property Damage Crash,2025-10-08 19:15:00,County_Route,MIDDLEBROOK RD (WB/L),CENTURY BLVD,Rear-End (Same Direction),Tailgating,Clear,Dry,Daylight,Traffic Signal,None Detected,E3572DE7-F750-46CA-A71B-114AD6DD7749,MD,DC0C7D27-CBB2-44FD-AA23-C4F9445CF267,Two O Clock,PassengerCar,MovingConstantSpeed,Southbound,35.0,No,No,2003,FORD,39.18027435,-77.26844565,Mustang_Ford,19,2025,10,8,19,Wednesday,2025-10-08,41
2955,MCP3253002R,250045495,Montgomery_County_Police,Property Damage Crash,2025-10-09 20:30:00,County_Route,W GUDE DR,MIDDLEBROOK RD,Angle Collision,Right-of-Way Violation,Clear,Dry,Dark - Not Lighted,No Control,None Detected,AAADD946-0E6E-4820-B246-70D002A21164,MD,B720DF24-2B73-427D-A9E7-9FDAADD25B81,Twelve O Clock,PassengerCar,MovingConstantSpeed,Northbound,35.0,No,No,2022,HONDA,39.13814373,-77.14425745,CR-V_Honda,20,2025,10,9,20,Thursday,2025-10-09,41
2956,MCP913000LJ,250048569,Montgomery_County_Police,Injury Crash,2025-10-29 13:46:00,County_Route,MERRIMAC DR,MEADOW HALL DR,Angle Collision,Speed Related,Cloudy,Dry,Daylight,No Control,None Detected,CFF7E09E-BCD4-48C1-B759-B2F5EFA8E72F,MD,98C54B53-CB75-4C26-90DC-3CFFE6C1FBBF,Twelve O Clock,PassengerCar,MovingConstantSpeed,Southbound,25.0,No,No,2008,HONDA,38.99296114,-76.99091678,Civic_Honda,13,2025,10,29,13,Wednesday,2025-10-29,44
2957,MCP3254004P,250048404,Montgomery_County_Police,Property Damage Crash,2025-10-28 13:46:00,Maryland_State_Route,UNIVERSITY BLVD E,RAMP 7 FR MD 117 WB TO RAMP 6 (TO IS270),Rear-End (Same Direction),Congestion / Backup,Clear,Dry,Daylight,No Control,None Detected,878641B9-62F7-46EB-AE22-A706DFFEF267,MD,2FF214C4-AAAB-4CE3-A7BE-F08811AE1C82,Six O Clock,PassengerCar,StoppedInTrafficLane,Northbound,40.0,No,No,2020,HYUNDAI,39.27171303,-77.30792334,Elantra_Hyundai,13,2025,10,28,13,Tuesday,2025-10-28,44
2958,MCP3053009D,250044985,Montgomery_County_Police,Property Damage Crash,2025-10-06 19:49:00,Maryland_State_Route,FREDERICK RD,COLESVILLE MANOR DR,Rear-End (Same Direction),Weather Related,Clear,Dry,Dark - Lighted,No Control,None Detected,2F88D3FD-7ACB-4987-AECE-9D75029605C3,MD,CF553155-3DD4-4B92-84EF-433C3A6D4B7C,Five O Clock,PassengerCar,Parked,North,2.5,No,Yes,2018,KIA,39.06078717,-77.05139594,Forte_Kia,19,2025,10,6,19,Monday,2025-10-06,41
2959,MCP33910025,250044689,Montgomery_County_Police,Property Damage Crash,2025-10-04 19:30:00,Maryland_State_Route,OLNEY SANDY SPRING RD,VEIRS MILL RD (WB/L),Angle Collision,Passing / Turning,Clear,Dry,Dark - Lighted,No Control,None Detected,BEB7E428-2347-4764-90DE-C2AE9B0A87D0,MD,AFDD72A6-F6AC-48C3-88EC-7A06125D1CC4,Three O Clock,PassengerCar,Passing,Southbound,30.0,No,No,2020,PORSCHE,39.14946292,-77.02576608,Macan_Porsche,19,2025,10,4,19,Saturday,2025-10-04,40
2960,MCP3339005K,250044535,Montgomery_County_Police,Property Damage Crash,2025-10-03 18:40:00,Bicycle_Route,LOST KNIFE RD,PINETREE RD,Rear-End (Same Direction),Driver Inattention,Clear,Dry,Daylight,No Control,None Detected,D29D5421-D846-4B64-934B-9F0232DB35ED,MD,FEF904B4-D2F2-4D4A-8926-3F25645CDAD9,Twelve O Clock,SportUtilityVehicle,MovingConstantSpeed,Westbound,35.0,No,No,2019,FORD,39.122607,-77.09284683,Escape_Ford,18,2025,10,3,18,Friday,2025-10-03,40
2962,MCP34450014,250045092,Montgomery_County_Police,Property Damage Crash,2025-10-07 15:00:00,County_Route,MILLWOOD RD,TANGLEWOOD DR,Angle Collision,Right-of-Way Violation,Clear,Dry,Daylight,No Control,None Detected,6B0C8CD4-DA5C-4902-B11D-D58BDFE128E7,MD,271C5508-625C-40D9-B875-B96D1A873721,VehicleNotAtScene,PickupTruck,MakingLeftTurn,Northbound,25.0,No,No,2008,HONDA,38.97670867,-77.1200855,Civic_Honda,15,2025,10,7,15,Tuesday,2025-10-07,41
2963,DD57040005,250046069,Rockville_Police_Department,Property Damage Crash,2025-10-13 20:22:00,Maryland_State_Route,ROCKVILLE PIKE (SB/L),FAIRLAND RD,Other,Right-of-Way Violation,Rain,Wet,Dark - Unknown Lighting,Traffic Signal,None Detected,ADBD22C4-8F68-4CB8-B721-7310D4F24492,MD,9A5808C2-B5FF-4EB6-8DF4-03FB39A66A96,One O Clock,ATV,MakingLeftTurn,Northbound,35.0,No,No,2008,TOYOTA,39.06444539,-77.12632308,Corolla_Toyota,20,2025,10,13,20,Monday,2025-10-13,42
2964,EJ79080034,250044767,Gaithersburg_Police_Department,Injury Crash,2025-10-05 13:30:00,Municipality_Route,WEST SIDE DR,SHAWNEE LA,Single Vehicle,Driver Inattention,Clear,Dry,Daylight,No Control,None Detected,1C025E18-4A9E-485E-B1B8-A9A877EAD1D7,MD,B349C331-8971-44E9-88D5-A5F8568858C8,One O Clock,PassengerCar,MovingConstantSpeed,Northbound,25.0,No,No,2013,FORD,39.126516,-77.20512567,Escape_Ford,13,2025,10,5,13,Sunday,2025-10-05,40
2966,EJ7904003C,250045018,Gaithersburg_Police_Department,Property Damage Crash,2025-10-07 07:54:00,Maryland_State_Route,GREAT SENECA HWY,BRACKLEY RD,Single Vehicle,Speed Related,Clear,Dry,Daylight,No Control,None Detected,3D6FCAFA-3B2A-4A06-AF76-C0C6BC885D3B,MD,8D5836A7-4FE3-40F7-B0F9-1101AF3C4B14,Twelve O Clock,PassengerCar,MovingConstantSpeed,Southbound,50.0,No,No,2017,ACURA,39.11660117,-77.22335317,RDX_Acura,7,2025,10,7,7,Tuesday,2025-10-07,41
2967,MCP3230007M,250045657,Montgomery_County_Police,Property Damage Crash,2025-10-10 20:10:00,Maryland_State_Route,GEORGIA AVE,PRINCE PHILIP DR (SB/L),Angle Collision,Right-of-Way Violation,Clear,Dry,Dark - Lighted,Traffic Signal,None Detected,1544D6C9-8178-469A-8A90-1FC417587DB3,MD,1706E769-D9E6-47C2-B4FC-85F273051A02,One O Clock,SportUtilityVehicle,MakingLeftTurn,West,25.0,No,No,2012,HONDA,39.1426775,-77.06756283,Pilot_Honda,20,2025,10,10,20,Friday,2025-10-10,41
2968,MCP2298018R,250044857,Montgomery_County_Police,Property Damage Crash,2025-10-06 07:43:00,County_Route,RANDOLPH RD,HEURICH RD,Rear-End (Same Direction),Right-of-Way Violation,Clear,Dry,Daylight,Traffic Signal,None Detected,038871E6-AE3B-43BC-A5D4-8ED3BA8E3144,MD,2528BD65-6583-4003-ADF0-57651246376D,Six O Clock,SchoolBus,MakingLeftTurn,Northbound,40.0,No,No,2014,TOYOTA,39.06231721,-77.04195293,Corolla_Toyota,7,2025,10,6,7,Monday,2025-10-06,41
2969,MCP2723009Z,250044574,Montgomery_County_Police,Property Damage Crash,2025-10-03 22:55:00,County_Route,BRIGGS CHANEY RD,WARFIELD RD,Angle Collision,Right-of-Way Violation,Clear,Dry,Dark - Not Lighted,No Control,None Detected,4876CEBB-A266-4A1B-B2C8-311EE6EA3790,MD,936BF679-88E7-4DC0-884F-C3BD9F2E8973,Seven O Clock,PassengerCar,SlowingOrStopping,Westbound,40.0,No,No,2004,LINCOLN,39.1005743,-76.97763856,Town Car_Lincoln,22,2025,10,3,22,Friday,2025-10-03,40
2970,MCP3254004P,250048404,Montgomery_County_Police,Property Damage Crash,2025-10-28 13:46:00,Maryland_State_Route,HATHAWAY DR,CONNECTICUT AVE PERRY AVE,Rear-End (Same Direction),Driver Inattention,Clear,Dry,Daylight,No Control,None Detected,3621683C-6059-4918-ACA7-5080F375C6B9,MD,AC72143F-9D24-4D27-A99E-42BE116E740D,Six O Clock,PassengerCar,StoppedInTrafficLane,Northbound,40.0,No,No,2025,HONDA,39.27171303,-77.30792334,Pilot_Honda,13,2025,10,28,13,Tuesday,2025-10-28,44
2971,MCP1568002C,250047368,Montgomery_County_Police,Injury Crash,2025-10-21 18:25:00,Maryland_State_Route,BEALLSVILLE RD,ARCTIC AVE,Single Vehicle,Speed Related,Clear,Dry,Dark - Not Lighted,No Control,None Detected,6AF3D5FD-B5C7-4AB6-B536-65580B51B52F,MD,FC4E5ECF-9A71-4E1E-B323-D19E1CCFD8CA,Twelve O Clock,PassengerCar,MovingConstantSpeed,Southbound,40.0,No,No,2016,NISSAN,39.19328508,-77.39877811,Maxima_Nissan,18,2025,10,21,18,Tuesday,2025-10-21,43
2972,MCP3401002B,250044631,Montgomery_County_Police,Property Damage Crash,2025-10-04 13:10:00,County_Route,GRACE CHURCH RD,SECOND AVE,Angle Collision,Right-of-Way Violation,Clear,Dry,Daylight,No Control,None Detected,BF21FBBA-B10B-4F5B-8E06-78C55C9C63DB,DC,A8426D5D-0BD4-4321-BDD7-6A45F801572D,Ten O Clock,PassengerCar,MovingConstantSpeed,Southbound,20.0,No,No,2010,LEXUS,39.0041265,-77.04104617,RX_Lexus,13,2025,10,4,13,Saturday,2025-10-04,40
2973,MCP34310014,250048417,Montgomery_County_Police,Injury Crash,2025-10-28 14:43:00,Maryland_State_Route,FOREST GLEN RD,WATKINS MILL RD,Rear-End (Same Direction),Tailgating,Clear,Dry,Daylight,No Control,None Detected,899E1763-AE6D-4FCF-A251-4BEF6EFBFB8E,MD,CA21936D-409E-4015-B3D2-55E5C0C002BD,Twelve O Clock,PassengerCar,MovingConstantSpeed,Westbound,45.0,No,No,2013,FORD,39.15490953,-77.25841199,Focus_Ford,14,2025,10,28,14,Tuesday,2025-10-28,44