Unnamed: 0,Report Number,Local Case Number,Agency Name,ACRS Report Type,Crash Date/Time,Route Type,Road Name,Cross-Street Name,Collision Type,Circumstance_Category,Weather,Surface Condition,Light,Traffic Control,Driver Substance Abuse,Person ID,Drivers License State,Vehicle ID,Vehicle First Impact Location,Vehicle Body Type,Vehicle Movement,Vehicle Going Dir,Speed Limit,Driverless Vehicle,Parked Vehicle,Vehicle Year,Vehicle Make,Latitude,Longitude,Vehicle Model,hour,Crash_year,Crash_month,Crash_day,Crash_hour,Crash_day_name,Crash_date,Crash_week
2974,MCP9429001Q,250046910,Montgomery_County_Police,Injury Crash,2025-10-18 20:11:00,US_State_Route,COLESVILLE RD,FENTON ST,Rear-End (Same Direction),Congestion / Backup,Clear,Dry,Dark - Lighted,Other Pavement Marking,None Detected,E6EC4126-6BD2-43C4-99BF-5854E4CAEC90,DC,81A42BD9-4009-4B05-A07A-127C53EB2BFB,Seven O Clock,PassengerCar,SlowingOrStopping,North,35.0,No,No,2024,TOYOTA,38.99770804,-77.02703955,RAV4_Toyota,20,2025,10,18,20,Saturday,2025-10-18,42
2975,MCP3208007C,250044840,Montgomery_County_Police,Property Damage Crash,2025-10-05 22:06:00,Maryland_State_Route,GEORGIA AVE (SB/L),RUNNING BROOK DR,Single Vehicle,Driver Inattention,Clear,Dry,Dark - Lighted,No Control,None Detected,3D6B6DB8-1307-4F64-B7A1-8B3EDB128F06,MD,DE6220BA-CD36-40E3-99E8-338C20BCCF1B,Twelve O Clock,SportUtilityVehicle,MovingConstantSpeed,Northbound,30.0,No,No,2020,MERCEDES-BENZ,39.00770867,-77.03980267,GLC_Mercedes-Benz,22,2025,10,5,22,Sunday,2025-10-05,40
2976,MCP3325004K,250047723,Montgomery_County_Police,Injury Crash,2025-10-23 21:10:00,US_State_Route,COLUMBIA PIKE (SB/L),OAKLYN DR,Head-On,Lane Violation,Clear,Dry,Dark - Lighted,Traffic Signal,None Detected,8148C19F-0998-433D-A60E-EB35AACA768D,MD,A4761D71-EDB6-4D88-89A8-C0A967FC725C,Twelve O Clock,PassengerCar,MovingConstantSpeed,Southbound,30.0,No,No,2013,TOYOTA,39.09568526,-76.93811165,Camry_Toyota,21,2025,10,23,21,Thursday,2025-10-23,43
2977,MCP3274002P,250047757,Montgomery_County_Police,Property Damage Crash,2025-10-24 05:01:00,County_Route,WISCONSIN CIR,DR BIRD RD,Sideswipe (Same Direction),Backing Error,Clear,Dry,Dark - Lighted,No Control,None Detected,F556EFAE-9C23-4330-9E77-A90BF610A05D,MD,65831321-8C3F-456B-B6BB-1FA598F66297,One O Clock,TransitBus,Backing,Westbound,25.0,No,No,2022,INFINITI,38.96198703,-77.08510444,Q50_Infiniti,5,2025,10,24,5,Friday,2025-10-24,43
2978,MCP3429001D,250047228,Montgomery_County_Police,Injury Crash,2025-10-21 07:45:00,Maryland_State_Route,LAYHILL RD,SHEPHERD ST,Rear-End (Same Direction),Speed Related,Clear,Dry,Daylight,No Control,None Detected,F11F25A8-A877-40A3-9A55-D21D9F2DA591,MD,7D02DC12-2AE4-4BF4-8FB5-507E9DEA8704,Twelve O Clock,PassengerCar,SlowingOrStopping,Northbound,40.0,No,No,2018,CHEVROLET,39.0964355,-77.04385983,Silverado_Chevrolet,7,2025,10,21,7,Tuesday,2025-10-21,43
2979,EJ7886004Q,250047758,Gaithersburg_Police_Department,Injury Crash,2025-10-24 05:46:00,Maryland_State_Route,GEORGIA AVE,RAMP 7 FR MD 117 WB TO RAMP 6 (TO IS270),Rear vs Side,Right-of-Way Violation,Clear,Dry,Dark - Lighted,No Control,None Detected,F63369AE-C485-4C07-82B5-5B2CFDE4899F,MD,2791D3EA-5514-43DB-B2C5-1F041982C742,Twelve O Clock,PickupTruck,MovingConstantSpeed,Eastbound,35.0,No,No,2019,CHEVROLET,39.14064419,-77.21425243,Silverado_Chevrolet,5,2025,10,24,5,Friday,2025-10-24,43
2980,MCP25920051,250045908,Montgomery_County_Police,Injury Crash,2025-10-12 23:50:00,County_Route,WIGHTMAN RD,MAHAN RD,Sideswipe (Opposite Direction),Speed Related,Clear,Wet,Dark - Not Lighted,No Control,None Detected,9BE58F8A-1957-4ACB-B9F5-86D4296E9B02,MD,A032DC84-0A5B-4D17-B1CC-130C2F12CFE1,Eight O Clock,PickupTruck,MovingConstantSpeed,Southbound,30.0,No,No,2013,HONDA,39.20031933,-77.2038345,Civic_Honda,23,2025,10,12,23,Sunday,2025-10-12,41
2981,MCP2159003P,250045966,Montgomery_County_Police,Property Damage Crash,2025-10-13 11:00:00,Maryland_State_Route,RIDGE RD (SB/L),STEWART LA,Angle Collision,Road Obstruction,Cloudy,Dry,Daylight,No Control,None Detected,7F785984-B577-4C08-AF31-7B12B3D9A528,MD,28F307F6-5192-4929-B85A-22F63E5A7BC5,One O Clock,PickupTruck,StoppedInTrafficLane,Southbound,40.0,No,No,2015,GMC,39.23461289,-77.23752408,Sierra_GMC,11,2025,10,13,11,Monday,2025-10-13,42
2982,MCP26780062,250045529,Montgomery_County_Police,Property Damage Crash,2025-10-10 07:22:00,County_Route,16TH ST,KINGSBURY RD,Angle Collision,Road Obstruction,Clear,Dry,Daylight,Stop Sign,None Detected,9B423EB8-6C95-4AB3-BD49-5A8938073EA4,MD,4E1FF47F-693A-487C-9E01-5743C36656BD,Seven O Clock,TransitBus,Parked,West,2.5,No,Yes,2025,TOYOTA,39.03762333,-77.05095841,Camry_Toyota,7,2025,10,10,7,Friday,2025-10-10,41
2983,EJ7916000W,250045123,Gaithersburg_Police_Department,Injury Crash,2025-10-07 17:40:00,Municipality_Route,LONGDRAFT RD (SB/L),CLOPPER RD LONGDRAFT RD,Rear-End (Same Direction),Traffic Control Violation,Cloudy,Dry,Daylight,Traffic Signal,None Detected,304C19CC-5759-4383-8DB6-74FBF2A4271B,MD,19E5AD85-2647-446F-9098-DB39D96F7F4D,Eleven O Clock,PassengerCar,MovingConstantSpeed,Eastbound,35.0,No,No,2019,TOYOTA,39.14831753,-77.23781669,RAV4_Toyota,17,2025,10,7,17,Tuesday,2025-10-07,41
2984,MCP320000GP,250045178,Montgomery_County_Police,Injury Crash,2025-10-08 07:20:00,Maryland_State_Route,RIVER RD,FAIRLAND RD (WB/L),Rear-End (Same Direction),Weather Related,Rain,Wet,Daylight,Traffic Signal,None Detected,E2602A4F-6F4A-4F3E-9E30-DFEBDF3FBC1A,MD,6E1DF332-C52E-40EA-AB29-B88194433718,Six O Clock,SportUtilityVehicle,StoppedInTrafficLane,Eastbound,35.0,No,No,2019,LAND ROVER,38.98397787,-77.13832733,Range Rover Velar_Land Rover,7,2025,10,8,7,Wednesday,2025-10-08,41
2985,MCP3109009D,250047018,Montgomery_County_Police,Injury Crash,2025-10-19 18:17:00,Maryland_State_Route,GEORGIA AVE (SB/L),EVANS DR,Single Vehicle,Driver Inattention,Clear,Dry,Daylight,Lane Use Control,None Detected,CFA3F126-A0A0-4889-B2BC-C39810524E24,MD,6D85BE1F-C8EE-4D0C-816D-3C5A6B91C954,Twelve O Clock,PassengerCar,ChangingLanes,Southbound,35.0,No,No,2004,ACURA,39.02675471,-77.04669538,TSX_Acura,18,2025,10,19,18,Sunday,2025-10-19,42
2986,MCP2445007J,250045404,Montgomery_County_Police,Property Damage Crash,2025-10-09 13:08:00,Maryland_State_Route,GERMANTOWN RD (SB/L),COPLEY LA,Rear-End (Same Direction),Congestion / Backup,Clear,Dry,Daylight,No Control,None Detected,26734324-04FD-442E-BCED-9173CD9B8F99,MD,21E950EC-DDCC-4529-92D3-91C09498854A,Six O Clock,PassengerCar,StoppedInTrafficLane,Southbound,45.0,No,No,2008,HONDA,39.19176667,-77.24466667,Accord_Honda,13,2025,10,9,13,Thursday,2025-10-09,41
2987,MCP3446000R,250045701,Montgomery_County_Police,Property Damage Crash,2025-10-13 09:50:00,Maryland_State_Route,UNIVERSITY BLVD W (WB/L),PERSIMMON TREE RD,Angle Collision,Right-of-Way Violation,Clear,Dry,Daylight,No Control,None Detected,9F02147E-C47C-4A9C-8BAF-DDB831D0B076,MD,192686DB-9638-44A7-8BAC-EFAE2A60D575,VehicleNotAtScene,SportUtilityVehicle,MovingConstantSpeed,Eastbound,30.0,No,No,2023,HONDA,39.04119379,-77.0529886,Pilot_Honda,9,2025,10,13,9,Monday,2025-10-13,42
2988,MCP289200JC,250048003,Montgomery_County_Police,Property Damage Crash,2025-10-25 19:00:00,Maryland_State_Route,GEORGIA AVE (SB/L),BRIGADOON DR SELKIRK DR,Angle Collision,Right-of-Way Violation,Clear,Dry,Dark - Lighted,No Control,None Detected,E877CBED-53BD-49FD-88CB-A3558A5CB89B,MD,58D8D24B-82FA-4E16-BF64-99B382769451,One O Clock,PassengerCar,MakingLeftTurn,Northbound,30.0,No,No,2025,TOYOTA,39.01148396,-77.04131942,Corolla Cross_Toyota,19,2025,10,25,19,Saturday,2025-10-25,43
2989,MCP289200JB,250046886,Montgomery_County_Police,Property Damage Crash,2025-10-18 17:18:00,US_State_Route,COLESVILLE RD (SB/L),FOREST GLEN RD,Sideswipe (Same Direction),Congestion / Backup,Clear,Dry,Daylight,Traffic Signal,None Detected,64DB1A01-3722-4099-9071-9426BDDF0438,MD,2C863AD3-08F7-4ED6-AB2F-1E715F79570C,Ten O Clock,TransitBus,StoppedInTrafficLane,Southbound,35.0,No,No,2013,MAZDA,39.00898838,-77.01825184,Mazda6_Mazda,17,2025,10,18,17,Saturday,2025-10-18,42
2990,MCP3379002F,250045262,Montgomery_County_Police,Property Damage Crash,2025-10-08 16:26:00,Maryland_State_Route,GERMANTOWN RD (SB/L),RAMP 5 FR RAMP 8 (FR IS270) TO MD 118 EB,Head-On,Right-of-Way Violation,Clear,Dry,Daylight,Traffic Signal,None Detected,FF09C702-EBAD-4BE4-B47B-7ECBD0E65ECB,MD,1CC01FA6-7527-4066-8679-436F6F23D80B,Twelve O Clock,PassengerCar,Accelerating,Southbound,40.0,No,No,2025,NISSAN,39.18329496,-77.25712733,Altima_Nissan,16,2025,10,8,16,Wednesday,2025-10-08,41
2991,MCP25520087,250045175,Montgomery_County_Police,Injury Crash,2025-10-08 07:05:00,County_Route,TRAVILAH RD,RIVER RD RIVERS EDGE DR,Angle Collision,Right-of-Way Violation,Cloudy,Wet,Daylight,Stop Sign,None Detected,EDCEA1B1-A4AA-458B-8BA0-851535599322,MD,E35DF7D7-CE72-411E-B2CB-C3FB83021CBF,Twelve O Clock,PassengerCar,StoppedInTrafficLane,Southbound,30.0,No,No,2024,LAND ROVER,39.06075994,-77.28218381,Defender_Land Rover,7,2025,10,8,7,Wednesday,2025-10-08,41
2992,MCP2298018V,250045033,Montgomery_County_Police,Property Damage Crash,2025-10-07 09:32:00,County_Route,AMHERST AVE,COLESVILLE RD,Single Vehicle,Right-of-Way Violation,Clear,Dry,Daylight,Stop Sign,None Detected,F76731E3-8779-4829-A72B-1C720E7ADA9F,MD,6B9E94F0-3B51-4ED6-B24D-23C85D710133,Twelve O Clock,PickupTruck,MakingLeftTurn,Westbound,30.0,No,No,2012,TOYOTA,39.0362992,-77.04832987,Tacoma_Toyota,9,2025,10,7,9,Tuesday,2025-10-07,41
2993,MCP3170004G,250048467,Montgomery_County_Police,Injury Crash,2025-10-28 18:54:00,County_Route,MT EPHRAIM RD,DICKERSON RD,Single Vehicle,Speed Related,Cloudy,Dry,Dark - Not Lighted,No Control,None Detected,9B5A7706-0EEF-4A99-9FBC-0D8E4A83C0D5,MD,6DA90978-49C8-4C44-AC5B-9C283E41BE09,Twelve O Clock,PassengerCar,NegotiatingCurve,Southbound,30.0,No,No,2017,FORD,39.22048239,-77.41438358,Escape_Ford,18,2025,10,28,18,Tuesday,2025-10-28,44
2994,MCP2760007H,250046244,Montgomery_County_Police,Injury Crash,2025-10-14 18:50:00,County_Route,GOSHEN RD,WHITE OAK DR,Rear-End (Same Direction),Tailgating,Clear,Dry,Dark - Lighted,No Control,None Detected,CE5C90E2-5777-45D1-89FC-50B9DD75048A,MD,F73F82AB-2ACA-4A38-9FCD-93D61A34A372,Twelve O Clock,SportUtilityVehicle,Accelerating,Northbound,35.0,No,No,2011,CHEVROLET,39.15854,-77.19209033,Suburban_Chevrolet,18,2025,10,14,18,Tuesday,2025-10-14,42
2995,EJ79030056,250046947,Gaithersburg_Police_Department,Property Damage Crash,2025-10-19 06:00:00,Ramp_Route,RAMP 4 FR IS 270 NB TO MD 124 EB,ARLINGTON RD,Rear-End (Same Direction),Tailgating,Clear,Dry,Dark - Lighted,Traffic Signal,None Detected,72FD4288-C872-44C4-A1DF-E6BD1C7E81D2,MD,4A0A53AF-9707-443E-8044-934D63DC1DA4,Six O Clock,PickupTruck,StoppedInTrafficLane,Northbound,20.0,No,No,2017,CHEVROLET,39.15004462,-77.21460005,Silverado_Chevrolet,6,2025,10,19,6,Sunday,2025-10-19,42
2996,MCP3407001R,250048241,Montgomery_County_Police,Injury Crash,2025-10-27 14:53:00,County_Route,MIDDLEBROOK RD (WB/L),CENTERWAY RD,Single Vehicle,Driver Inattention,Clear,Dry,Daylight,Stop Sign,None Detected,5DE8409B-85A1-4C49-A12A-B264BE2B0031,MD,AC3EF04A-2F1F-469D-A6D7-2F7E94EBF50B,VehicleNotAtScene,PassengerCar,MakingRightTurn,Southbound,15.0,No,No,2006,TOYOTA,39.1816672,-77.23425146,Camry_Toyota,14,2025,10,27,14,Monday,2025-10-27,44
2997,MCP34290015,250044465,Montgomery_County_Police,Property Damage Crash,2025-10-03 12:35:00,County_Route,PARKLAND DR,TRUCK ST,Sideswipe (Same Direction),Surface Condition,Clear,Dry,Daylight,No Control,None Detected,706CD21E-93DB-4BB0-A7C0-088BC84261D9,MD,4A3DAB67-B005-4312-BB76-5FA8D1862068,Nine O Clock,Other,Parked,South,25.0,No,Yes,2012,FORD,39.06379602,-77.09090097,F-350_Ford,12,2025,10,3,12,Friday,2025-10-03,40
2998,MCP2160003X,250048290,Montgomery_County_Police,Property Damage Crash,2025-10-27 16:19:00,County_Route,OTTER COVE CT,SEVEN LOCKS RD,Sideswipe (Opposite Direction),Passing / Turning,Clear,Dry,Daylight,No Control,None Detected,49859BAF-6200-4E3B-AB82-8C80DD80F862,MD,B9574B09-7F2A-4ECC-9D1A-6BE446DEC06B,VehicleNotAtScene,VanCargo,MakingRightTurn,Westbound,15.0,No,No,2005,HYUNDAI,39.18693733,-77.159293,Elantra_Hyundai,16,2025,10,27,16,Monday,2025-10-27,44
2999,DD5653005R,250048230,Rockville_Police_Department,Property Damage Crash,2025-10-27 13:52:00,Maryland_State_Route,ROCKVILLE PIKE,HALPINE RD,Angle Collision,Lane Violation,Clear,Dry,Daylight,Traffic Signal,None Detected,4CA969A3-A61C-4422-B01B-B28B463A3F09,TX,0CF67590-D886-4AA2-A972-F305B963AF5D,Eleven O Clock,Van - Passenger (&lt;9 Seats),MovingConstantSpeed,Northbound,35.0,No,No,1997,GMC,39.06188159,-77.12390021,Savana_GMC,13,2025,10,27,13,Monday,2025-10-27,44
3000,MCP2356004Y,250045656,Montgomery_County_Police,Property Damage Crash,2025-10-10 19:46:00,Maryland_State_Route,MUNCASTER MILL RD,ROWEN RD,Rear-End (Same Direction),Driver Inattention,Clear,Dry,Dark - Lighted,Traffic Signal,Suspect Alcohol Only,45F2EA20-BC64-49E6-B5C9-4644BEDA24F9,MD,F51817DC-C3E0-48AA-A10C-633D9D18BA42,Twelve O Clock,PassengerCar,MovingConstantSpeed,Southbound,40.0,No,No,2011,FORD,39.13341547,-77.12212017,Escape_Ford,19,2025,10,10,19,Friday,2025-10-10,41
3001,MCP220300B5,250048108,Montgomery_County_Police,Property Damage Crash,2025-10-26 17:25:00,County_Route,HICKERSON DR,GEORGIA AVE (SB/L),Angle Collision,Road Obstruction,Clear,Dry,Daylight,No Control,None Detected,5B1992F0-0A00-40B8-B987-7800601CAC48,MD,5ECFA7B0-BBEF-4165-BE20-CEE50635201F,Eleven O Clock,PassengerCar,MovingConstantSpeed,West,25.0,No,No,2014,CHEVROLET,39.04223723,-77.05199415,Camaro_Chevrolet,17,2025,10,26,17,Sunday,2025-10-26,43
3002,DM85030027,250044853,Takoma_Park_Police_Department,Property Damage Crash,2025-10-06 05:17:00,Municipality_Route,HOLTON LA,NEW HAMPSHIRE AVE,Rear-End (Same Direction),Tailgating,Clear,Dry,Dark - Lighted,Traffic Signal,Illegal Drug Present,4D574DC4-4BE8-4095-910E-D6C154D8C7F0,MD,D4408B31-1385-4793-B999-B255A7A1FD88,Twelve O Clock,PassengerCar,StoppedInTrafficLane,Northbound,30.0,No,No,2015,KIA,38.98578896,-76.98810593,Forte_Kia,5,2025,10,6,5,Monday,2025-10-06,41
3004,MCP3407001N,250045089,Montgomery_County_Police,Property Damage Crash,2025-10-07 14:50:00,County_Route,BRINK RD,SPUR TO MD 124,Single Vehicle,Lane Violation,Cloudy,Dry,Daylight,No Control,Suspect Alcohol Only,99DE7DE3-E820-4E82-9BC8-FBEDFFD1E7DB,MD,8F09F61F-597F-40DB-9951-F256B43746B1,Twelve O Clock,PassengerCar,MovingConstantSpeed,Westbound,35.0,No,No,2010,HONDA,39.20765667,-77.22497667,Civic_Honda,14,2025,10,7,14,Tuesday,2025-10-07,41
3005,MCP3339005M,250047531,Montgomery_County_Police,Property Damage Crash,2025-10-22 17:43:00,Crossover,MONTGOMERY VILLAGE AVE,NORBECK RD,Rear-End (Same Direction),Tailgating,Clear,Dry,Dusk,Traffic Signal,None Detected,E806424A-66C8-4282-AB28-DB2E6902129E,MD,4B7AF3EC-FA27-49DB-A8E1-E9BED2766657,Six O Clock,PassengerCar,StoppedInTrafficLane,Westbound,35.0,No,No,2011,TOYOTA,39.09693283,-77.10769319,Camry_Toyota,17,2025,10,22,17,Wednesday,2025-10-22,43
3006,EJ7905003R,250048281,Gaithersburg_Police_Department,Injury Crash,2025-10-27 17:28:00,Ramp_Route,RAMP 7 FR MD 117 WB TO RAMP 6 (TO IS270),CHURCHILL DOWNS RD,Rear-End (Same Direction),Congestion / Backup,Clear,Dry,Daylight,No Control,None Detected,66D016D3-2457-435C-8F4A-A27001DEAEC9,MD,752BA8D8-B0D2-424C-B058-78F36BE45653,Six O Clock,PassengerCar,SlowingOrStopping,Unknown,25.0,No,No,2017,FORD,39.14052809,-77.21426256,Escape_Ford,17,2025,10,27,17,Monday,2025-10-27,44
3008,MCP3362006M,250048156,Montgomery_County_Police,Property Damage Crash,2025-10-27 07:51:00,Maryland_State_Route,UNIVERSITY BLVD E (WB/L),RAMP 2 FR IS 495 WB TO MD 193 NB,Angle Collision,Right-of-Way Violation,Clear,Dry,Daylight,Traffic Signal,None Detected,5AE79505-035B-4692-B6E9-41133D823485,MD,B1716564-6566-4EA4-BAFF-FE68EE9EA9DF,Eleven O Clock,PassengerCar,MakingRightTurn,Southbound,35.0,No,No,2012,CHRYSLER,39.01602757,-77.00545401,Town & Country_Chrysler,7,2025,10,27,7,Monday,2025-10-27,44
3009,MCP2162005N,250047867,Montgomery_County_Police,Property Damage Crash,2025-10-24 17:31:00,County_Route,COMMERCE LA,TUCKERMAN LA,Sideswipe (Same Direction),Driver Inattention,Clear,Dry,Daylight,No Control,None Detected,94AE4C65-58B4-46FB-8B86-E1BD35AF686E,MD,1A47857C-575E-4860-813B-C69EE56C5F3F,Three O Clock,TransitBus,MovingConstantSpeed,Westbound,35.0,No,No,2013,VOLKSWAGEN,38.98598311,-77.09471041,Jetta_Volkswagen,17,2025,10,24,17,Friday,2025-10-24,43
3010,MCP9390003M,250044978,Montgomery_County_Police,Property Damage Crash,2025-10-06 19:20:00,Maryland_State_Route,GREAT SENECA HWY,DECOVERLY DR (EB/L),Head-On,Right-of-Way Violation,Clear,Dry,Dark - Lighted,No Control,None Detected,E1000992-AAC3-4502-870A-7D5DE6CC0525,MD,C1E55C8D-81FE-4F4C-932B-352DEBC51C90,Four O Clock,PassengerCar,MakingLeftTurn,Southbound,50.0,No,No,2018,HONDA,39.1060955,-77.20789267,CR-V_Honda,19,2025,10,6,19,Monday,2025-10-06,41
3011,DD56680021,250047713,Rockville_Police_Department,Property Damage Crash,2025-10-23 17:40:00,Municipality_Route,BALTIMORE RD,INDUSTRIAL PKWY,Rear-End (Same Direction),Tailgating,Clear,Dry,Dusk,No Control,None Detected,4B811818-EE89-4949-9FAE-ED75CDB26F76,MD,730BFD7D-A459-478E-9487-04A594CE6578,Six O Clock,PassengerCar,SlowingOrStopping,Eastbound,25.0,No,No,2017,FORD,39.08449694,-77.13507815,F-150_Ford,17,2025,10,23,17,Thursday,2025-10-23,43
3012,MCP2760007Q,250048112,Montgomery_County_Police,Property Damage Crash,2025-10-26 18:07:00,Maryland_State_Route,RAMP 2 FR IS 495 WB TO MD 97 NB,MONTROSE RD,Sideswipe (Opposite Direction),Passing / Turning,Clear,Dry,Dark - Lighted,No Control,Suspect Alcohol Only,AD27F227-CDFF-4107-AE66-9470526E2700,MD,197755F6-900D-499D-A019-62B1442DA59C,One O Clock,SportUtilityVehicle,MakingLeftTurn,Unknown,2.5,No,No,2025,CHEVROLET,39.15987678,-77.19971503,Trax_Chevrolet,18,2025,10,26,18,Sunday,2025-10-26,43
3013,MCP3430000W,250046833,Montgomery_County_Police,Property Damage Crash,2025-10-18 10:58:00,Maryland_State_Route,GEORGIA AVE (SB/L),RIVER RD,Sideswipe (Same Direction),Lane Violation,Clear,Dry,Daylight,No Control,None Detected,395A9ADC-C809-4D5A-B785-F61CCEAD522B,MD,6A37E26F-C34D-43B9-8D45-EBD819126A1B,VehicleNotAtScene,PassengerCar,ChangingLanes,Northbound,30.0,No,No,2011,HONDA,39.00893796,-77.0403081,Civic_Honda,10,2025,10,18,10,Saturday,2025-10-18,42
3014,MCP3452001R,250047619,Montgomery_County_Police,Property Damage Crash,2025-10-23 10:53:00,Maryland_State_Route,CONNECTICUT AVE,ADAMS DR,Other,Right-of-Way Violation,Clear,Dry,Daylight,Traffic Signal,None Detected,5C5E0E31-3C30-45EF-B5B0-05E9C1AAFA9C,MD,2FE5A0DB-7AB6-4852-890E-048E93889797,Three O Clock,PassengerCar,MakingLeftTurn,North,35.0,No,No,2014,SUBARU,39.047286,-77.07558267,Legacy_Subaru,10,2025,10,23,10,Thursday,2025-10-23,43
3015,MCP137801DT,250045375,Montgomery_County_Police,Property Damage Crash,2025-10-09 11:04:00,County_Route,SHADY GROVE RD,FREDERICK RD (SB/L),Rear-End (Same Direction),Tailgating,Clear,Dry,Daylight,Traffic Signal,None Detected,F209E944-8B14-4205-91B6-56E202C96933,MD,E41024B3-64A3-440B-B022-4BDD7F028E85,Twelve O Clock,PassengerCar,SlowingOrStopping,Southbound,35.0,No,No,2006,SUBARU,39.12242576,-77.17761272,Legacy_Subaru,11,2025,10,9,11,Thursday,2025-10-09,41
3016,DD5680001Y,250047229,Rockville_Police_Department,Injury Crash,2025-10-23 21:54:00,Maryland_State_Route,VEIRS MILL RD,JAYSTONE DR,Rear-End (Same Direction),Driver Inattention,Clear,Dry,Dark - Lighted,Traffic Signal,None Detected,2E0B287C-C3D2-4DDC-A063-B9595311C828,MD,B0AF8952-E7D4-4B94-A6F1-91C0602CD4CF,Seven O Clock,Van - Passenger (&lt;9 Seats),Parked,Southbound,35.0,No,Yes,2007,TOYOTA,39.0734701,-77.11231315,Camry_Toyota,21,2025,10,23,21,Thursday,2025-10-23,43
3017,MCP233900BY,250044691,Montgomery_County_Police,Injury Crash,2025-10-04 19:47:00,County_Route,FERN ST,SHADY GROVE RD (SB/L),Angle Collision,Right-of-Way Violation,Clear,Dry,Dark - Lighted,Traffic Signal,None Detected,CE1919CB-F383-49F0-AE88-FB1E6DBB5486,MD,CAC889A3-48AC-4BFB-8FF5-313D511F8D99,Three O Clock,TransitBus,MakingLeftTurn,Eastbound,35.0,No,No,2014,TOYOTA,39.12886507,-77.16756924,Tundra_Toyota,19,2025,10,4,19,Saturday,2025-10-04,40
3018,DD57060008,250048350,Rockville_Police_Department,Injury Crash,2025-10-28 08:07:00,Private_Route,METRO ENT,FREDERICK RD,Head-On,Right-of-Way Violation,Clear,Dry,Daylight,Traffic Signal,None Detected,D8C80D19-5EA5-4294-868F-61AFAD60AC24,VA,3A5B0931-51F1-44AA-B20D-E0BE5E13A3A4,Four O Clock,PassengerCar,MakingLeftTurn,West,35.0,No,No,2019,HONDA,39.11733904,-77.16894777,CR-V_Honda,8,2025,10,28,8,Tuesday,2025-10-28,44
3019,MCP3031007H,250047492,Montgomery_County_Police,Property Damage Crash,2025-10-22 14:15:00,Maryland_State_Route,GEORGIA AVE (SB/L),EMORY LA,Rear-End (Same Direction),Congestion / Backup,Clear,Dry,Daylight,Traffic Signal,None Detected,E858AF61-741B-4D2A-A414-14A12FED42E5,MD,A5B54738-55DF-4CEA-8F83-FDB7A3AE97D4,Twelve O Clock,PassengerCar,SlowingOrStopping,South,40.0,No,No,2018,LEXUS,39.12612959,-77.07247198,GX_Lexus,14,2025,10,22,14,Wednesday,2025-10-22,43
3020,DD5604005W,250047665,Rockville_Police_Department,Property Damage Crash,2025-10-23 16:02:00,Maryland_State_Route,E JEFFERSON ST,MONROE ST,Sideswipe (Same Direction),Passing / Turning,Clear,Dry,Daylight,Traffic Signal,None Detected,977FDDFF-272C-45F8-AEF4-B37F8E668474,MD,0DC5F0A9-6530-4E55-9CE5-645073C96E80,Ten O Clock,SportUtilityVehicle,StoppedInTrafficLane,Westbound,30.0,No,No,2004,GMC,39.08193277,-77.14924276,Yukon_GMC,16,2025,10,23,16,Thursday,2025-10-23,43
3021,MCP34550014,250048340,Montgomery_County_Police,Injury Crash,2025-10-28 01:23:00,Maryland_State_Route,WILSON LA,ASHTON RD,Single Vehicle,Passing / Turning,Clear,Dry,Dark - Lighted,Traffic Signal,None Detected,6A2325A0-8CFC-4C9D-A91A-0D6443A2AB64,MD,A55D1F35-4AE1-4A54-A9E5-AB98493568F2,Two O Clock,Moped,MakingRightTurn,Northbound,30.0,No,No,2023,CADILLAC,39.1493003,-77.01233248,CTS_Cadillac,1,2025,10,28,1,Tuesday,2025-10-28,44
3023,EJ79060033,250047684,Gaithersburg_Police_Department,Property Damage Crash,2025-10-23 17:04:00,Spur_Route,QUINCE ORCHARD RD,GREAT SENECA HWY (SB/L),Other,Road Obstruction,Clear,Dry,Daylight,Traffic Signal,None Detected,7364B146-2224-4B33-B842-AB3523854335,MD,315B9023-B953-4FC9-96B5-4D37C7C10BC1,Three O Clock,PassengerCar,StoppedInTrafficLane,West,50.0,No,No,2009,TOYOTA,39.10995383,-77.21691117,Corolla_Toyota,17,2025,10,23,17,Thursday,2025-10-23,43