Unnamed: 0,Report Number,Local Case Number,Agency Name,ACRS Report Type,Crash Date/Time,Route Type,Road Name,Cross-Street Name,Collision Type,Circumstance_Category,Weather,Surface Condition,Light,Traffic Control,Driver Substance Abuse,Person ID,Drivers License State,Vehicle ID,Vehicle First Impact Location,Vehicle Body Type,Vehicle Movement,Vehicle Going Dir,Speed Limit,Driverless Vehicle,Parked Vehicle,Vehicle Year,Vehicle Make,Latitude,Longitude,Vehicle Model,hour,Crash_year,Crash_month,Crash_day,Crash_hour,Crash_day_name,Crash_date,Crash_week
3077,MCP2717010X,250047351,Montgomery_County_Police,Property Damage Crash,2025-10-21 16:23:00,Maryland_State_Route,GEORGIA AVE,W GUDE DR,Other,Right-of-Way Violation,Clear,Dry,Daylight,Traffic Signal,None Detected,C9CF374F-C001-4307-8478-65EDAD0C61BE,MD,D8A7468C-4B52-46C5-8A55-4B6007824921,Eleven O Clock,PassengerCar,MakingLeftTurn,Unknown,2.5,No,No,2023,TESLA,39.13174459,-77.2319938,Model Y_Tesla,16,2025,10,21,16,Tuesday,2025-10-21,43
3078,MCP9428005M,250045457,Montgomery_County_Police,Property Damage Crash,2025-10-09 17:30:00,Maryland_State_Route,ROCKVILLE PIKE,HOWARD CHAPEL RD,Rear-End (Same Direction),Driver Inattention,Clear,Dry,Daylight,No Control,None Detected,839A5A5C-B184-4D22-95A6-5261C15676DE,MD,97143FE7-48C7-4A12-95F5-CCD4FE0D53BE,Twelve O Clock,PassengerCar,MovingConstantSpeed,Northbound,40.0,No,No,2012,KIA,39.27200667,-77.20458,Optima_Kia,17,2025,10,9,17,Thursday,2025-10-09,41
3079,MCP3329004S,250045072,Montgomery_County_Police,Property Damage Crash,2025-10-07 13:30:00,Interstate_Route,CAPITAL BELTWAY,BROADBIRCH DR,Other,Congestion / Backup,Clear,Dry,Daylight,No Control,None Detected,9C989808-351B-4875-B361-AD913EDDB300,MD,93A4F994-40EE-401A-876F-D555CE75D186,Six O Clock,PassengerCar,MovingConstantSpeed,Eastbound,55.0,No,No,2020,FORD,39.0055125,-77.07601533,Transit_Ford,13,2025,10,7,13,Tuesday,2025-10-07,41
3080,MCP3426002W,250047975,Montgomery_County_Police,Property Damage Crash,2025-10-25 15:50:00,County_Route,RANDOLPH RD,HENDERSON AVE,Angle Collision,Right-of-Way Violation,Clear,Dry,Daylight,No Control,None Detected,7CB5DF98-33A2-4D07-89CF-4574D3090513,VA,709F1E1C-F410-4749-BFD6-02C9796AB7B3,Eleven O Clock,PassengerCar,SlowingOrStopping,Northbound,35.0,No,No,1998,HONDA,38.98193095,-77.22613753,CR-V_Honda,15,2025,10,25,15,Saturday,2025-10-25,43
3081,MCP3289004F,250044768,Montgomery_County_Police,Property Damage Crash,2025-10-05 13:19:00,Maryland_State_Route,SANDY SPRING RD (WB/L),BLUNT RD,Sideswipe (Same Direction),Lane Violation,Clear,Dry,Daylight,No Control,None Detected,39B42D7D-96EB-404D-A94C-0F090F9DF7A9,MD,5DBCEE91-FC34-45F5-BC1C-55562874980F,One O Clock,PassengerCar,MovingConstantSpeed,Westbound,45.0,No,No,2023,TOYOTA,39.10637,-76.9145575,4Runner_Toyota,13,2025,10,5,13,Sunday,2025-10-05,40
3082,MCP003600JK,250044945,Montgomery_County_Police,Injury Crash,2025-10-06 15:04:00,County_Route,PRINCE PHILIP DR,RAMP 8 FR IS270 SB TO FATHER HURLEY BLVD,Single Vehicle,Lane Violation,Clear,Dry,Daylight,No Control,None Detected,81B48C8B-AEB3-4AF6-B5A5-E476ADDD84BE,MD,FAA1C92B-1A81-4AEA-B01D-F781CF8C0DA4,Twelve O Clock,PassengerCar,Accelerating,Southbound,30.0,No,No,2021,SUBARU,39.1503465,-77.05753617,Forester_Subaru,15,2025,10,6,15,Monday,2025-10-06,41
3083,MCP3053009F,250048109,Montgomery_County_Police,Injury Crash,2025-10-26 18:07:00,Maryland_State_Route,NO NAME,RAMP 5 FR IS 270 SB TO MD 28 EB,Single Vehicle,Lane Violation,Clear,Dry,Dusk,Traffic Signal,None Detected,58154B9C-5AAD-43B8-8592-A9FD856DE52F,MD,CE390543-B12A-4883-9396-571A200D5449,Twelve O Clock,PassengerCar,MovingConstantSpeed,Westbound,30.0,No,No,2025,VOLKSWAGEN,39.05190768,-77.07509392,Taos_Volkswagen,18,2025,10,26,18,Sunday,2025-10-26,43
3084,MCP3473000Z,250047681,Montgomery_County_Police,Property Damage Crash,2025-10-23 17:07:00,US_State_Route,GEORGIA AVE,SEMINARY PL,Angle Collision,Right-of-Way Violation,Clear,Dry,Daylight,No Control,None Detected,D6C49F27-077D-4C82-9782-12D71142ED59,MD,743947ED-83C5-49FC-80BA-B6D4A1ADB5B7,Four O Clock,TransitBus,MakingLeftTurn,Northbound,35.0,No,No,2020,BMW,38.99501897,-77.02696675,3 Series_BMW,17,2025,10,23,17,Thursday,2025-10-23,43
3085,MCP3429001C,250047062,Montgomery_County_Police,Injury Crash,2025-10-20 06:29:00,Maryland_State_Route,GEORGIA AVE (SB/L),NORBECK RD,Head-On,Road Obstruction,Clear,Dry,Dark - Lighted,Traffic Signal,None Detected,7BDA2B3C-2A73-487F-BF27-7C51DAFBEE26,MD,7728BD09-12DE-4BAD-AA6A-D9714F028FDC,One O Clock,PassengerCar,StoppedInTrafficLane,North,35.0,No,No,2024,HONDA,39.10944378,-77.0761059,Civic_Honda,6,2025,10,20,6,Monday,2025-10-20,43
3086,MCP2760007G,250045310,Montgomery_County_Police,Property Damage Crash,2025-10-08 19:39:00,County_Route,SNOUFFERS SCHOOL RD,CORRIGAN SQ ACCESS RD,Rear-End (Same Direction),Congestion / Backup,Clear,Dry,Dark - Lighted,No Control,None Detected,9C36BF39-337C-4898-9D94-CA175F466633,MD,1BC0DDBC-7BBD-44E0-BBE9-FC47174FBE71,Six O Clock,SportUtilityVehicle,StoppedInTrafficLane,East,45.0,No,No,2017,TOYOTA,39.169273,-77.17618367,RAV4_Toyota,19,2025,10,8,19,Wednesday,2025-10-08,41
3088,MCP3348004T,250044530,Montgomery_County_Police,Property Damage Crash,2025-10-03 17:58:00,Maryland_State_Route,NEW HAMPSHIRE AVE (SB/L),SPUR FR SHADY GROVE RD,Rear-End (Same Direction),Tailgating,Clear,Dry,Daylight,No Control,None Detected,B53A9C73-CA22-42F1-8C14-A1A5F57E1CB1,MD,14CD9C6D-98D8-47CD-B9EB-A1C8B8627A73,Six O Clock,PassengerCar,SlowingOrStopping,Southbound,35.0,No,No,2015,TOYOTA,39.07940433,-77.0014725,Camry_Toyota,17,2025,10,3,17,Friday,2025-10-03,40
3089,MCP2940008K,250045831,Montgomery_County_Police,Property Damage Crash,2025-10-12 09:45:00,County_Route,RANDOLPH RD (WB/L),LAYHILL RD,Rear-End (Same Direction),Tailgating,Cloudy,Dry,Daylight,No Control,Alcohol Present,28D62524-2D04-4441-9DB5-55A3E7F38FCD,MD,3CFFB77D-DB7A-49FC-9AFB-67A2590B5B83,Twelve O Clock,SportUtilityVehicle,MovingConstantSpeed,Westbound,35.0,No,No,1994,GMC,39.05379912,-77.09196344,Terrain_GMC,9,2025,10,12,9,Sunday,2025-10-12,41
3090,MCP25920050,250045500,Montgomery_County_Police,Injury Crash,2025-10-09 21:36:00,Maryland_State_Route,FREDERICK RD,GAME PRESERVE RD,Angle Collision,Speed Related,Clear,Dry,Dark - Lighted,No Control,None Detected,5BD8B63A-7D1F-4B67-82B9-F80156A2054C,MD,345489F1-5C59-46B7-92F4-A3DEF3FCFF0D,Twelve O Clock,PassengerCar,MovingConstantSpeed,Northbound,40.0,No,No,2005,ACURA,39.16489909,-77.22733383,TL_Acura,21,2025,10,9,21,Thursday,2025-10-09,41
3091,MCP2107006X,250047425,Montgomery_County_Police,Injury Crash,2025-10-22 06:44:00,Maryland_State_Route,RIDGE RD,TIMBERWOOD AVE,Sideswipe (Same Direction),Lane Violation,Clear,Wet,Dawn,No Control,None Detected,22A6FFDA-3002-4D43-8DBD-489C7C02F5E8,MD,972105FE-8A8F-438D-A2B0-0EAFFEA3CD2C,Eight O Clock,PassengerCar,Backing,Eastbound,30.0,No,No,2019,CHEVROLET,39.30521045,-77.19762611,Silverado_Chevrolet,6,2025,10,22,6,Wednesday,2025-10-22,43
3092,MCP3430000T,250045537,Montgomery_County_Police,Property Damage Crash,2025-10-10 08:45:00,Interstate_Route,CAPITAL BELTWAY,ARCOLA AVE,Single Vehicle,Lane Violation,Clear,Dry,Daylight,No Control,None Detected,CAA517A6-75A0-47EF-82A3-4D7E99612FDA,MD,FB252783-7ECC-4331-ABA5-71D5291AE489,Two O Clock,VanCargo,MovingConstantSpeed,Eastbound,30.0,No,No,2025,CHEVROLET,39.01337555,-77.0466816,Express_Chevrolet,8,2025,10,10,8,Friday,2025-10-10,41
3093,MCP3263005B,250046107,Montgomery_County_Police,Injury Crash,2025-10-14 07:55:00,Maryland_State_Route,RIVER RD (WB/L),ROLLING FORK DR,Rear-End (Same Direction),Tailgating,Rain,Wet,Daylight,No Control,None Detected,AF355AEC-79CE-48AD-A527-F37804F342C6,MD,AB46D59B-4E93-4E2F-8E87-50956C8874F4,Six O Clock,PassengerCar,MovingConstantSpeed,Westbound,35.0,No,No,2013,LEXUS,38.98508583,-77.140627,RX 350_Lexus,7,2025,10,14,7,Tuesday,2025-10-14,42
3094,MCP9399002V,250044715,Montgomery_County_Police,Property Damage Crash,2025-10-05 00:59:00,County_Route,GLEN RD,RAMP 1 FR IS 270 NB TO SHADY GROVE RD WB,Single Vehicle,Lane Violation,Clear,Dry,Dark - Not Lighted,No Control,None Detected,AECBD90E-09B5-4745-AD81-33A1A487C22E,MD,D8DB82A0-3D39-4BF6-A423-B61E84D05677,One O Clock,PassengerCar,NegotiatingCurve,Southbound,30.0,No,No,2005,HYUNDAI,39.04541867,-77.22128483,Elantra_Hyundai,0,2025,10,5,0,Sunday,2025-10-05,40
3095,MCP2864005G,250045725,Montgomery_County_Police,Property Damage Crash,2025-10-06 17:04:00,Private_Route,VEIRS MILL RD (WB/L),OLD GEORGETOWN RD,Rear-End (Same Direction),Driver Inattention,Clear,Dry,Daylight,No Control,None Detected,D724CDD3-2D64-4154-BEED-51696023A6A4,CA,C946E209-6432-4214-A001-F701E1AF62B6,Six O Clock,PassengerCar,SlowingOrStopping,Unknown,2.5,No,No,2025,HONDA,39.04369027,-76.98564581,Civic_Honda,17,2025,10,6,17,Monday,2025-10-06,41
3097,MCP3423002K,250045234,Montgomery_County_Police,Property Damage Crash,2025-10-08 13:34:00,Maryland_State_Route,MIDCOUNTY HWY,E JEFFERSON ST,Angle Collision,Right-of-Way Violation,Clear,Dry,Daylight,No Control,None Detected,59DB73AB-9BE2-4C28-8B75-BF7D78C51E67,MD,50874E63-F20F-416C-8729-3A3D9FB5BCC8,Twelve O Clock,MiniBus,EnteringTrafficLane,Unknown,35.0,No,No,2020,FORD,39.11036333,-76.9339895,F-550_Ford,13,2025,10,8,13,Wednesday,2025-10-08,41
3098,DD57010008,250045669,Rockville_Police_Department,Property Damage Crash,2025-10-10 21:20:00,Municipality_Route,E MIDDLE LA,COLESVILLE RD,Sideswipe (Same Direction),Lane Violation,Clear,Dry,Dark - Lighted,No Control,None Detected,823C641C-E144-4692-BD8E-EC57380CD6C1,MD,1BAE2391-E33D-4F86-8FE1-18A4EDC06D6D,One O Clock,TransitBus,MovingConstantSpeed,Eastbound,25.0,No,No,2014,INFINITI,39.08504112,-77.15075821,Q50_Infiniti,21,2025,10,10,21,Friday,2025-10-10,41
3099,MCP3022006F,250045081,Montgomery_County_Police,Injury Crash,2025-10-07 13:54:00,Other_Public_Roadway,SHAKESPEARE BLVD,GERMANTOWN RD,Sideswipe (Same Direction),Lane Violation,Clear,Dry,Daylight,Lane Use Control,None Detected,61F9EEBF-78DE-4419-A1F4-3B7F870330AD,MD,D775CE5A-9CBD-4775-BF0C-2DA8161909C5,Ten O Clock,PassengerCar,MovingConstantSpeed,Southbound,40.0,No,No,2024,VOLKSWAGEN,39.19292878,-77.23859371,Jetta_Volkswagen,13,2025,10,7,13,Tuesday,2025-10-07,41
3100,MCP14250029,250047915,Montgomery_County_Police,Property Damage Crash,2025-10-25 02:00:00,Maryland_State_Route,WASHINGTON GROVE LA,EAST WEST HWY,Sideswipe (Opposite Direction),Lane Violation,Clear,Dry,Dark - Lighted,No Control,None Detected,F3FE3BDD-3F9C-4047-B574-9E175392D148,MD,B8F1BC73-BE13-4627-B08B-D7348C8DCE2B,Eleven O Clock,SportUtilityVehicle,MovingConstantSpeed,Eastbound,30.0,No,No,2007,FORD,39.21891017,-77.41438358,Escape_Ford,2,2025,10,25,2,Saturday,2025-10-25,43
3101,MCP3058005W,250044536,Montgomery_County_Police,Property Damage Crash,2025-10-03 07:15:00,County_Route,RANDOLPH RD,ROUNDABOUT,Sideswipe (Same Direction),Lane Violation,Clear,Dry,Daylight,No Control,None Detected,D1F328AE-BDCD-4643-A709-824B2F8938FF,MD,38BE3FD7-93EF-4B92-AA05-EC267F4FCC04,VehicleNotAtScene,Van - Passenger (&lt;9 Seats),ChangingLanes,Eastbound,35.0,No,No,2008,TOYOTA,39.05891154,-77.06984512,Sienna_Toyota,7,2025,10,3,7,Friday,2025-10-03,40
3102,MCP3192006M,250047843,Montgomery_County_Police,Injury Crash,2025-10-24 15:47:00,County_Route,BUSHEY DR,NORTHAMPTON DR,Rear vs Side,Right-of-Way Violation,Clear,Dry,Daylight,No Control,None Detected,7B9EE240-C4C6-46A0-AB3D-027278B2A7DE,MD,CF540FEA-FBB9-4713-89FD-F5E3A22795A0,Ten O Clock,PassengerCar,MakingLeftTurn,Northbound,20.0,No,No,2022,LEXUS,39.063607,-77.07943283,RX 350_Lexus,15,2025,10,24,15,Friday,2025-10-24,43
3103,MCP3303002B,250047491,Montgomery_County_Police,Injury Crash,2025-10-22 14:15:00,Maryland_State_Route,GERMANTOWN RD (SB/L),ENT TO CONCORD ST ANDREWS UMC CHURCH,Rear-End (Same Direction),Congestion / Backup,Clear,Dry,Daylight,Traffic Signal,None Detected,FC31A198-EB1E-49E5-BC27-A1FF52948EBA,MD,01FBC5B9-5101-44A4-B1EC-23B638C731EE,Six O Clock,PassengerCar,SlowingOrStopping,Southbound,40.0,No,No,2007,HONDA,39.18658167,-77.25319,Accord_Honda,14,2025,10,22,14,Wednesday,2025-10-22,43
3105,EJ7913001G,250045353,Gaithersburg_Police_Department,Injury Crash,2025-10-09 08:24:00,Municipality_Route,S SUMMIT AVE,OLDE TOWNE AVE,Angle Collision,Right-of-Way Violation,Clear,Dry,Daylight,Stop Sign,None Detected,7386DA19-32E8-45B3-85F8-26305A57E113,MD,C778243A-47FB-436F-A293-BE025DDC08E7,Nine O Clock,PassengerCar,MakingLeftTurn,Eastbound,25.0,No,No,2025,LEXUS,39.14056217,-77.19359667,RX 350_Lexus,8,2025,10,9,8,Thursday,2025-10-09,41
3106,MCP34380013,250047056,Montgomery_County_Police,Injury Crash,2025-10-20 05:12:00,Maryland_State_Route,ROCKVILLE PIKE,GREAT SENECA HWY,Sideswipe (Same Direction),Lane Violation,Clear,Wet,Dark - Lighted,Traffic Signal,None Detected,D7280167-04A2-40F2-AC4A-F0763E97F60A,MD,44E136B2-8A3A-4604-8358-BCB91B0B8F3F,One O Clock,PassengerCar,ChangingLanes,Northbound,45.0,No,No,2017,HONDA,39.014913,-77.09956917,Accord_Honda,5,2025,10,20,5,Monday,2025-10-20,43
3107,MCP2445007K,250045552,Montgomery_County_Police,Injury Crash,2025-10-10 10:55:00,County_Route,SENECA MEADOWS PKWY,GERMANTOWN RD (SB/L),Angle Collision,Road Obstruction,Clear,Dry,Daylight,Traffic Signal,None Detected,DACF7F16-9DC3-47E2-8F98-E7B66A2F3D62,MD,2494A885-180D-4C90-B20E-A0D3B1FA8565,Ten O Clock,Van - Passenger (&lt;9 Seats),StoppedInTrafficLane,South,30.0,No,No,2018,HONDA,39.18859,-77.25170167,Odyssey_Honda,10,2025,10,10,10,Friday,2025-10-10,41
3108,MCP3068006S,250046015,Montgomery_County_Police,Property Damage Crash,2025-10-06 09:30:00,Local_Route,KENWOOD FOREST LA,OLD COLUMBIA PIKE,Sideswipe (Same Direction),Lane Violation,Clear,Dry,Daylight,No Control,None Detected,23FC6BB1-8090-42D1-8D99-F92F3E1126AF,MD,612EB031-5327-4A95-9D53-F47134B060D3,Ten O Clock,SportUtilityVehicle,MovingConstantSpeed,Southbound,25.0,No,No,2024,LEXUS,38.97634839,-77.09996591,RX 350_Lexus,9,2025,10,6,9,Monday,2025-10-06,41
3109,MCP3058005Y,250045606,Montgomery_County_Police,Property Damage Crash,2025-10-10 15:40:00,Maryland_State_Route,W DIAMOND AVE,GATEWOOD PL,Sideswipe (Opposite Direction),Lane Violation,Cloudy,Dry,Daylight,No Control,None Detected,C328649A-05D3-403A-873F-7F349456884A,MD,07293193-C635-4988-BC47-B77EF002AF91,Ten O Clock,SingleUnitTruck,MovingConstantSpeed,Eastbound,40.0,No,No,2005,FORD,39.11832283,-77.10353167,F-150_Ford,15,2025,10,10,15,Friday,2025-10-10,41
3110,MCP3362006N,250048187,Montgomery_County_Police,Property Damage Crash,2025-10-27 10:32:00,County_Route,LOCKWOOD DR,PARK RD,Sideswipe (Same Direction),Lane Violation,Clear,Dry,Daylight,Traffic Signal,None Detected,323D47DA-DD1B-44C1-991E-A55A836569EF,MD,0A61284D-E4BF-4287-AA80-6B4AD7800FCE,One O Clock,PassengerCar,MakingLeftTurn,Westbound,35.0,No,No,2004,HONDA,39.03381911,-77.00233747,CR-V_Honda,10,2025,10,27,10,Monday,2025-10-27,44
3111,MCP2989003D,250047680,Montgomery_County_Police,Property Damage Crash,2025-10-23 16:40:00,County_Route,SWEETWOOD AVE,SHADY GROVE RD SHADY GROVE RD (SB/L),Single Vehicle,Speed Related,Clear,Dry,Daylight,No Control,Suspect Alcohol Only,97E5170D-DB2E-4794-9BD6-8D21D1FC86E8,MD,5EC152AF-7CCB-4DCA-B334-D2D2C0E4D88A,Eleven O Clock,PassengerCar,Backing,Westbound,40.0,No,No,2006,BMW,39.08542914,-77.21476973,3 Series_BMW,16,2025,10,23,16,Thursday,2025-10-23,43
3113,MCP2835003W,250045674,Montgomery_County_Police,Property Damage Crash,2025-10-10 23:02:00,County_Route,INDIANOLA DR,BETHESDA AVE,Rear-End (Same Direction),Backing Error,Clear,Dry,Dark - Lighted,Traffic Signal,None Detected,7E1047B3-2309-4ED5-8925-82FD4E9D3D7E,MD,D2A86B36-44C5-4A46-8D1F-4234BF46607F,Six O Clock,PassengerCar,StoppedInTrafficLane,Southbound,25.0,No,No,2023,BMW,38.98089473,-77.09842385,3 Series_BMW,23,2025,10,10,23,Friday,2025-10-10,41
3114,MCP34290014,250044408,Montgomery_County_Police,Property Damage Crash,2025-10-03 06:41:00,Maryland_State_Route,NORBECK RD (WB/L),CHERRY HILL RD,Rear-End (Same Direction),Tailgating,Clear,Dry,Daylight,No Control,None Detected,1E075C65-91B3-4D74-8163-DC4DADBBB848,MD,04E8E0DD-8F48-40A5-802C-1F2E40CAA868,Six O Clock,PassengerCar,SlowingOrStopping,Westbound,35.0,No,No,2020,CHEVROLET,39.10949033,-77.077111,Silverado_Chevrolet,6,2025,10,3,6,Friday,2025-10-03,40
3115,MCP3362006M,250048156,Montgomery_County_Police,Property Damage Crash,2025-10-27 07:51:00,Maryland_State_Route,UNIVERSITY BLVD E (WB/L),RAMP 2 FR IS 495 WB TO MD 193 NB,Angle Collision,Right-of-Way Violation,Clear,Dry,Daylight,Traffic Signal,None Detected,714F767E-635E-4A30-A578-B1D85FCBD374,MD,D2DD54EA-8B60-4FAB-8DEC-95304FBF7BA5,Three O Clock,PassengerCar,MovingConstantSpeed,Westbound,35.0,No,No,2022,TOYOTA,39.01602757,-77.00545401,RAV4_Toyota,7,2025,10,27,7,Monday,2025-10-27,44
3116,DM8514002L,250045595,Takoma_Park_Police_Department,Property Damage Crash,2025-10-10 14:54:00,Municipality_Route,DAVIS AVE,GREENWAY DR WILLARD AVE,Sideswipe (Opposite Direction),Passing / Turning,Clear,Dry,Daylight,No Control,None Detected,97AAC6A1-A19A-4EE8-9145-8613B240AF01,MD,BD37E8D7-9513-457E-9EED-302332572C83,Ten O Clock,PickupTruck,MovingConstantSpeed,Westbound,15.0,No,No,2019,FORD,38.98415685,-76.99754181,F-350_Ford,14,2025,10,10,14,Friday,2025-10-10,41
3117,MCP9390003M,250044978,Montgomery_County_Police,Property Damage Crash,2025-10-06 19:20:00,Maryland_State_Route,GREAT SENECA HWY,DECOVERLY DR (EB/L),Head-On,Lane Violation,Clear,Dry,Dark - Lighted,No Control,None Detected,5FBAE63B-B997-4739-847A-6CB44441B22E,MD,4A10A9BD-4966-4FF9-A182-2439ABE19007,Twelve O Clock,PassengerCar,MovingConstantSpeed,Northbound,50.0,No,No,2020,TOYOTA,39.1060955,-77.20789267,Corolla_Toyota,19,2025,10,6,19,Monday,2025-10-06,41
3118,MCP33200044,250047542,Montgomery_County_Police,Property Damage Crash,2025-10-22 18:40:00,US_State_Route,COLESVILLE RD,STANFORD ST,Rear-End (Same Direction),Tailgating,Clear,Dry,Dark - Lighted,No Control,None Detected,75477453-5EE6-46AA-AB2D-1458B77C54A4,MD,C5789B62-D879-4CF5-9A07-B1C7BDEFCEA9,Twelve O Clock,PassengerCar,SlowingOrStopping,Not On Roadway,35.0,No,No,2015,NISSAN,39.01050417,-77.017371,Versa_Nissan,18,2025,10,22,18,Wednesday,2025-10-22,43
3119,MCP33200040,250044534,Montgomery_County_Police,Injury Crash,2025-10-03 18:50:00,Local_Route,METRORAIL TRACK B2 RAIL,EAST WEST HWY,Rear-End (Same Direction),Congestion / Backup,Clear,Dry,Dark - Lighted,No Control,None Detected,70219B5C-2B93-4522-B5B4-A3D592969E54,MD,165D9821-FE3E-4F04-80B0-80F339C82DA0,Six O Clock,PassengerCar,SlowingOrStopping,Southbound,30.0,No,No,2016,TOYOTA,39.0275185,-77.04688383,RAV4_Toyota,18,2025,10,3,18,Friday,2025-10-03,40
3121,MCP3376002Q,250047369,Montgomery_County_Police,Property Damage Crash,2025-10-21 18:17:00,Maryland_State_Route,UNIVERSITY BLVD W (WB/L),PEBBLESTONE DR,Rear-End (Same Direction),Right-of-Way Violation,Clear,Dry,Dark - Lighted,No Control,None Detected,CDDCBEA8-CE32-4C1D-9DA6-A764954DA513,MD,6DB5EEFE-909C-4048-A239-F4251BFFB327,Six O Clock,PassengerCar,MakingLeftTurn,Westbound,35.0,No,No,2010,TOYOTA,39.04027417,-77.05530483,Camry_Toyota,18,2025,10,21,18,Tuesday,2025-10-21,43
3122,MCP3374003S,250045171,Montgomery_County_Police,Injury Crash,2025-10-08 05:48:00,Maryland_State_Route,ROCKVILLE PIKE (SB/L),CONNECTICUT AVE,Angle Collision,Right-of-Way Violation,Rain,Wet,Dark - Not Lighted,No Control,None Detected,8289AC37-9F51-46DB-8396-AF107A4EAF27,MD,8233DD56-8BB0-463A-9A11-09D038959B98,Twelve O Clock,PassengerCar,MovingConstantSpeed,Southbound,35.0,No,No,2023,TOYOTA,39.00399917,-77.09747717,RAV4_Toyota,5,2025,10,8,5,Wednesday,2025-10-08,41
3123,MCP2939008F,250048207,Montgomery_County_Police,Property Damage Crash,2025-10-27 12:01:00,Maryland_State_Route,CLOPPER RD,WILSON LA,Single Vehicle,Lane Violation,Clear,Dry,Daylight,No Control,None Detected,8C715EDA-BDAF-4669-9FA5-75701EC36EB7,MD,3A3420F8-26B9-4CBF-8758-A08C36C83497,Twelve O Clock,PassengerCar,MovingConstantSpeed,Eastbound,40.0,No,No,2011,HONDA,39.20291317,-77.1380645,Ridgeline_Honda,12,2025,10,27,12,Monday,2025-10-27,44
3124,MCP3452001R,250047619,Montgomery_County_Police,Property Damage Crash,2025-10-23 10:53:00,Maryland_State_Route,CONNECTICUT AVE,ADAMS DR,Other,Congestion / Backup,Clear,Dry,Daylight,Traffic Signal,None Detected,B1389FAA-F429-4C1D-8988-E8E519AFA11E,MD,CB4B069C-9B5D-4B3A-80BA-C4EBF25DB7BE,Twelve O Clock,PassengerCar,MovingConstantSpeed,South,35.0,No,No,2018,SUBARU,39.047286,-77.07558267,Forester_Subaru,10,2025,10,23,10,Thursday,2025-10-23,43
3125,MCP2864005G,250045725,Montgomery_County_Police,Property Damage Crash,2025-10-06 17:04:00,Private_Route,CONNECTICUT AVE,SLIGO CREEK PKWY,Rear-End (Same Direction),Driver Inattention,Clear,Dry,Daylight,No Control,None Detected,7A7B41FF-DDDA-41C2-8023-6978937A298C,MD,86AC2BB9-C42D-4F0A-BFC5-E2025E4872FD,Twelve O Clock,SportUtilityVehicle,SlowingOrStopping,Unknown,2.5,No,No,2023,FORD,39.04369027,-76.98564581,Explorer_Ford,17,2025,10,6,17,Monday,2025-10-06,41
3126,MCP3376002Q,250047369,Montgomery_County_Police,Property Damage Crash,2025-10-21 18:17:00,Maryland_State_Route,UNIVERSITY BLVD W (WB/L),OAKVALE ST,Rear-End (Same Direction),Driver Inattention,Clear,Dry,Dark - Lighted,No Control,None Detected,5E7E37BA-3D4D-41AC-B441-BAB3FED3416D,MD,F31CCB74-DB00-4607-B509-A7FE42073266,VehicleNotAtScene,PassengerCar,MovingConstantSpeed,Westbound,35.0,No,No,2015,HONDA,39.04027417,-77.05530483,Civic_Honda,18,2025,10,21,18,Tuesday,2025-10-21,43
3127,MCP2855005X,250045441,Montgomery_County_Police,Injury Crash,2025-10-09 16:19:00,Ramp_Route,RAMP 3 FR MD 200 EB TO MD 650 NB,WOODFIELD RD,Back-to-Back,Tailgating,Clear,Dry,Daylight,Traffic Signal,None Detected,265BADA9-469B-4C15-8849-E4D70B41672D,MD,528C1906-3563-422B-A573-9298EADE2AAF,Twelve O Clock,PassengerCar,SlowingOrStopping,South,35.0,No,No,2007,HONDA,39.08774744,-77.00082344,Fit_Honda,16,2025,10,9,16,Thursday,2025-10-09,41
3128,EJ78880088,250047534,Gaithersburg_Police_Department,Property Damage Crash,2025-10-22 17:53:00,Municipality_Route,WATKINS MILL RD (SB/L),TRAVIS AVE,Rear-End (Same Direction),Tailgating,Clear,Dry,Dusk,Stop Sign,None Detected,654941FF-7F2D-475B-8A96-B3DA9989BDD5,MD,643C6CB7-558B-4A8D-BE92-6EF0051423DE,VehicleNotAtScene,PassengerCar,SlowingOrStopping,Westbound,30.0,No,No,2007,TOYOTA,39.16222947,-77.21443792,Camry_Toyota,17,2025,10,22,17,Wednesday,2025-10-22,43
3129,MCP3348004T,250044530,Montgomery_County_Police,Property Damage Crash,2025-10-03 17:58:00,Maryland_State_Route,NEW HAMPSHIRE AVE (SB/L),BRIGHTON DR,Rear-End (Same Direction),Tailgating,Clear,Dry,Daylight,No Control,None Detected,1CE3FF71-8FF7-40D3-8CA6-3F760966C9A0,MD,CE6AB39C-C45C-4127-8C50-35E32ECE1B32,Twelve O Clock,SportUtilityVehicle,MovingConstantSpeed,Southbound,35.0,No,No,2005,TOYOTA,39.07940433,-77.0014725,RAV4_Toyota,17,2025,10,3,17,Friday,2025-10-03,40