Unnamed: 0,Report Number,Local Case Number,Agency Name,ACRS Report Type,Crash Date/Time,Route Type,Road Name,Cross-Street Name,Collision Type,Circumstance_Category,Weather,Surface Condition,Light,Traffic Control,Driver Substance Abuse,Person ID,Drivers License State,Vehicle ID,Vehicle First Impact Location,Vehicle Body Type,Vehicle Movement,Vehicle Going Dir,Speed Limit,Driverless Vehicle,Parked Vehicle,Vehicle Year,Vehicle Make,Latitude,Longitude,Vehicle Model,hour,Crash_year,Crash_month,Crash_day,Crash_hour,Crash_day_name,Crash_date,Crash_week
3130,MCP31260076,250047902,Montgomery_County_Police,Property Damage Crash,2025-10-24 22:34:00,Maryland_State_Route,OLD HUNDRED RD,EDMONSTON DR,Single Vehicle,Driver Inattention,Clear,Dry,Dark - Not Lighted,No Control,None Detected,17CDE568-009B-453D-BEE0-A3510A91B8C5,MD,EE847BE5-6FEB-45D9-881F-5A5FEDA2FED5,Twelve O Clock,PassengerCar,MovingConstantSpeed,Northbound,40.0,No,No,2009,LEXUS,39.2643293,-77.34351218,GS_Lexus,22,2025,10,24,22,Friday,2025-10-24,43
3131,MCP2674006N,250046250,Montgomery_County_Police,Injury Crash,2025-10-14 19:06:00,Maryland_State_Route,GEORGIA AVE,BUCKLODGE RD,Angle Collision,Driver Inattention,Clear,Dry,Dark - Lighted,No Control,None Detected,25BEB19D-717D-406B-887B-38FCCA36F00F,MD,E6153FE7-7BA8-41BF-8319-D3E75269992A,Eleven O Clock,Motorcycle2Wheeled,MovingConstantSpeed,Westbound,25.0,No,No,2001,SUBARU,39.28785331,-77.20234474,Forester_Subaru,19,2025,10,14,19,Tuesday,2025-10-14,42
3132,DM8490003M,250046277,Takoma_Park_Police_Department,Property Damage Crash,2025-10-15 00:03:00,Municipality_Route,LINDEN AVE,WINDHAM LA,Head-On,Lane Violation,Clear,Dry,Dark - Lighted,No Control,None Detected,2764C00B-324A-49DE-B799-54C118CBEF6A,MD,9EA14D05-74E0-4F28-B6E8-1706BFAD0CB0,Eleven O Clock,SportUtilityVehicle,MovingConstantSpeed,Unknown,5.0,No,No,2020,FORD,38.97792,-76.9904093,Explorer_Ford,0,2025,10,15,0,Wednesday,2025-10-15,42
3133,MCP3303002B,250047491,Montgomery_County_Police,Injury Crash,2025-10-22 14:15:00,Maryland_State_Route,GERMANTOWN RD (SB/L),DEAN RD,Rear-End (Same Direction),Tailgating,Clear,Dry,Daylight,Traffic Signal,None Detected,C751B159-3535-4C6F-81BD-92DEF3B3D374,MD,62E8BA4A-AD12-4A86-A938-034DDE2CDBC9,Twelve O Clock,TransitBus,SlowingOrStopping,Southbound,40.0,No,No,2017,TOYOTA,39.18658167,-77.25319,Camry_Toyota,14,2025,10,22,14,Wednesday,2025-10-22,43
3134,MCP292300FG,250045078,Montgomery_County_Police,Property Damage Crash,2025-10-07 13:39:00,County_Route,FERRARA AVE,FAIRLAND RD,Rear-End (Same Direction),Backing Error,Cloudy,Dry,Daylight,Traffic Signal,None Detected,F4F69852-C715-45CD-857A-D4E59D382E5F,MD,0EF30FF0-CA32-4BC5-B12F-4E7F3C58A6B6,VehicleNotAtScene,SportUtilityVehicle,Backing,Northbound,15.0,No,No,2006,JEEP,39.05289996,-77.07693533,Liberty_Jeep,13,2025,10,7,13,Tuesday,2025-10-07,41
3136,MCP25520087,250045175,Montgomery_County_Police,Injury Crash,2025-10-08 07:05:00,County_Route,TRAVILAH RD,RIVER RD RIVERS EDGE DR,Angle Collision,Speed Related,Cloudy,Wet,Daylight,No Control,None Detected,F2C1E466-7C7E-4F6B-A589-920B5242F990,MD,5A51601D-28D7-43BC-9044-C2587559AB1C,Twelve O Clock,PassengerCar,MovingConstantSpeed,Westbound,50.0,No,No,2025,TOYOTA,39.06075994,-77.28218381,Sienna_Toyota,7,2025,10,8,7,Wednesday,2025-10-08,41
3137,MCP289100FM,250044903,Montgomery_County_Police,Injury Crash,2025-10-06 12:42:00,Maryland_State_Route,ROCKVILLE PIKE,HARRINGTON DR,Sideswipe (Same Direction),Lane Violation,Clear,Dry,Daylight,Traffic Signal,None Detected,D620F4E1-90E3-4215-9B50-F5DD7B083F1C,MD,C893ABE0-6C2B-4274-982C-39080F5F4E28,Ten O Clock,PassengerCar,MovingConstantSpeed,Northbound,25.0,No,No,2004,HONDA,38.99933123,-77.01807323,Accord_Honda,12,2025,10,6,12,Monday,2025-10-06,41
3138,MCP30900094,250047694,Montgomery_County_Police,Property Damage Crash,2025-10-23 17:41:00,Maryland_State_Route,MUNCASTER MILL RD,OLDE MILL RUN (NB/L),Angle Collision,Right-of-Way Violation,Clear,Dry,Daylight,Stop Sign,None Detected,4124CBD9-72F8-4438-A615-8D65EB2FDE12,TX,68E0FEDA-FD19-4243-B279-BE178C88A8A0,Ten O Clock,PassengerCar,MakingLeftTurn,South,25.0,No,No,2013,FORD,39.13994367,-77.13425517,Focus_Ford,17,2025,10,23,17,Thursday,2025-10-23,43
3139,DM84940044,250044454,Takoma_Park_Police_Department,Property Damage Crash,2025-10-03 11:50:00,Maryland_State_Route,UNIVERSITY BLVD,UNIVERSITY BLVD E,Angle Collision,Road Obstruction,Clear,Dry,Daylight,No Control,None Detected,2A49521C-AA04-4037-A675-D8B4DD46D1D8,MD,A31086B4-B152-4A8C-938D-46F44EB28EFF,One O Clock,PassengerCar,MovingConstantSpeed,South,5.0,No,No,2012,DODGE,38.99002645,-76.9889806,Grand Caravan_Dodge,11,2025,10,3,11,Friday,2025-10-03,40
3140,MCP3446000S,250046840,Montgomery_County_Police,Property Damage Crash,2025-10-18 12:20:00,County_Route,KENSINGTON BLVD,GRANDVIEW AVE,Angle Collision,Lane Violation,Clear,Dry,Daylight,No Control,None Detected,95DBEFE4-6FF1-4B2F-BC45-9758373408B5,MD,4F465DE3-72AE-440F-B889-74A22E0DBB21,One O Clock,SportUtilityVehicle,MovingConstantSpeed,Eastbound,30.0,No,No,2000,LEXUS,39.04177271,-77.05314012,RX_Lexus,12,2025,10,18,12,Saturday,2025-10-18,42
3141,MCP2160003V,250048260,Montgomery_County_Police,Property Damage Crash,2025-10-27 15:00:00,County_Route,CLUB HOUSE RD,MONTGOMERY VILLAGE AVE (SB/L),Rear-End (Same Direction),Tailgating,Clear,Dry,Daylight,Traffic Signal,None Detected,391BD7DC-46F3-421E-B4EA-430C1CFB1BF1,MD,C6D2FE43-40C6-4726-AF6C-257BDF126860,Six O Clock,PassengerCar,StoppedInTrafficLane,Westbound,35.0,No,No,2012,NISSAN,39.17459313,-77.20379685,Sentra_Nissan,15,2025,10,27,15,Monday,2025-10-27,44
3142,MCP34140027,250044624,Montgomery_County_Police,Property Damage Crash,2025-10-04 12:30:00,US_State_Route,COLESVILLE RD,TECH RD,Angle Collision,Driver Inattention,Clear,Dry,Daylight,No Control,None Detected,5D5DAEB2-5C22-4EC5-B9FF-D80494D20D30,MD,402E67EE-FEFC-4EF5-A0E4-406034D95CE3,Two O Clock,PassengerCar,MovingConstantSpeed,Southbound,35.0,No,No,2024,VOLKSWAGEN,38.99935529,-77.02602304,Taos_Volkswagen,12,2025,10,4,12,Saturday,2025-10-04,40
3143,MCP3275003D,250044570,Montgomery_County_Police,Injury Crash,2025-10-03 22:40:00,County_Route,FREDERICK RD,SPUR FR MD 124,Angle Collision,Right-of-Way Violation,Clear,Dry,Dark - Lighted,No Control,None Detected,33B2BB8F-0E25-49FD-AEFD-9F389160BDD9,MD,D6B75B3E-EE16-42FF-A9B1-190DCCADA91B,Eleven O Clock,PassengerCar,MakingLeftTurn,Northbound,25.0,No,No,2025,HONDA,39.08269181,-76.94328789,Pilot_Honda,22,2025,10,3,22,Friday,2025-10-03,40
3144,MCP3446000Q,250044745,Montgomery_County_Police,Injury Crash,2025-10-05 10:55:00,County_Route,GRANDVIEW AVE,KENSINGTON PKWY,Angle Collision,Right-of-Way Violation,Clear,Dry,Daylight,No Control,None Detected,676D703E-B932-4C3D-804C-DEB35A8C30AA,MD,584DCDE6-71D3-4DEE-9FE1-A0C97A863BA7,Twelve O Clock,PassengerCar,MakingLeftTurn,Northbound,25.0,No,No,2008,TOYOTA,39.041572,-77.05309167,Avalon_Toyota,10,2025,10,5,10,Sunday,2025-10-05,40
3146,MCP137801F3,250047820,Montgomery_County_Police,Property Damage Crash,2025-10-24 13:02:00,County_Route,WILDCAT RD,DAVIS MILL RD,Single Vehicle,Right-of-Way Violation,Cloudy,Dry,Daylight,Stop Sign,None Detected,E6966608-DE77-421E-8565-5E61B9C94496,MD,4D8D442B-8994-4E50-B254-CE583C7F15F9,VehicleNotAtScene,OtherBus,MakingRightTurn,Westbound,25.0,No,No,2024,HONDA,39.21895595,-77.22104359,Civic_Honda,13,2025,10,24,13,Friday,2025-10-24,43
3147,MCP3401002C,250045011,Montgomery_County_Police,Injury Crash,2025-10-07 05:32:00,US_State_Route,COLUMBIA PIKE,NORBECK RD,Single Vehicle,Driver Inattention,Clear,Dry,Dark - Not Lighted,No Control,None Detected,683EB6F7-3D0C-4B26-8F55-327E93C61E4F,MD,50547ED4-59CA-4469-A834-A36592F0B76F,Twelve O Clock,PassengerCar,MovingConstantSpeed,Northbound,45.0,No,No,2018,HONDA,39.04775317,-76.98482317,Pilot_Honda,5,2025,10,7,5,Tuesday,2025-10-07,41
3148,DD556700B5,250045224,Rockville_Police_Department,Injury Crash,2025-10-08 12:28:00,Municipality_Route,REDLAND BLVD,RAMP 8 FR IS 270 SB TO MD 118 WB,Single Vehicle,Right-of-Way Violation,Clear,Dry,Daylight,Pedestrian Crossing,None Detected,94B793B1-D749-4C5E-A88F-5C02259CD73F,MD,687D6A8A-26B5-49C5-B0A7-AD94D6653EA0,Twelve O Clock,SingleUnitTruck,MovingConstantSpeed,Westbound,30.0,No,No,2000,FORD,39.11472688,-77.16721465,F-450_Ford,12,2025,10,8,12,Wednesday,2025-10-08,41
3149,MCP30090098,250047064,Montgomery_County_Police,Property Damage Crash,2025-10-20 07:20:00,Maryland_State_Route,FREDERICK RD (SB/L),WELLER RD,Angle Collision,Road Obstruction,Clear,Dry,Daylight,No Control,None Detected,E2AF14FC-7C3F-4241-953C-8DE828DC772D,MD,3023D4B2-AF67-4F41-8BB2-45E2CB843A1E,Four O Clock,SportUtilityVehicle,SlowingOrStopping,Southbound,45.0,No,No,2017,HONDA,39.19248364,-77.24284537,Accord_Honda,7,2025,10,20,7,Monday,2025-10-20,43
3150,MCP34420013,250045425,Montgomery_County_Police,Injury Crash,2025-10-09 14:44:00,Maryland_State_Route,CONNECTICUT AVE (SB/L),JONES BRIDGE RD (WB/L),Angle Collision,Right-of-Way Violation,Clear,Dry,Daylight,Traffic Signal,Alcohol Unknown,BDF82824-370A-43C1-8965-22B0E076881F,VA,1C2138DB-7DC2-4130-9215-AFBF699F61B7,Four O Clock,PassengerCar,MovingConstantSpeed,Southbound,35.0,No,No,2016,VOLKSWAGEN,38.99992164,-77.07699269,Passat_Volkswagen,14,2025,10,9,14,Thursday,2025-10-09,41
3152,MCP3400002X,250047800,Montgomery_County_Police,Property Damage Crash,2025-10-24 11:32:00,County_Route,ROEDER RD,FENTON ST,Sideswipe (Same Direction),Right-of-Way Violation,Clear,Dry,Daylight,Stop Sign,None Detected,0F7E5165-9F3C-45B9-A29A-4FA343C04A30,MD,5F73337E-FE05-4EC2-BA99-B8FB2AAF7E47,VehicleNotAtScene,PassengerCar,Accelerating,Southbound,15.0,No,No,2009,HONDA,38.99728683,-77.02613203,Civic_Honda,11,2025,10,24,11,Friday,2025-10-24,43
3153,MCP2528002N,250047529,Montgomery_County_Police,Injury Crash,2025-10-22 17:42:00,Maryland_State_Route,GEORGIA AVE,ENT TO BUSINESS,Sideswipe (Opposite Direction),Driver Inattention,Clear,Dry,Daylight,No Control,Alcohol Unknown,FB029BEB-8841-43EC-BFDA-DC6CF4996EF3,MD,CC6C23B8-F207-4543-89FA-44A398B1E85B,Twelve O Clock,PassengerCar,MovingConstantSpeed,Eastbound,25.0,No,No,2022,FORD,39.1088306,-76.93592805,Maverick_Ford,17,2025,10,22,17,Wednesday,2025-10-22,43
3154,MCP289200JB,250046886,Montgomery_County_Police,Property Damage Crash,2025-10-18 17:18:00,US_State_Route,COLESVILLE RD (SB/L),GRACEFIELD RD,Sideswipe (Same Direction),Lane Violation,Clear,Dry,Daylight,Traffic Signal,None Detected,EACAF530-B0F2-4DE4-8B95-D1E37D641AAD,MD,47A9CF70-53F7-401F-8FD6-7562181B1937,Two O Clock,VanCargo,SlowingOrStopping,Southbound,35.0,No,No,2024,GMC,39.00898838,-77.01825184,Savana_GMC,17,2025,10,18,17,Saturday,2025-10-18,42
3155,MCP308600C7,250045827,Montgomery_County_Police,Injury Crash,2025-10-12 09:30:00,Maryland_State_Route,VEIRS MILL RD,LYNBROOK DR,Single Vehicle,Speed Related,Cloudy,Wet,Daylight,No Control,None Detected,43274831-4F30-4643-B357-BFF76D17D161,MD,A3F03B0B-6653-423C-8400-9D70D3C0AA20,Twelve O Clock,PassengerCar,MovingConstantSpeed,Northbound,40.0,No,No,2011,MERCEDES-BENZ,39.23077583,-77.14239746,C300_Mercedes-Benz,9,2025,10,12,9,Sunday,2025-10-12,41
3156,MCP33900029,250045998,Montgomery_County_Police,Property Damage Crash,2025-10-13 14:44:00,County_Route,WATERS RD,BOWMAN MILL RD GERMANTOWN RD (SB/L),Angle Collision,Traffic Control Violation,Clear,Dry,Daylight,Traffic Signal,None Detected,73CB3C68-B61B-4F72-9FFB-45455463A778,MD,5088A027-065F-4914-A544-124DBF5331CF,Twelve O Clock,PassengerCar,MovingConstantSpeed,West,40.0,No,No,2019,VOLKSWAGEN,39.175409,-77.2722088,Jetta_Volkswagen,14,2025,10,13,14,Monday,2025-10-13,42
3157,MCP2717010T,250046917,Montgomery_County_Police,Property Damage Crash,2025-10-18 20:50:00,County_Route,LONGFELLOW PL,WARING STATION RD,Sideswipe (Same Direction),Passing / Turning,Clear,Dry,Dark - Lighted,Traffic Signal,None Detected,9FF6AAC9-2B59-4447-9DFF-CF366E6C4879,MD,ED7E719E-FA6D-4ACA-8880-3486D19BFB90,Two O Clock,PassengerCar,MakingLeftTurn,Eastbound,25.0,No,No,2023,TOYOTA,38.98351641,-77.09613933,Camry_Toyota,20,2025,10,18,20,Saturday,2025-10-18,42
3159,MCP1233006S,250046985,Montgomery_County_Police,Property Damage Crash,2025-10-19 14:53:00,Maryland_State_Route,CONNECTICUT AVE (SB/L),YEARLING TERR,Sideswipe (Same Direction),Lane Violation,Clear,Dry,Daylight,Other Pavement Marking,None Detected,99CDEFCE-DE1F-4432-A5EE-5BD111484D51,MD,4E377B86-05C8-4841-B428-3EA13DB11FAE,Eleven O Clock,TransitBus,SlowingOrStopping,Southbound,35.0,No,No,2021,CHEVROLET,39.03075967,-77.07557833,Equinox_Chevrolet,14,2025,10,19,14,Sunday,2025-10-19,42
3160,MCP285300BH,250046254,Montgomery_County_Police,Injury Crash,2025-10-14 20:04:00,US_State_Route,COLESVILLE RD (SB/L),CENTERWAY RD,Rear-End (Same Direction),Surface Condition,Clear,Dry,Dark - Lighted,No Control,None Detected,6168D6DD-05D2-4124-A027-D4AC89FFBA6A,MD,318F8306-AD91-44E2-B4F6-9B537C92B694,Twelve O Clock,PassengerCar,ChangingLanes,North,40.0,No,No,2010,NISSAN,39.01759917,-77.0154705,Altima_Nissan,20,2025,10,14,20,Tuesday,2025-10-14,42
3161,DM8490003M,250046277,Takoma_Park_Police_Department,Property Damage Crash,2025-10-15 00:03:00,Municipality_Route,LINDEN AVE,BLOOM DR,Head-On,Lane Violation,Clear,Dry,Dark - Lighted,No Control,None Detected,0ABCC333-986F-4528-AE97-EA4B1D6566CA,MD,540E976E-9289-4EDD-807F-35E7A1200AA4,Eleven O Clock,PassengerCar,Accelerating,Unknown,20.0,No,No,2023,CHEVROLET,38.97792,-76.9904093,Malibu_Chevrolet,0,2025,10,15,0,Wednesday,2025-10-15,42
3162,MCP3263005B,250046107,Montgomery_County_Police,Injury Crash,2025-10-14 07:55:00,Maryland_State_Route,RIVER RD (WB/L),ARCOLA AVE,Rear-End (Same Direction),Tailgating,Rain,Wet,Daylight,No Control,None Detected,0F8A3B3D-D5B0-427E-AD46-66742CB7F09E,MD,D848D2C8-6E01-4D06-8A91-92319901F61A,Six O Clock,PassengerCar,MovingConstantSpeed,Westbound,35.0,No,No,2010,JEEP,38.98508583,-77.140627,Grand Cherokee_Jeep,7,2025,10,14,7,Tuesday,2025-10-14,42
3163,MCP3171002Z,250048352,Montgomery_County_Police,Injury Crash,2025-10-28 08:45:00,County_Route,CENTURY BLVD (SB/L),PRELUDE DR,Angle Collision,Right-of-Way Violation,Clear,Dry,Daylight,Stop Sign,None Detected,57DC7233-2CCF-4598-B862-C8E8EF3E32A2,MD,2757E5A6-1C50-4A1B-91E7-158F515A6A6D,Four O Clock,SportUtilityVehicle,Accelerating,West,10.0,No,No,2020,MAZDA,39.19214487,-77.2654854,CX-5_Mazda,8,2025,10,28,8,Tuesday,2025-10-28,44
3164,MCP3374003T,250045528,Montgomery_County_Police,Property Damage Crash,2025-10-10 07:40:00,Maryland_State_Route,OLD GEORGETOWN RD (SB/L),GARLAND AVE,Sideswipe (Same Direction),Lane Violation,Clear,Dry,Daylight,No Control,None Detected,967E7AEF-55C9-493D-861B-DBD8E09CE56A,MD,740B8368-70B9-4C1D-861C-096DAC73DE44,Five O Clock,PassengerCar,MovingConstantSpeed,Southbound,35.0,No,No,2023,NISSAN,39.02712592,-77.12635512,Altima_Nissan,7,2025,10,10,7,Friday,2025-10-10,41
3165,MCP3452001S,250048520,Montgomery_County_Police,Property Damage Crash,2025-10-29 07:42:00,County_Route,KEMP MILL RD,ENT ONLY TO WHEATON METRO,Single Vehicle,Lane Violation,Clear,Dry,Dawn,No Control,None Detected,CFFA1188-FF94-4B27-B0E3-76DEE4690248,MD,B6F58E2C-492A-43EF-9BC4-592408B62216,One O Clock,SportUtilityVehicle,MovingConstantSpeed,Westbound,30.0,No,No,2022,MAZDA,39.04745267,-77.028555,CX-5_Mazda,7,2025,10,29,7,Wednesday,2025-10-29,44
3166,MCP3450001G,250045127,Montgomery_County_Police,Property Damage Crash,2025-10-07 17:55:00,County_Route,BROADBIRCH DR,SUNDALE DR,Head-On,Right-of-Way Violation,Clear,Dry,Daylight,Stop Sign,None Detected,6C953C9E-7068-4F4B-BB5F-6552DFA35941,MD,411ED5F7-4238-4076-B5A4-F0F7BE71C461,Twelve O Clock,SportUtilityVehicle,EnteringTrafficLane,Westbound,30.0,No,No,2020,FORD,39.05564209,-76.95592223,Escape_Ford,17,2025,10,7,17,Tuesday,2025-10-07,41
3167,MCP33200041,250045261,Montgomery_County_Police,Property Damage Crash,2025-10-08 16:00:00,County_Route,COLUMBIA BLVD,PLATT RIDGE DR,Sideswipe (Same Direction),Passing / Turning,Clear,Dry,Daylight,Traffic Signal,None Detected,C33236F1-BCE1-4F8B-9F48-C4E26A8CF08E,MD,730A38AB-8A63-4090-8849-BD8AD173264F,Seven O Clock,SchoolBus,MakingRightTurn,Southbound,25.0,No,No,2024,RAM,39.00872559,-77.0402001,RAM 3500_Ram,16,2025,10,8,16,Wednesday,2025-10-08,41
3168,MCP308600C8,250045934,Montgomery_County_Police,Injury Crash,2025-10-13 09:58:00,County_Route,FLOWER HILL WAY,LOG HOUSE RD,Angle Collision,Right-of-Way Violation,Cloudy,Dry,Daylight,Stop Sign,None Detected,CAFF0ED5-A5A2-4B77-863A-D90DD5108337,MD,63F093D7-AF0A-473C-A35F-FFA3BA57C18B,Twelve O Clock,SportUtilityVehicle,StoppedInTrafficLane,Northbound,25.0,No,No,2017,HYUNDAI,39.15536633,-77.16452775,Tucson_Hyundai,9,2025,10,13,9,Monday,2025-10-13,42
3169,MCP3339005K,250044535,Montgomery_County_Police,Property Damage Crash,2025-10-03 18:40:00,Bicycle_Route,NORBECK RD,PINETREE RD,Rear-End (Same Direction),Tailgating,Clear,Dry,Daylight,No Control,None Detected,E89000B1-0A49-47D0-A6D8-D9F21333B8C0,MD,5053B329-DF13-47A5-9714-494CC45492E7,Six O Clock,Other,StoppedInTrafficLane,Westbound,35.0,No,No,1999,TOYOTA,39.122607,-77.09284683,Camry_Toyota,18,2025,10,3,18,Friday,2025-10-03,40
3170,MCP3423002J,250044859,Montgomery_County_Police,Injury Crash,2025-10-06 08:05:00,County_Route,WOLF DR,NEW HAMPSHIRE AVE (SB/L),Angle Collision,Road Obstruction,Clear,Dry,Daylight,Traffic Signal,None Detected,F0512686-5370-4463-BD38-9CA709C8E829,MD,1ECF82E1-80D8-48CD-BC87-8D3993BA97F4,RoofTop,PassengerCar,MovingConstantSpeed,North,45.0,No,No,2010,CHEVROLET,39.07322529,-77.0027826,Express_Chevrolet,8,2025,10,6,8,Monday,2025-10-06,41
3171,MCP3093006D,250045489,Montgomery_County_Police,Injury Crash,2025-10-09 20:10:00,County_Route,GRUBB RD,ENT TO BUSINESS,Other,Right-of-Way Violation,Clear,Dry,Dark - Lighted,Traffic Signal,None Detected,F29A53B2-13BC-4B78-A42D-369E8F43377E,MD,5D0B6B75-C43E-4C67-B4FF-D25F0224A12C,Four O Clock,SportUtilityVehicle,MakingLeftTurn,Eastbound,35.0,No,No,2018,HONDA,38.99380457,-77.05203793,CR-V_Honda,20,2025,10,9,20,Thursday,2025-10-09,41
3173,MCP3450001G,250045127,Montgomery_County_Police,Property Damage Crash,2025-10-07 17:55:00,County_Route,BROADBIRCH DR,GREAT SENECA HWY,Head-On,Road Obstruction,Clear,Dry,Daylight,No Control,None Detected,28D64B49-68A5-46F9-A833-7807FD663786,MD,E8E1914D-030C-4EF1-BA63-EE465A536690,One O Clock,PassengerCar,MovingConstantSpeed,North,30.0,No,No,2014,ACURA,39.05564209,-76.95592223,TSX_Acura,17,2025,10,7,17,Tuesday,2025-10-07,41
3174,MCP1233006T,250047874,Montgomery_County_Police,Injury Crash,2025-10-24 18:21:00,County_Route,GAME PRESERVE RD,EAST WEST HWY,Single Vehicle,Right-of-Way Violation,Cloudy,Dry,Dusk,Pedestrian Crossing,None Detected,9F013B2B-BF9F-483E-81E6-2E12CD0A4767,MD,C77FC8E3-0FA0-48B9-8625-1B9C5562D54B,Twelve O Clock,PassengerCar,MakingLeftTurn,Eastbound,35.0,No,No,2011,HONDA,38.99376364,-77.05185327,Civic_Honda,18,2025,10,24,18,Friday,2025-10-24,43
3175,MCP21020051,250045361,Montgomery_County_Police,Property Damage Crash,2025-10-09 09:32:00,Maryland_State_Route,RIDGE RD (SB/L),TOM FOX AVE,Rear-End (Same Direction),Tailgating,Clear,Dry,Daylight,Other,None Detected,4770169B-A3B1-4C98-B100-45144AC4B554,MD,421AAC59-EE0B-4C9B-95E3-DBB51A9A3481,Twelve O Clock,PassengerCar,SlowingOrStopping,Southbound,40.0,No,No,2016,FORD,39.24220167,-77.23481667,Focus_Ford,9,2025,10,9,9,Thursday,2025-10-09,41
3176,DD5648004M,250047978,Rockville_Police_Department,Property Damage Crash,2025-10-25 16:00:00,Maryland_State_Route,ROCKVILLE PIKE (SB/L),TALBOTT ST,Angle Collision,Road Obstruction,Clear,Dry,Daylight,No Control,None Detected,69CF85F4-42DD-4537-BFE6-A6FCC2B33587,MD,BE2FA51F-274D-4A1E-90E1-DA866FBEDDC7,Twelve O Clock,PassengerCar,MovingConstantSpeed,North,40.0,No,No,2021,JEEP,39.07100371,-77.13217775,Grand Cherokee_Jeep,16,2025,10,25,16,Saturday,2025-10-25,43
3177,MCP2855005Y,250045632,Montgomery_County_Police,Property Damage Crash,2025-10-10 17:30:00,Maryland_State_Route,UNIVERSITY BLVD E (WB/L),INDIAN SPRING DR,Single Vehicle,Driver Inattention,Clear,Dry,Daylight,No Control,None Detected,CCEDFAFE-3EF6-4F5C-953D-CD0D6E5BA478,MD,54D7E4DE-3A8E-4202-AF38-1CC60D40E792,Twelve O Clock,SportUtilityVehicle,MovingConstantSpeed,Eastbound,35.0,No,No,2009,HONDA,39.01343217,-77.00357233,Pilot_Honda,17,2025,10,10,17,Friday,2025-10-10,41
3178,MCP3058005W,250044536,Montgomery_County_Police,Property Damage Crash,2025-10-03 07:15:00,County_Route,RANDOLPH RD,RADNOR RD,Sideswipe (Same Direction),Lane Violation,Clear,Dry,Daylight,No Control,None Detected,B286F087-7EBE-4AA2-BCB2-1E8A9D84B9D6,MD,D355F666-5BDC-4E0A-9990-B58D74937C8A,Seven O Clock,PassengerCar,MovingConstantSpeed,Eastbound,35.0,No,No,2002,CHRYSLER,39.05891154,-77.06984512,300_Chrysler,7,2025,10,3,7,Friday,2025-10-03,40
3179,MCP3136007P,250044902,Montgomery_County_Police,Property Damage Crash,2025-10-06 12:08:00,Maryland_State_Route,EAST WEST HWY,LAYHILL RD (SB/L),Rear-End (Same Direction),Tailgating,Clear,Dry,Daylight,Pedestrian Crossing,None Detected,97C8ECB0-6CA3-4FE7-A6D3-A31D0A97441C,MD,7936E636-9D5C-47FF-8210-CAA461DE8202,Six O Clock,PassengerCar,SlowingOrStopping,Eastbound,30.0,No,No,2017,SUBARU,38.99130586,-77.03018006,Crosstrek_Subaru,12,2025,10,6,12,Monday,2025-10-06,41
3180,MCP2534005N,250044993,Montgomery_County_Police,Property Damage Crash,2025-10-06 22:19:00,County_Route,ZION RD,OLNEY LAYTONSVILLE RD,Angle Collision,Right-of-Way Violation,Clear,Dry,Dark - Lighted,No Control,None Detected,CECD8160-6100-4B74-8844-B55017565F38,MD,E47C209C-3A36-4C78-9731-55E8624065C8,Seven O Clock,PassengerCar,MakingLeftTurn,Southbound,50.0,No,No,2017,TOYOTA,39.17693417,-77.10060761,Corolla_Toyota,22,2025,10,6,22,Monday,2025-10-06,41
3182,MCP3398001S,250045166,Montgomery_County_Police,Injury Crash,2025-10-08 03:00:00,County_Route,MILL RUN DR,BONIFANT ST,Sideswipe (Opposite Direction),Lane Violation,Rain,Wet,Dark - Lighted,Traffic Signal,None Detected,70044B14-64EA-4CCA-B7B7-4ACC4055EFEB,MD,0B9A92BA-B806-4C0A-B3F8-E46DC05DD5B1,Twelve O Clock,PassengerCar,MovingConstantSpeed,Northbound,35.0,No,No,2010,CHEVROLET,39.1451954,-77.1503058,Cobalt_Chevrolet,3,2025,10,8,3,Wednesday,2025-10-08,41
3183,MCP3037007K,250045446,Montgomery_County_Police,Injury Crash,2025-10-09 16:37:00,County_Route,SHAWNEE LA,TRAVIS AVE,Rear-End (Same Direction),Driver Inattention,Clear,Dry,Daylight,No Control,None Detected,F5C17476-8C5A-4527-A970-465381FDEB6E,MD,5CFEE658-D67F-4C36-AE42-C08CE780BA2A,Twelve O Clock,PassengerCar,MovingConstantSpeed,Westbound,35.0,No,No,2014,TOYOTA,39.228521,-77.27124283,Camry_Toyota,16,2025,10,9,16,Thursday,2025-10-09,41