Unnamed: 0,Report Number,Local Case Number,Agency Name,ACRS Report Type,Crash Date/Time,Route Type,Road Name,Cross-Street Name,Collision Type,Circumstance_Category,Weather,Surface Condition,Light,Traffic Control,Driver Substance Abuse,Person ID,Drivers License State,Vehicle ID,Vehicle First Impact Location,Vehicle Body Type,Vehicle Movement,Vehicle Going Dir,Speed Limit,Driverless Vehicle,Parked Vehicle,Vehicle Year,Vehicle Make,Latitude,Longitude,Vehicle Model,hour,Crash_year,Crash_month,Crash_day,Crash_hour,Crash_day_name,Crash_date,Crash_week
3184,MCP3436001L,250047798,Montgomery_County_Police,Injury Crash,2025-10-24 11:29:00,Interstate_Route,CAPITAL BELTWAY,MONTROSE RD,Single Vehicle,Speed Related,Clear,Dry,Daylight,No Control,None Detected,35B77AD3-63A4-415E-8036-A5DB89E44BD8,MD,E4A45B9D-A181-425F-8311-EA3BCA529BFA,Twelve O Clock,PassengerCar,MovingConstantSpeed,Northbound,55.0,No,No,2007,HONDA,39.01580502,-77.01699932,Accord_Honda,11,2025,10,24,11,Friday,2025-10-24,43
3185,MCP3389001G,250046821,Montgomery_County_Police,Injury Crash,2025-10-18 09:33:00,Crossover,MARYLAND AVE,GEORGIA AVE,Rear-End (Same Direction),Tailgating,Clear,Dry,Daylight,Traffic Signal,None Detected,9FCD7941-6B47-4878-8834-B60CF40E2A64,MD,2CC613AE-75B6-4952-9C3A-E6508EDEF30F,Twelve O Clock,PassengerCar,MovingConstantSpeed,Northbound,30.0,No,No,2019,TOYOTA,38.99087279,-77.02655185,4Runner_Toyota,9,2025,10,18,9,Saturday,2025-10-18,42
3186,MCP9399002W,250045515,Montgomery_County_Police,Property Damage Crash,2025-10-10 00:00:00,Maryland_State_Route,GOOD HOPE RD,STEWART LA,Single Vehicle,Lane Violation,Clear,Dry,Dark - Not Lighted,No Control,None Detected,B8840EA7-88E4-45D3-9F49-9C4594C2007F,MD,B175B353-5D14-42CF-8CDF-5B1FE65C1C6C,Eleven O Clock,SportUtilityVehicle,MovingConstantSpeed,Westbound,50.0,No,No,2025,DODGE,39.1836485,-77.41438358,Durango_Dodge,0,2025,10,10,0,Friday,2025-10-10,41
3187,MCP120500D9,250047097,Montgomery_County_Police,Injury Crash,2025-10-20 11:53:00,Government_Route,BEACH DR,WEXFORD DR,Rear-End (Same Direction),Tailgating,Cloudy,Dry,Daylight,No Control,None Detected,B41C39C8-FE3E-4FFC-A48B-B7871838853C,MD,975685DF-D6B0-45C5-88DB-1CFA0786039D,Twelve O Clock,PassengerCar,MovingConstantSpeed,Southbound,25.0,No,No,2010,HONDA,39.035955,-77.08442067,CR-V_Honda,11,2025,10,20,11,Monday,2025-10-20,43
3188,MCP3436001L,250047798,Montgomery_County_Police,Injury Crash,2025-10-24 11:29:00,Interstate_Route,CAPITAL BELTWAY,ISBELL ST,Single Vehicle,Driver Inattention,Clear,Dry,Daylight,No Control,None Detected,31AF7EA0-F95D-447F-9335-28BC17871D9B,MD,FEDBC616-657C-4AAD-BA52-788305600B39,VehicleNotAtScene,SingleUnitTruck,MovingConstantSpeed,Northbound,55.0,No,No,2007,HONDA,39.01580502,-77.01699932,Civic_Honda,11,2025,10,24,11,Friday,2025-10-24,43
3189,MCP2438003X,250045080,Montgomery_County_Police,Injury Crash,2025-10-07 14:07:00,Maryland_State_Route,GERMANTOWN RD (SB/L),FREDERICK RD,Angle Collision,Right-of-Way Violation,Cloudy,Dry,Daylight,Traffic Signal,None Detected,4A4F6F1D-4A26-4211-803C-5ED6AD1A76BB,MD,3761750A-1C8E-4934-8AC9-702934C5C495,Nine O Clock,PassengerCar,Accelerating,Eastbound,40.0,No,No,2020,LEXUS,39.1921594,-77.24267005,RX_Lexus,14,2025,10,7,14,Tuesday,2025-10-07,41
3190,MCP9419006D,25004787,Montgomery_County_Police,Injury Crash,2025-10-22 13:08:00,Maryland_State_Route,HUNGERFORD DR (SB/L),MEDICAL PARK DR,Sideswipe (Same Direction),Right-of-Way Violation,Clear,Dry,Daylight,No Control,None Detected,B6415316-A983-465E-BD66-6533B8C16764,MD,A10B7B28-6EE1-4BDA-95B0-53670219C737,Nine O Clock,PassengerCar,MovingConstantSpeed,Southbound,35.0,No,No,2018,VOLKSWAGEN,39.10415528,-77.15659243,Jetta_Volkswagen,13,2025,10,22,13,Wednesday,2025-10-22,43
3191,MCP34450017,250048268,Montgomery_County_Police,Property Damage Crash,2025-10-27 14:50:00,Maryland_State_Route,TRUMPET PL,BATTERY LA,Angle Collision,Right-of-Way Violation,Clear,Dry,Daylight,No Control,None Detected,60823E2F-4124-4936-897F-86007D79E66A,MD,06455B46-8187-4ADF-9E77-0F08B1245C2D,Six O Clock,PassengerCar,Backing,Not On Roadway,2.5,No,No,2018,FORD,39.02475504,-77.12482433,Escape_Ford,14,2025,10,27,14,Monday,2025-10-27,44
3192,MCP24640040,250045907,Montgomery_County_Police,Injury Crash,2025-10-12 23:19:00,US_State_Route,COLUMBIA PIKE (SB/L),GREENCASTLE RD (NB/L),Rear-End (Same Direction),Weather Related,Rain,Wet,Dark - Lighted,Traffic Signal,None Detected,1A5DC57E-6FE7-4957-840B-698B3BB98C2E,MD,645E754D-1AA0-46B6-B736-D4E21EA6ECC2,Seven O Clock,PassengerCar,StoppedInTrafficLane,South,30.0,No,No,2012,FORD,39.09570831,-76.93810954,Fusion_Ford,23,2025,10,12,23,Sunday,2025-10-12,41
3193,EJ7884007F,250045781,Gaithersburg_Police_Department,Injury Crash,2025-10-11 20:40:00,Municipality_Route,CHRISTOPHER AVE,FERNMONT LA,Angle Collision,Right-of-Way Violation,Clear,Dry,Dark - Lighted,No Control,None Detected,C5FC1F2C-EF76-440B-890A-F871F8DE3AE1,MD,6DCF2B28-83A2-4C7B-9EF4-08A6F37E4CC7,Five O Clock,SportUtilityVehicle,MakingLeftTurn,Northbound,30.0,No,No,2019,NISSAN,39.15881716,-77.21175441,Rogue_Nissan,20,2025,10,11,20,Saturday,2025-10-11,41
3194,DD57060008,250048350,Rockville_Police_Department,Injury Crash,2025-10-28 08:07:00,Private_Route,METRO ENT,FREDERICK RD,Head-On,Traffic Control Violation,Clear,Dry,Daylight,Traffic Signal,None Detected,03CD3D4C-B0AB-4C01-86BE-70937B21DE2D,MD,BAC09416-491D-4CB0-8BEF-1DE5DEFD7929,One O Clock,PassengerCar,MovingConstantSpeed,Northbound,35.0,No,No,2023,KIA,39.11733904,-77.16894777,Soul_Kia,8,2025,10,28,8,Tuesday,2025-10-28,44
3195,MCP2641005C,250045204,Montgomery_County_Police,Injury Crash,2025-10-08 10:49:00,County_Route,MATENY RD,CREAMERY HILL DR WHEATRIDGE DR,Rear-End (Same Direction),Tailgating,Cloudy,Wet,Daylight,No Control,None Detected,15228B4F-18AD-4AFE-A3B8-6EC92734A9BE,MD,1153F442-DE26-494E-9A2C-A5E3E1423482,Twelve O Clock,PassengerCar,MovingConstantSpeed,Southbound,30.0,No,No,2015,JEEP,39.15005333,-77.268655,Grand Cherokee_Jeep,10,2025,10,8,10,Wednesday,2025-10-08,41
3196,MCP2298018W,250045024,Montgomery_County_Police,Property Damage Crash,2025-10-07 08:55:00,County_Route,THISTLEBRIDGE DR,FIRST ST,Rear-End (Same Direction),Tailgating,Clear,Dry,Daylight,No Control,None Detected,B5553D33-8AB1-462F-83DB-806E0B4A0AA1,MD,C6A757B2-D51B-48BA-9B46-D85CDC698225,Twelve O Clock,SchoolBus,StoppedInTrafficLane,Southbound,25.0,No,No,2018,NISSAN,39.11763055,-77.08354227,Altima_Nissan,8,2025,10,7,8,Tuesday,2025-10-07,41
3197,MCP3058005Y,250045606,Montgomery_County_Police,Property Damage Crash,2025-10-10 15:40:00,Maryland_State_Route,MARINELLI RD,OLD GEORGETOWN RD,Sideswipe (Opposite Direction),Driver Inattention,Cloudy,Dry,Daylight,No Control,None Detected,1BAA1743-264A-4745-99C1-7AAF2BDFC81F,MD,58006C25-0C2D-43E5-B9AD-26249C3ED73A,Eleven O Clock,PassengerCar,MovingConstantSpeed,Westbound,40.0,No,No,2018,HONDA,39.11832283,-77.10353167,Civic_Honda,15,2025,10,10,15,Friday,2025-10-10,41
3198,MCP220300B3,250046982,Montgomery_County_Police,Injury Crash,2025-10-19 15:10:00,Maryland_State_Route,UNIVERSITY BLVD W (WB/L),SHANANDALE DR,Rear-End (Same Direction),Tailgating,Clear,Dry,Daylight,No Control,None Detected,0E3D7A2B-CECC-478F-BAEE-0E5EF28AE5C2,MD,282A0750-9AC4-42AA-81FE-69B4AFF406F8,Twelve O Clock,PassengerCar,SlowingOrStopping,Westbound,35.0,No,No,2016,TOYOTA,39.03196367,-77.02247783,Camry_Toyota,15,2025,10,19,15,Sunday,2025-10-19,42
3199,MCP2356004Y,250045656,Montgomery_County_Police,Property Damage Crash,2025-10-10 19:46:00,Maryland_State_Route,MUNCASTER MILL RD,HIPSLEY MILL RD,Rear-End (Same Direction),Speed Related,Clear,Dry,Dark - Lighted,Traffic Signal,None Detected,B3E3EF04-9D9A-46B6-BC0D-32C8F8AF0272,MD,4A8A7896-BB8A-4433-B503-0C6E074089AB,Six O Clock,PassengerCar,SlowingOrStopping,Southbound,40.0,No,No,2012,HONDA,39.13341547,-77.12212017,Pilot_Honda,19,2025,10,10,19,Friday,2025-10-10,41
3200,EJ78980072,250045704,Gaithersburg_Police_Department,Injury Crash,2025-10-11 10:20:00,County_Route,S WESTLAND DR,S WESTLAND DR,Other,Congestion / Backup,Cloudy,Dry,Daylight,Traffic Signal,None Detected,14297B14-F437-40DB-9720-EEA2351F8793,MD,85B51769-770C-4922-A7AA-1669323FFED4,Ten O Clock,PassengerCar,StoppedInTrafficLane,East,25.0,No,No,2025,LEXUS,39.12604878,-77.18282331,RX_Lexus,10,2025,10,11,10,Saturday,2025-10-11,41
3201,MCP3230007M,250045657,Montgomery_County_Police,Property Damage Crash,2025-10-10 20:10:00,Maryland_State_Route,GEORGIA AVE,PRINCE PHILIP DR (SB/L),Angle Collision,Right-of-Way Violation,Clear,Dry,Dark - Lighted,Traffic Signal,None Detected,664FC6C6-A564-4460-9014-07A072EA60DB,MD,8B2E6268-399B-4672-A2A8-6E004756A1DE,Eleven O Clock,Van - Passenger (&lt;9 Seats),MovingConstantSpeed,North,25.0,No,No,2018,HONDA,39.1426775,-77.06756283,Odyssey_Honda,20,2025,10,10,20,Friday,2025-10-10,41
3202,MCP3360002J,250047391,Montgomery_County_Police,Property Damage Crash,2025-10-21 20:37:00,County_Route,CHRISTOPHER AVE (NB/L),LOST KNIFE RD (NB/L),Rear-End (Same Direction),Surface Condition,Clear,Dry,Dark - Lighted,Traffic Signal,None Detected,C5788115-CF7E-44BE-A177-418AE05753AD,MD,021B2390-8B26-47FF-B268-E0374A11381F,Six O Clock,PassengerCar,SlowingOrStopping,Unknown,35.0,No,No,2010,HONDA,39.158136,-77.20424583,CR-V_Honda,20,2025,10,21,20,Tuesday,2025-10-21,43
3203,MCP3162006C,250047592,Montgomery_County_Police,Injury Crash,2025-10-23 07:45:00,Maryland_State_Route,GEORGIA AVE,ARCOLA AVE,Rear-End (Same Direction),Tailgating,Clear,Dry,Daylight,Lane Use Control,None Detected,026A80C7-2DEA-4C07-86B3-C8BA0BA5DA2B,VA,C4BADDBE-9B2E-41EA-8FA7-99DC15494E3F,Six O Clock,PassengerCar,SlowingOrStopping,Northbound,35.0,No,No,2025,TOYOTA,39.00766787,-77.03979935,Camry_Toyota,7,2025,10,23,7,Thursday,2025-10-23,43
3205,MCP2717010Q,250045743,Montgomery_County_Police,Property Damage Crash,2025-10-11 16:00:00,Maryland_State_Route,CLOPPER RD,FREDERICK RD,Rear-End (Same Direction),Tailgating,Clear,Dry,Daylight,No Control,None Detected,075A9A50-2A93-4B91-91A1-705C8B00A59F,MD,0FC2680D-E250-4417-8788-2B8110FD1075,Twelve O Clock,PassengerCar,MovingConstantSpeed,Eastbound,35.0,No,No,2010,SUBARU,39.15401717,-77.25230417,Legacy_Subaru,16,2025,10,11,16,Saturday,2025-10-11,41
3206,MCP2376001K,250047588,Montgomery_County_Police,Injury Crash,2025-10-23 05:30:00,Maryland_State_Route,HALPINE RD,EXECUTIVE BLVD,Rear-End (Same Direction),Driver Inattention,Clear,Dry,Dark - Lighted,Traffic Signal,None Detected,1935B518-D397-42CF-9560-A636DD030A04,MD,3F30E06F-141B-48AE-BD2C-1F9D70E4A8F4,Twelve O Clock,Van - Passenger (&lt;9 Seats),SlowingOrStopping,Southbound,30.0,No,No,2001,TOYOTA,38.96307744,-77.10108704,Sienna_Toyota,5,2025,10,23,5,Thursday,2025-10-23,43
3207,MCP209400PW,250047927,Montgomery_County_Police,Injury Crash,2025-10-25 08:21:00,Maryland_State_Route,S FREDERICK RD,NEW HAMPSHIRE AVE,Single Vehicle,Driver Inattention,Clear,Dry,Daylight,Traffic Signal,None Detected,34D710FE-2637-49C4-9FA4-E42FD7355D11,MD,F7D0D8B2-E587-4FBF-9C5F-381D2FE0EF2E,Twelve O Clock,PassengerCar,MovingConstantSpeed,Westbound,2.5,No,No,2010,NISSAN,38.98601617,-77.08680233,Altima_Nissan,8,2025,10,25,8,Saturday,2025-10-25,43
3208,MCP289200J8,250045645,Montgomery_County_Police,Property Damage Crash,2025-10-10 18:26:00,Maryland_State_Route,GEORGIA AVE,PINEY BRANCH RD,Sideswipe (Same Direction),Passing / Turning,Clear,Dry,Daylight,Traffic Signal,None Detected,7BACD30B-1B3E-43D9-8BC8-FCBF08390651,MD,7E324F25-0518-47A4-A562-FC9118446CC8,Eleven O Clock,PassengerCar,MakingLeftTurn,Not On Roadway,30.0,No,No,2024,FORD,39.0081113,-77.0401071,F-150_Ford,18,2025,10,10,18,Friday,2025-10-10,41
3209,MCP33560039,250048125,Montgomery_County_Police,Injury Crash,2025-10-26 18:51:00,County_Route,AIRCRAFT DR,GERMANTOWN RD (SB/L),Angle Collision,Right-of-Way Violation,Clear,Dry,Dark - Lighted,Traffic Signal,Suspect Alcohol Only,6474A3BB-8B53-4941-8961-87F7E541FA4E,MD,323D9A9D-2A29-489A-9FA8-75966481F67B,One O Clock,PassengerCar,MakingLeftTurn,East,45.0,No,No,2007,HONDA,39.18217567,-77.260338,Accord_Honda,18,2025,10,26,18,Sunday,2025-10-26,43
3210,MCP3430000Y,250047116,Montgomery_County_Police,Property Damage Crash,2025-10-20 13:25:00,Maryland_State_Route,WAYNE AVE,GEORGIA AVE,Single Vehicle,Surface Condition,Clear,Dry,Daylight,Traffic Signal,None Detected,2AEBDD55-4C2D-4A08-954B-C7E974103078,MD,72DEE222-2655-4B68-BF32-473253CFC0DC,VehicleNotAtScene,PassengerCar,MovingConstantSpeed,North,30.0,No,No,2001,HONDA,38.99448269,-77.02670366,Civic_Honda,13,2025,10,20,13,Monday,2025-10-20,43
3211,MCP32080079,250044576,Montgomery_County_Police,Property Damage Crash,2025-10-03 22:30:00,County_Route,WATSON RD,COLUMBIA PIKE,Sideswipe (Same Direction),Backing Error,Clear,Dry,Dark - Lighted,No Control,None Detected,485C8413-235D-464D-9907-39D822631A03,MD,3FDB2F0F-9836-438C-9E0D-0DCA574C7DC2,Two O Clock,PassengerCar,Backing,Eastbound,25.0,No,No,2012,TOYOTA,39.00695575,-77.02375887,Camry_Toyota,22,2025,10,3,22,Friday,2025-10-03,40
3212,MCP3429001D,250047228,Montgomery_County_Police,Injury Crash,2025-10-21 07:45:00,Maryland_State_Route,LAYHILL RD,BRINK RD,Rear-End (Same Direction),Congestion / Backup,Clear,Dry,Daylight,No Control,None Detected,1FAAFC69-81E0-435A-B547-A713BA6F459D,MD,1D0F84BF-6127-492E-83A6-34DE325B9FAF,Six O Clock,PassengerCar,SlowingOrStopping,Northbound,40.0,No,No,2015,TOYOTA,39.0964355,-77.04385983,RAV4_Toyota,7,2025,10,21,7,Tuesday,2025-10-21,43
3214,MCP3263005D,250047955,Montgomery_County_Police,Injury Crash,2025-10-25 12:37:00,County_Route,WYACONDA RD,ASHLEY DR,Sideswipe (Opposite Direction),Driver Inattention,Clear,Dry,Daylight,No Control,Suspect Alcohol + Drug,20DF417F-7C7F-4F37-B27D-818FFF4EB319,MD,C056DF8B-CC3E-47F5-A0FB-EB46DFADCE01,Eleven O Clock,PassengerCar,MovingConstantSpeed,North,25.0,No,No,2014,NISSAN,39.045109,-77.09224283,Altima_Nissan,12,2025,10,25,12,Saturday,2025-10-25,43
3216,EJ79030054,250046099,Gaithersburg_Police_Department,Property Damage Crash,2025-10-14 07:00:00,Ramp_Route,RAMP 5 FR IS 270 SB TO IS 370 EB,DOVER RD,Single Vehicle,Speed Related,Rain,Wet,Dawn,No Control,None Detected,258050C5-6789-4327-8141-551FCB7D6C95,MD,B6B4DFB3-22F9-4551-AA16-34D73BD56CE9,Twelve O Clock,SingleUnitTruck,MovingConstantSpeed,Eastbound,15.0,No,No,2016,FORD,39.11925745,-77.19762167,Explorer_Ford,7,2025,10,14,7,Tuesday,2025-10-14,42
3217,DD55940039,250046049,Rockville_Police_Department,Property Damage Crash,2025-10-13 18:18:00,Maryland_State_Route,NORBECK RD (WB/L),CENTERWAY RD CENTERWAY RD (WB/L),Rear-End (Same Direction),Lane Violation,Rain,Wet,Dark - Lighted,Traffic Signal,None Detected,9F54C37E-AEC5-4E16-AAB0-446035D3F17D,MD,3D3DA7B7-33BC-4226-A42B-5561688EC5C0,Four O Clock,SportUtilityVehicle,ChangingLanes,Westbound,35.0,No,No,2023,HONDA,39.09061982,-77.12820824,CR-V_Honda,18,2025,10,13,18,Monday,2025-10-13,42
3218,DM84940046,250045444,Takoma_Park_Police_Department,Injury Crash,2025-10-09 16:10:00,Maryland_State_Route,NEW HAMPSHIRE AVE (SB/L),ETHAN ALLEN AVE (WB/L),Sideswipe (Same Direction),Passing / Turning,Clear,Dry,Daylight,Flashing Traffic Signal,None Detected,7065D369-257E-4EAF-80CA-6CE24B0EBECA,MD,4D03019D-F5DC-44FA-9B7A-C953BFC0C903,One O Clock,PassengerCar,ChangingLanes,Not On Roadway,25.0,No,No,2020,KIA,38.97534847,-76.99429861,Rio_Kia,16,2025,10,9,16,Thursday,2025-10-09,41
3220,DM84940046,250045444,Takoma_Park_Police_Department,Injury Crash,2025-10-09 16:10:00,Maryland_State_Route,NEW HAMPSHIRE AVE (SB/L),ETHAN ALLEN AVE (WB/L),Sideswipe (Same Direction),Surface Condition,Clear,Dry,Daylight,Flashing Traffic Signal,None Detected,F0E375FC-6E31-4483-96E4-DD507B57BD8E,VA,1087B00D-4EC7-43FD-AA9D-DF1FA0BFD2A3,Eleven O Clock,TruckTractor,MovingConstantSpeed,East,25.0,No,No,2000,PORSCHE,38.97534847,-76.99429861,Cayenne_Porsche,16,2025,10,9,16,Thursday,2025-10-09,41
3221,MCP3074006W,250047884,Montgomery_County_Police,Property Damage Crash,2025-10-24 20:22:00,County_Route,SEMINARY PL,GEORGIA AVE GEORGIA AVE (SB/L),Rear-End (Same Direction),Surface Condition,Clear,Dry,Dark - Lighted,Traffic Signal,None Detected,55B7F5F5-AC8D-435C-962E-8A4F25C40939,MD,024443CE-7C70-4FDC-BB6E-7B6EC48ED5B8,Six O Clock,PassengerCar,SlowingOrStopping,North,30.0,No,No,2015,LEXUS,39.00962994,-77.04055539,RX 350_Lexus,20,2025,10,24,20,Friday,2025-10-24,43
3222,DM8490003L,250045480,Takoma_Park_Police_Department,Injury Crash,2025-10-09 19:47:00,Maryland_State_Route,UNIVERSITY BLVD,FREDERICK RD,Sideswipe (Same Direction),Lane Violation,Clear,Dry,Dark - Lighted,No Control,None Detected,52E45ADE-224E-48BA-B122-CFA5FA4630B6,MD,4E95249C-36CF-43F2-8C57-5A4FFDC27C33,Ten O Clock,PassengerCar,MovingConstantSpeed,Eastbound,25.0,No,No,2010,MAZDA,38.98717173,-76.98508264,Mazda3_Mazda,19,2025,10,9,19,Thursday,2025-10-09,41
3223,MCP3335003T,250048492,Montgomery_County_Police,Property Damage Crash,2025-10-28 21:46:00,Maryland_State_Route,UNIVERSITY BLVD E (WB/L),MARYLAND AVE,Single Vehicle,Lane Violation,Clear,Dry,Dark - Lighted,Traffic Signal,None Detected,D7830EDC-7164-4FE2-B5CF-CF29AB8E1CDF,MD,6085B158-9709-440D-91C5-FA4ED20F2C2A,Twelve O Clock,PassengerCar,MovingConstantSpeed,Westbound,35.0,No,No,2012,HONDA,39.01444217,-77.0042115,Odyssey_Honda,21,2025,10,28,21,Tuesday,2025-10-28,44
3224,MCP2603006Z,250044811,Montgomery_County_Police,Injury Crash,2025-10-05 15:34:00,Maryland_State_Route,DARNESTOWN RD (WB/L),PURCHASE ST,Single Vehicle,Right-of-Way Violation,Clear,Dry,Daylight,No Control,None Detected,2D806A7A-A67E-41EC-99A5-15E82721A363,MD,00DD6519-E0E7-40CA-83F7-99ABD85197DA,VehicleNotAtScene,PassengerCar,MakingRightTurn,Unknown,35.0,No,No,2015,INFINITI,39.1177309,-77.25183801,Q50_Infiniti,15,2025,10,5,15,Sunday,2025-10-05,40
3225,MCP3094006Q,250046204,Montgomery_County_Police,Property Damage Crash,2025-10-14 15:29:00,Maryland_State_Route,SHADY GROVE RD,RIDGEMONT AVE,Angle Collision,Right-of-Way Violation,Cloudy,Dry,Daylight,Stop Sign,None Detected,E72981D5-90A1-414A-96A7-D536C4D25F17,MD,86076E61-CBEE-4047-B074-0D46F699C622,Twelve O Clock,PassengerCar,MakingLeftTurn,Northbound,25.0,No,No,2021,SUBARU,39.1573874,-77.16324269,Crosstrek_Subaru,15,2025,10,14,15,Tuesday,2025-10-14,42
3226,MCP33720045,250048096,Montgomery_County_Police,Property Damage Crash,2025-10-26 15:44:00,Maryland_State_Route,VEIRS MILL RD,PIKE CENTER SC ENT ROCKVILLE PIKE,Sideswipe (Same Direction),Lane Violation,Clear,Dry,Daylight,No Control,None Detected,D9927C61-4C8B-45F3-9E0D-53243E8F3388,DC,5F90B0EE-E8B2-4834-BCC1-46ECA40F347C,Eleven O Clock,TransitBus,MovingConstantSpeed,Southbound,35.0,No,No,2011,TOYOTA,39.0733485,-77.11192306,Camry_Toyota,15,2025,10,26,15,Sunday,2025-10-26,43
3227,MCP24500060,250045614,Montgomery_County_Police,Property Damage Crash,2025-10-10 16:00:00,Municipality_Route,MARKET ST,EMORY CHURCH RD,Angle Collision,Road Obstruction,Clear,Dry,Daylight,No Control,None Detected,919474BC-8FD3-42EB-94D4-DD7336CC412E,MD,E7643D1C-E2F5-48BF-A544-CFB127AB6A92,Twelve O Clock,PassengerCar,Parked,South,25.0,No,Yes,2017,HONDA,39.12258851,-77.23493237,Civic_Honda,16,2025,10,10,16,Friday,2025-10-10,41
3228,MCP26780062,250045529,Montgomery_County_Police,Property Damage Crash,2025-10-10 07:22:00,US_State_Route,MONTROSE RD,SEVEN LOCKS RD,Angle Collision,Passing / Turning,Clear,Dry,Daylight,Traffic Signal,None Detected,F1F18EB9-1D26-48AC-B1CD-1DDC0F504C7B,DC,F8B0D474-DE76-4E7A-849D-9E282275A82C,Four O Clock,TransitBus,Passing,Not On Roadway,2.5,No,No,2023,MERCEDES-BENZ,39.03762333,-77.05095841,C300_Mercedes-Benz,7,2025,10,10,7,Friday,2025-10-10,41
3229,MCP2376001K,250047588,Montgomery_County_Police,Injury Crash,2025-10-23 05:30:00,Maryland_State_Route,GEORGIA AVE,APPLE RIDGE RD,Rear-End (Same Direction),Driver Inattention,Clear,Dry,Dark - Lighted,Traffic Signal,None Detected,9ABB8343-CEAD-494B-9F3D-1E49C2A7974D,MD,FD7746C4-BBDC-460B-BBF9-FD76855C7718,Six O Clock,PassengerCar,StoppedInTrafficLane,Southbound,30.0,No,No,2016,TOYOTA,38.96307744,-77.10108704,Prius v_Toyota,5,2025,10,23,5,Thursday,2025-10-23,43
3230,MCP320000GP,250045178,Montgomery_County_Police,Injury Crash,2025-10-08 07:20:00,Maryland_State_Route,RIVER RD,FALCON ST,Rear-End (Same Direction),Speed Related,Rain,Wet,Daylight,Traffic Signal,None Detected,7298E18B-6010-4937-8714-50D26C26AE94,MD,C075AB56-059E-480D-9DC0-F92EF1E21053,Twelve O Clock,PickupTruck,MovingConstantSpeed,Eastbound,35.0,No,No,2024,GMC,38.98397787,-77.13832733,Canyon_GMC,7,2025,10,8,7,Wednesday,2025-10-08,41
3231,MCP296200BN,250044425,Montgomery_County_Police,Injury Crash,2025-10-03 08:59:00,Private_Route,UNIVERSITY BLVD E,FOREST BROOK RD,Sideswipe (Same Direction),Lane Violation,Clear,Dry,Daylight,No Control,None Detected,C2775F08-9FEC-41CE-870D-157028E21F8E,MD,FEA9AEC6-5F4B-4C7C-9547-5993CD100F44,One O Clock,PassengerCar,MovingConstantSpeed,Southbound,25.0,No,No,2021,TOYOTA,39.16701167,-77.25183317,RAV4_Toyota,8,2025,10,3,8,Friday,2025-10-03,40
3232,MCP30390082,250047860,Montgomery_County_Police,Property Damage Crash,2025-10-24 17:00:00,Maryland_State_Route,EAST WEST HWY (WB/L),NEWTON ST,Angle Collision,Right-of-Way Violation,Clear,Dry,Daylight,No Control,None Detected,8E465BFC-3094-48E2-AA88-00800073C598,MD,120CB22F-0961-4E22-B816-E5CD55EF5F12,Twelve O Clock,PassengerCar,EnteringTrafficLane,Westbound,30.0,No,No,1998,BMW,38.99462379,-77.03629605,5 Series_BMW,17,2025,10,24,17,Friday,2025-10-24,43
3233,DD57060009,250048252,Rockville_Police_Department,Property Damage Crash,2025-10-27 15:05:00,Municipality_Route,FLEET ST,MATENY ROAD,Sideswipe (Same Direction),Lane Violation,Clear,Dry,Daylight,No Control,None Detected,D229E896-2857-4201-84D6-806528287382,MD,759E5F86-CC9A-445C-BCA6-676ACC3289B0,VehicleNotAtScene,PassengerCar,ChangingLanes,Southbound,30.0,No,No,2018,TOYOTA,39.08080712,-77.15023575,Tundra_Toyota,15,2025,10,27,15,Monday,2025-10-27,44
3234,MCP3430000X,250046842,Montgomery_County_Police,Property Damage Crash,2025-10-18 11:49:00,County_Route,WAYNE AVE,E MELBOURNE AVE,Rear-End (Same Direction),Tailgating,Clear,Dry,Daylight,Traffic Signal,None Detected,FECA09FB-F297-4F26-AE58-0891650C90B4,MD,3A6B19E2-C671-4113-8082-858CEAD71B29,Twelve O Clock,PassengerCar,StoppedInTrafficLane,Eastbound,30.0,No,No,2025,MINI,38.99449991,-77.02694387,Countryman_Mini,11,2025,10,18,11,Saturday,2025-10-18,42
3235,MCP2743001Q,250047735,Montgomery_County_Police,Property Damage Crash,2025-10-23 22:27:00,County_Route,ROCKLEDGE DR (SB/L),ROCKLEDGE BLVD (SB/L),Angle Collision,Right-of-Way Violation,Clear,Dry,Dark - Lighted,Flashing Traffic Signal,None Detected,D637A9BA-B143-4505-ABC4-05134FC6AAFF,MD,5970C55A-9255-48AE-AB37-9C9694F80E21,Ten O Clock,SportUtilityVehicle,MakingLeftTurn,South,30.0,No,No,2020,FORD,39.0297854,-77.13236426,F-150_Ford,22,2025,10,23,22,Thursday,2025-10-23,43