Unnamed: 0,Report Number,Local Case Number,Agency Name,ACRS Report Type,Crash Date/Time,Route Type,Road Name,Cross-Street Name,Collision Type,Circumstance_Category,Weather,Surface Condition,Light,Traffic Control,Driver Substance Abuse,Person ID,Drivers License State,Vehicle ID,Vehicle First Impact Location,Vehicle Body Type,Vehicle Movement,Vehicle Going Dir,Speed Limit,Driverless Vehicle,Parked Vehicle,Vehicle Year,Vehicle Make,Latitude,Longitude,Vehicle Model,hour,Crash_year,Crash_month,Crash_day,Crash_hour,Crash_day_name,Crash_date,Crash_week
3236,MCP2816004T,250047781,Montgomery_County_Police,Property Damage Crash,2025-10-24 10:12:00,Maryland_State_Route,VEIRS MILL RD,MONTGOMERY AVE,Angle Collision,Right-of-Way Violation,Clear,Dry,Daylight,Traffic Signal,None Detected,A0D274FA-A75F-4DF8-B1F7-A9F2796D5CE1,MD,C8E8081E-1F70-436D-9610-80B3330C93A6,Eleven O Clock,PassengerCar,MakingRightTurn,Not On Roadway,2.5,No,No,2013,CHEVROLET,39.10026833,-77.13941833,Express_Chevrolet,10,2025,10,24,10,Friday,2025-10-24,43
3237,MCP3376002M,250044365,Montgomery_County_Police,Property Damage Crash,2025-10-02 18:42:00,Maryland_State_Route,GEORGIA AVE,LAYHILL RD (SB/L),Head-On,Lane Violation,Clear,Dry,Dark - Lighted,Traffic Signal,None Detected,6857737E-E9F1-44FA-A7C1-FF48B4DFEC2C,MD,ED0A926F-EEA0-4A4A-A7A3-92917F6429EA,Twelve O Clock,SportUtilityVehicle,MovingConstantSpeed,Northbound,35.0,No,No,2015,HONDA,39.06024733,-77.05105825,CR-V_Honda,18,2025,10,2,18,Thursday,2025-10-02,40
3238,MCP2203009Z,250045930,Montgomery_County_Police,Injury Crash,2025-10-13 08:30:00,County_Route,KENBROOK DR,APARTMENT CUT THRU CUT ARCOLA AVE,Angle Collision,Right-of-Way Violation,Cloudy,Dry,Daylight,Stop Sign,None Detected,1991A2C3-42FE-4CA4-B721-E0DF9A67AA1C,MD,DFA28F14-1DDD-4D2A-B540-9519FAB55D13,Eleven O Clock,PassengerCar,MakingLeftTurn,North,25.0,No,No,2014,KIA,39.03916793,-77.02777766,Optima_Kia,8,2025,10,13,8,Monday,2025-10-13,42
3239,MCP2932009G,250047419,Montgomery_County_Police,Property Damage Crash,2025-10-22 04:45:00,Maryland_State_Route,NEW HAMPSHIRE AVE,OBSERVATION DR,Sideswipe (Same Direction),Driver Inattention,Clear,Wet,Dark - Lighted,No Control,None Detected,94B08E1F-52EA-4CAB-B0A0-94FD41E6A412,VA,222FB5E1-CCE7-49E3-A914-FCE4798BC062,Three O Clock,PassengerCar,ChangingLanes,Southbound,35.0,No,No,2009,CHEVROLET,39.01558173,-76.97765333,Silverado_Chevrolet,4,2025,10,22,4,Wednesday,2025-10-22,43
3240,MCP3430000V,250045580,Montgomery_County_Police,Property Damage Crash,2025-10-10 13:00:00,Maryland_State_Route,GEORGIA AVE (SB/L),NEW HAMPSHIRE AVE,Sideswipe (Same Direction),Lane Violation,Clear,Dry,Daylight,No Control,None Detected,88FECADE-ED93-4CF8-9CFF-A4BC845F23A3,MD,96318A99-0479-4551-9C15-7888D0F5E3EB,VehicleNotAtScene,PassengerCar,ChangingLanes,Southbound,30.0,No,No,2023,TOYOTA,38.99910684,-77.03139083,Corolla_Toyota,13,2025,10,10,13,Friday,2025-10-10,41
3241,MCP320000GQ,250045360,Montgomery_County_Police,Injury Crash,2025-10-09 09:30:00,Interstate_Route,CAPITAL BELTWAY,MILESTONE CENTER CT,Rear-End (Same Direction),Congestion / Backup,Clear,Dry,Daylight,No Control,None Detected,2806E2A7-8701-492D-8600-0888771E45BA,MD,FAAAD783-0EBF-4B95-BF8E-DCD9114A6FE0,Six O Clock,SportUtilityVehicle,SlowingOrStopping,Eastbound,55.0,No,No,2015,TOYOTA,39.00656721,-77.06895563,Camry_Toyota,9,2025,10,9,9,Thursday,2025-10-09,41
3243,MCP2932009G,250047419,Montgomery_County_Police,Property Damage Crash,2025-10-22 04:45:00,Maryland_State_Route,NEW HAMPSHIRE AVE,MIDDLEBROOK RD,Sideswipe (Same Direction),Lane Violation,Clear,Wet,Dark - Lighted,No Control,None Detected,1CDEC801-C229-43ED-8DBB-90260839F36F,MD,EA0B5539-B950-465B-9DA0-16C7085EB37C,Ten O Clock,PassengerCar,MovingConstantSpeed,Northbound,35.0,No,No,2014,HONDA,39.01558173,-76.97765333,Civic_Honda,4,2025,10,22,4,Wednesday,2025-10-22,43
3244,EJ7884007D,250045497,Gaithersburg_Police_Department,Property Damage Crash,2025-10-09 21:02:00,County_Route,ODENDHAL AVE (EB/L),CONTOUR RD,Angle Collision,Right-of-Way Violation,Clear,Dry,Dark - Unknown Lighting,Traffic Signal,None Detected,B5E2063C-C4A7-4C6E-B2D6-415306A16613,MD,20E58FD8-84F5-4616-94F8-A791920CA555,Three O Clock,SportUtilityVehicle,StoppedInTrafficLane,Eastbound,30.0,No,No,2023,TOYOTA,39.152223,-77.19603363,RAV4_Toyota,21,2025,10,9,21,Thursday,2025-10-09,41
3245,MCP3329004S,250045072,Montgomery_County_Police,Property Damage Crash,2025-10-07 13:30:00,Interstate_Route,CAPITAL BELTWAY,CROSSOVER,Other,Congestion / Backup,Clear,Dry,Daylight,No Control,None Detected,D66C666D-AE9E-4161-A3A3-F4CB1E83AF87,MD,A493F3C3-2755-4895-8E9C-07C754EB61A0,Three O Clock,PassengerCar,MovingConstantSpeed,Eastbound,55.0,No,No,2018,NISSAN,39.0055125,-77.07601533,Altima_Nissan,13,2025,10,7,13,Tuesday,2025-10-07,41
3246,MCP30390083,250047849,Montgomery_County_Police,Injury Crash,2025-10-24 16:03:00,Local_Route,SILVER SPRING AVE,CHELTENHAM DR,Single Vehicle,Right-of-Way Violation,Clear,Dry,Daylight,No Control,None Detected,1188B3D9-507B-4B51-AA32-B30576D46B18,MD,BBACD722-9179-4ABF-A6C6-534ED3DB21AA,Twelve O Clock,PassengerCar,MovingConstantSpeed,Eastbound,30.0,No,No,2000,HONDA,38.99157131,-77.02671856,Accord_Honda,16,2025,10,24,16,Friday,2025-10-24,43
3248,MCP3019005W,250047517,Montgomery_County_Police,Property Damage Crash,2025-10-22 14:50:00,Maryland_State_Route,POWDER MILL RD,MONTGOMERY VILLAGE AVE,Sideswipe (Opposite Direction),Passing / Turning,Clear,Dry,Daylight,No Control,None Detected,476E8ED3-1E7A-4F2A-B16F-78F5C31D6C24,MD,3DE7807D-D29F-45DD-ABA4-F6460119EDDE,Eleven O Clock,PassengerCar,MakingRightTurn,Not On Roadway,2.5,No,No,2015,VOLKSWAGEN,38.98251404,-77.09726969,Passat_Volkswagen,14,2025,10,22,14,Wednesday,2025-10-22,43
3249,MCP3071002L,250045520,Montgomery_County_Police,Property Damage Crash,2025-10-10 01:08:00,County_Route,LEWISDALE RD,WASHINGTONIAN BLVD,Rear-End (Same Direction),Driver Inattention,Clear,Dry,Dark - Not Lighted,No Control,None Detected,D5432FC9-BABF-4C5C-8F3C-80DA1A231BAA,MD,C52E1A61-135F-4EC9-905A-0DA50F6F3B86,One O Clock,PassengerCar,MovingConstantSpeed,Eastbound,40.0,No,No,2014,TOYOTA,39.28813033,-77.28939883,Corolla_Toyota,1,2025,10,10,1,Friday,2025-10-10,41
3250,MCP31930072,250047371,Montgomery_County_Police,Property Damage Crash,2025-10-21 19:20:00,County_Route,COLESVILLE RD,OAKMONT AVE,Single Vehicle,Backing Error,Clear,Dry,Dark - Lighted,Other,None Detected,74883BF9-B0FB-4A7C-B8F5-248720EF3362,MD,F394D87C-5292-4E89-AEF5-C7E6652BADFB,RoofTop,OtherTruck,Backing,Not On Roadway,2.5,No,No,2015,TOYOTA,39.04690457,-77.05158271,Camry_Toyota,19,2025,10,21,19,Tuesday,2025-10-21,43
3251,MCP2760007P,250048006,Montgomery_County_Police,Property Damage Crash,2025-10-25 19:38:00,Private_Route,N ADAMS ST,HARMONY HALL RD MUDDY BRANCH RD (SB/L),Angle Collision,Right-of-Way Violation,Clear,Dry,Dark - Lighted,Traffic Signal,None Detected,0282E807-553B-4273-9639-6E801F699C13,MD,9B1A444C-8548-4C7C-A21B-C59D8B3F4B40,Four O Clock,SportUtilityVehicle,MakingLeftTurn,Southbound,35.0,No,No,2019,TOYOTA,39.13669998,-77.20577572,RAV4_Toyota,19,2025,10,25,19,Saturday,2025-10-25,43
3252,DD5663002H,250047841,Rockville_Police_Department,Injury Crash,2025-10-24 15:18:00,Municipality_Route,TOWER OAKS BLVD,NO NAME,Angle Collision,Right-of-Way Violation,Clear,Dry,Daylight,No Control,None Detected,82F9B805-126A-4670-BF35-46FE84018379,MD,3FA4B1F1-58ED-450F-83F1-5FFA00C25AD3,Three O Clock,PassengerCar,MovingConstantSpeed,Northbound,25.0,No,No,2021,BMW,39.05714052,-77.15055051,3 Series_BMW,15,2025,10,24,15,Friday,2025-10-24,43
3253,MCP34110033,250047348,Montgomery_County_Police,Property Damage Crash,2025-10-21 16:48:00,County_Route,DURHAM DR,WEXFORD DR,Sideswipe (Same Direction),Lane Violation,Clear,Dry,Daylight,No Control,None Detected,BBAF15A1-F410-42A1-8D9D-EE586284B635,MD,0B96D280-4B45-4888-89CC-0D5E9197E776,One O Clock,SchoolBus,MovingConstantSpeed,Northbound,25.0,No,No,2015,NISSAN,39.00136305,-77.19065139,Altima_Nissan,16,2025,10,21,16,Tuesday,2025-10-21,43
3254,MCP33190042,250045540,Montgomery_County_Police,Property Damage Crash,2025-10-10 09:00:00,County_Route,BLAIR RD,MEDICAL CENTER DR,Sideswipe (Opposite Direction),Lane Violation,Clear,Dry,Daylight,No Control,None Detected,D3C76E5D-835B-443D-A8DF-E8A1BD9EAA3C,MD,35702239-5866-4FA6-BC09-2DD6E9F230B2,VehicleNotAtScene,PassengerCar,MovingConstantSpeed,Eastbound,30.0,No,No,2009,HYUNDAI,38.98375985,-77.02426102,Elantra_Hyundai,9,2025,10,10,9,Friday,2025-10-10,41
3255,MCP33720045,250048096,Montgomery_County_Police,Property Damage Crash,2025-10-26 15:44:00,Maryland_State_Route,VEIRS MILL RD,VALLEYWOOD DR,Sideswipe (Same Direction),Lane Violation,Clear,Dry,Daylight,No Control,None Detected,884CBAB5-3FC2-4207-B78E-72E1FB205820,MD,FAC80485-EBB9-4814-B0FB-3C6B5312BEAE,One O Clock,PassengerCar,MovingConstantSpeed,Southbound,35.0,No,No,2010,FORD,39.0733485,-77.11192306,E-Series_Ford,15,2025,10,26,15,Sunday,2025-10-26,43
3257,DD56810010,250045288,Rockville_Police_Department,Property Damage Crash,2025-10-08 17:45:00,Maryland_State_Route,ROCKVILLE PIKE (SB/L),VEIRS MILL RD (WB/L),Angle Collision,Road Obstruction,Clear,Dry,Daylight,Traffic Signal,None Detected,AF1D4147-BD51-44C8-BF51-1A66A0DB5FC5,MD,BCE94D6C-92D8-4AC3-8E50-B3D01F2E6F88,VehicleNotAtScene,PassengerCar,MakingUTurn,South,30.0,No,No,2008,FORD,39.08151176,-77.14618715,F-150_Ford,17,2025,10,8,17,Wednesday,2025-10-08,41
3258,MCP320000GV,250047934,Montgomery_County_Police,Injury Crash,2025-10-25 09:57:00,County_Route,DEMOCRACY BLVD,GREEN VILLAGE DR,Sideswipe (Same Direction),Lane Violation,Clear,Dry,Daylight,No Control,None Detected,7ACA7B9B-A8F2-4BA0-A9E1-38DF3C1742BE,MD,3A3900AA-3964-402A-9F03-0AE218A7AA5B,Four O Clock,SportUtilityVehicle,ChangingLanes,Westbound,35.0,No,No,2021,LEXUS,39.02156474,-77.13792349,RX 350_Lexus,9,2025,10,25,9,Saturday,2025-10-25,43
3260,MCP308600C8,250045934,Montgomery_County_Police,Injury Crash,2025-10-13 09:58:00,County_Route,FLOWER HILL WAY,WAYNE AVE,Angle Collision,Right-of-Way Violation,Cloudy,Dry,Daylight,Stop Sign,None Detected,31966B66-18F4-4082-9C95-C52B2EDCA97C,MD,F8070686-36E4-4256-B888-9BE56164F0D2,Three O Clock,PassengerCar,MovingConstantSpeed,Southbound,25.0,No,No,2011,TOYOTA,39.15536633,-77.16452775,Avalon_Toyota,9,2025,10,13,9,Monday,2025-10-13,42
3261,EJ78880087,250047367,Gaithersburg_Police_Department,Property Damage Crash,2025-10-21 18:55:00,Municipality_Route,E DIAMOND AVE,COLUMBIA PIKE,Other,Lane Violation,Clear,Dry,Dark - Lighted,No Control,Suspect Alcohol Only,1A27D7C3-AB78-4480-A227-B1FBF78A9D00,MD,DD0BED28-147B-420D-B754-61741A564037,Eleven O Clock,PickupTruck,MovingConstantSpeed,Westbound,30.0,No,No,2000,CHEVROLET,39.141818,-77.195451,Silverado_Chevrolet,18,2025,10,21,18,Tuesday,2025-10-21,43
3262,MCP311100BF,250047789,Montgomery_County_Police,Property Damage Crash,2025-10-24 10:54:00,County_Route,BOU AVE,ROCKVILLE PIKE,Sideswipe (Same Direction),Surface Condition,Clear,Dry,Daylight,Traffic Signal,None Detected,EA03A4B4-3D99-4541-9D05-C66D071EDFE9,MD,1642DA77-84B5-4D42-A256-B685A3233DF9,VehicleNotAtScene,PassengerCar,MakingLeftTurn,East,25.0,No,No,2016,TOYOTA,39.05618216,-77.11912208,Camry_Toyota,10,2025,10,24,10,Friday,2025-10-24,43
3263,MCP2159003S,250047633,Montgomery_County_Police,Injury Crash,2025-10-23 12:29:00,Maryland_State_Route,RIDGE RD (SB/L),KINGS VALLEY RD,Rear-End (Same Direction),Congestion / Backup,Clear,Dry,Daylight,Traffic Signal,None Detected,82ADDC7A-B4E1-49E7-AFC7-008B7EBD261E,MD,E064C772-F797-456C-B6E4-FA788271B5DB,Six O Clock,PassengerCar,StoppedInTrafficLane,Southbound,40.0,No,No,2018,TOYOTA,39.25323264,-77.22966418,Prius Prime_Toyota,12,2025,10,23,12,Thursday,2025-10-23,43
3264,MCP3312006W,250048164,Montgomery_County_Police,Property Damage Crash,2025-10-27 08:45:00,Bicycle_Route,FREDERICK RD,BRIGGS CHANEY RD,Rear-End (Same Direction),Tailgating,Clear,Dry,Daylight,Traffic Signal,None Detected,039BAB0C-DA8C-4E10-8779-672B1F84BB2E,MD,99BDA942-738B-4846-BAF0-5B94800A45E8,Six O Clock,SchoolBus,StoppedInTrafficLane,Westbound,40.0,No,No,2016,HONDA,39.07947686,-76.9453054,Civic_Honda,8,2025,10,27,8,Monday,2025-10-27,44
3265,DM8514002L,250045595,Takoma_Park_Police_Department,Property Damage Crash,2025-10-10 14:54:00,Municipality_Route,DAVIS AVE,GEORGIA AVE,Sideswipe (Opposite Direction),Tailgating,Clear,Dry,Daylight,No Control,None Detected,12F7E252-076B-4695-ACF0-EB3FC47D2028,DC,C0651770-9269-4421-99D9-FA6BF77C347B,Ten O Clock,VanPassenger9to12,MovingConstantSpeed,Eastbound,15.0,No,No,2018,HONDA,38.98415685,-76.99754181,Civic_Honda,14,2025,10,10,14,Friday,2025-10-10,41
3266,MCP32320071,250044167,Montgomery_County_Police,Injury Crash,2025-10-01 14:43:00,Bicycle_Route,COLESVILLE RD,OLD VIC BLVD,Rear-End (Same Direction),Right-of-Way Violation,Clear,Dry,Daylight,Traffic Signal,None Detected,B52F9D76-9D12-45D7-A363-B4394D23BC9A,MD,9BE07178-F396-4103-A315-C074CCECEC9D,Five O Clock,SportUtilityVehicle,MakingUTurn,North,35.0,No,No,2020,LEXUS,39.14490433,-77.0472895,RX_Lexus,14,2025,10,1,14,Wednesday,2025-10-01,40
3267,MCP32710068,250045593,Montgomery_County_Police,Property Damage Crash,2025-10-10 14:46:00,County_Route,MONTROSE AVE,RAMP 3 FR MD 190 EB TO RAMP 2 (TO IS495),Rear-End (Same Direction),Backing Error,Clear,Dry,Daylight,No Control,None Detected,552C5D52-1933-4EB9-B83A-AEC92854F582,MD,226252D9-51B6-40C0-8181-BEAEA077B87B,Seven O Clock,PickupTruck,Backing,Northbound,25.0,No,No,2014,HONDA,39.02549897,-77.10095679,Civic_Honda,14,2025,10,10,14,Friday,2025-10-10,41
3269,MCP299100BR,250045922,Montgomery_County_Police,Injury Crash,2025-10-13 08:00:00,County_Route,GOLD MINE RD,NEW HAMPSHIRE AVE,Angle Collision,Weather Related,Rain,Wet,Daylight,Stop Sign,None Detected,4EB7286C-FCAF-43E1-8B7D-C49D465F66D5,MD,7F0AA484-DC6B-47DA-A9E5-43854F054F89,Eleven O Clock,PassengerCar,MakingLeftTurn,North,20.0,No,No,2010,HONDA,39.17914624,-77.02698654,Accord_Honda,8,2025,10,13,8,Monday,2025-10-13,42
3270,MCP2107006X,250047425,Montgomery_County_Police,Injury Crash,2025-10-22 06:44:00,Maryland_State_Route,RIDGE RD,GARLAND AVE,Sideswipe (Same Direction),Weather Related,Clear,Wet,Dawn,No Control,None Detected,EABB1BC7-030B-40B5-8E8E-085354476D43,MD,81C5F293-B5AF-477A-898E-21A9B9025D6A,Ten O Clock,PassengerCar,StoppedInTrafficLane,Southbound,30.0,No,No,2016,CHEVROLET,39.30521045,-77.19762611,Malibu_Chevrolet,6,2025,10,22,6,Wednesday,2025-10-22,43
3271,MCP30900094,250047694,Montgomery_County_Police,Property Damage Crash,2025-10-23 17:41:00,Maryland_State_Route,MUNCASTER MILL RD,OLDE MILL RUN (NB/L),Angle Collision,Road Obstruction,Clear,Dry,Daylight,No Control,None Detected,30E06E48-ACD5-4024-9C18-698755F802DB,MD,ACE2239F-BC89-4566-907C-7D35F3E334F3,Twelve O Clock,PickupTruck,MovingConstantSpeed,North,40.0,No,No,2016,CHEVROLET,39.13994367,-77.13425517,Colorado_Chevrolet,17,2025,10,23,17,Thursday,2025-10-23,43
3272,MCP311100BF,250047789,Montgomery_County_Police,Property Damage Crash,2025-10-24 10:54:00,County_Route,BOU AVE,ROCKVILLE PIKE,Sideswipe (Same Direction),Surface Condition,Clear,Dry,Daylight,Traffic Signal,None Detected,7313F8D3-7A59-4465-96BA-E4CDE5AD87BA,MD,5428681C-067E-4859-B7F7-100C88A4A3D1,Eight O Clock,PassengerCar,MakingLeftTurn,South,25.0,No,No,2017,MERCEDES-BENZ,39.05618216,-77.11912208,C300_Mercedes-Benz,10,2025,10,24,10,Friday,2025-10-24,43
3273,MCP33200042,250045433,Montgomery_County_Police,Injury Crash,2025-10-09 15:50:00,County_Route,BALLARD ST,GEORGIA AVE,Rear-End (Same Direction),Tailgating,Clear,Dry,Daylight,No Control,None Detected,274D92A4-657A-4156-B4B3-CECDB16118D8,MD,41CA6340-B378-4B5F-8D90-A57CAF4454C6,Six O Clock,PickupTruck,SlowingOrStopping,Northbound,30.0,No,No,2021,FORD,39.00082283,-77.03319183,F-150_Ford,15,2025,10,9,15,Thursday,2025-10-09,41
3274,MCP913000LD,250044421,Montgomery_County_Police,Property Damage Crash,2025-10-03 08:27:00,Maryland_State_Route,UNIVERSITY BLVD E,ASPEN ST,Rear-End (Same Direction),Tailgating,Clear,Dry,Daylight,Traffic Signal,None Detected,03ADA3B4-5FE7-47CD-AFE6-E91111B97B81,MD,68AB9211-AEA2-4722-BED6-C4DFB8A3F923,Six O Clock,SportUtilityVehicle,SlowingOrStopping,Eastbound,40.0,No,No,2013,FORD,38.9997554,-76.99550623,F-150_Ford,8,2025,10,3,8,Friday,2025-10-03,40
3275,MCP3426002W,250047975,Montgomery_County_Police,Property Damage Crash,2025-10-25 15:50:00,County_Route,RANDOLPH RD,LINTHICUM ST,Angle Collision,Lane Violation,Clear,Dry,Daylight,No Control,None Detected,C43B65D6-AC59-409C-ADE9-C2B4ACA16643,VA,4DA2BB2E-5968-40D9-9218-90282AC2B86D,Three O Clock,PassengerCar,Passing,Northbound,35.0,No,No,2023,BMW,38.98193095,-77.22613753,3 Series_BMW,15,2025,10,25,15,Saturday,2025-10-25,43
3276,MCP2738005T,250044702,Montgomery_County_Police,Property Damage Crash,2025-10-04 22:10:00,Spur_Route,COLUMBIA PIKE,COLUMBIA PIKE,Rear-End (Same Direction),Congestion / Backup,Clear,Dry,Dark - Lighted,Traffic Signal,None Detected,E5678D5A-97C0-44E1-BB21-45D25D237691,MD,53012428-4122-42AD-AF1E-A96D61C74F5C,Six O Clock,PassengerCar,StoppedInTrafficLane,Northbound,55.0,No,No,2015,FORD,39.0727705,-76.95581933,Escape_Ford,22,2025,10,4,22,Saturday,2025-10-04,40
3277,MCP284500B0,250044863,Montgomery_County_Police,Property Damage Crash,2025-10-06 08:24:00,US_State_Route,COLESVILLE RD (SB/L),LA GRANDE RD,Sideswipe (Same Direction),Congestion / Backup,Clear,Dry,Daylight,Traffic Signal,None Detected,0DA91296-5501-4E5D-9BB4-2F98F2F5FBCB,MD,DD0C2879-869A-48A4-8140-C4B4D7CD0FA8,Seven O Clock,PickupTruck,StoppedInTrafficLane,Southbound,40.0,No,No,2018,FORD,39.02160181,-77.0120743,F-150_Ford,8,2025,10,6,8,Monday,2025-10-06,41
3278,MCP2760007P,250048006,Montgomery_County_Police,Property Damage Crash,2025-10-25 19:38:00,Private_Route,EAST WEST HWY,HARMONY HALL RD MUDDY BRANCH RD (SB/L),Angle Collision,Congestion / Backup,Clear,Dry,Dark - Lighted,Traffic Signal,None Detected,DBA21799-A42F-497B-8FAA-4AD106543328,MD,B03E8027-0B67-438E-ABC8-E9BE58A64D1B,Twelve O Clock,PassengerCar,MovingConstantSpeed,West,35.0,No,No,2010,TOYOTA,39.13669998,-77.20577572,Corolla_Toyota,19,2025,10,25,19,Saturday,2025-10-25,43
3279,MCP2455008K,250046210,Montgomery_County_Police,Property Damage Crash,2025-10-14 15:11:00,County_Route,BOU AVE,RAMP 6 FR RP 3 (FR MD200 EB) TO MD650 SB,Sideswipe (Same Direction),Passing / Turning,Clear,Dry,Daylight,No Control,None Detected,2803E179-49D0-4B95-84C4-B3BDF3CE2B79,FL,F6F5F118-AA74-4D03-BD2A-2A970611304B,VehicleNotAtScene,SportUtilityVehicle,ChangingLanes,Eastbound,25.0,No,No,2019,TOYOTA,39.05649147,-77.118466,Camry_Toyota,15,2025,10,14,15,Tuesday,2025-10-14,42
3282,DD5653005T,250028421,Rockville_Police_Department,Property Damage Crash,2025-10-28 14:30:00,Municipality_Route,HEWITT AVE,BRINK RD,Angle Collision,Right-of-Way Violation,Cloudy,Dry,Daylight,Traffic Signal,None Detected,26B4D897-7B68-4735-83F7-780E1BC8B946,OR,E9DDBFD0-2B1E-428D-9766-5CD2F2664983,One O Clock,PassengerCar,LeavingTrafficLane,Westbound,2.5,No,No,2007,HONDA,39.06270891,-77.12975821,Civic_Honda,14,2025,10,28,14,Tuesday,2025-10-28,44
3283,DD57040006,250047585,Rockville_Police_Department,Property Damage Crash,2025-10-23 01:23:00,Municipality_Route,N WASHINGTON ST,BETHESDA CHURCH RD,Single Vehicle,Driver Inattention,Clear,Dry,Dark - Lighted,Traffic Signal,None Detected,60AA0D70-A21A-4E56-95E7-4E9D48698F7E,MD,4DEBFEA3-CA7C-480D-BF4B-25C24B3DA9C2,Twelve O Clock,PassengerCar,Accelerating,Northbound,35.0,No,No,2008,NISSAN,39.09174674,-77.15342411,Versa_Nissan,1,2025,10,23,1,Thursday,2025-10-23,43
3284,MCP26370069,250044426,Montgomery_County_Police,Property Damage Crash,2025-10-03 08:58:00,County_Route,POMMEL DR,YEARLING DR,Angle Collision,Lane Violation,Clear,Dry,Daylight,No Control,None Detected,DD924471-B47F-4B29-82BB-A670383AA067,MD,29BA73D0-1104-47CC-BDBF-02D7110805A7,Eleven O Clock,PassengerCar,MovingConstantSpeed,Northbound,30.0,No,No,2019,HYUNDAI,39.09753,-77.212518,Santa Fe_Hyundai,8,2025,10,3,8,Friday,2025-10-03,40
3285,MCP289200JC,250048003,Montgomery_County_Police,Property Damage Crash,2025-10-25 19:00:00,Maryland_State_Route,GEORGIA AVE (SB/L),TURBRIDGE DR,Angle Collision,Driver Inattention,Clear,Dry,Dark - Lighted,No Control,None Detected,6FC06BCF-709B-47E1-AA7C-A1CD623EE766,DC,5AFC9EEF-E745-414E-8119-4C8E4E08ED9B,Eleven O Clock,PassengerCar,MovingConstantSpeed,Southbound,30.0,No,No,2018,TOYOTA,39.01148396,-77.04131942,Camry_Toyota,19,2025,10,25,19,Saturday,2025-10-25,43
3286,MCP26030071,250046697,Montgomery_County_Police,Injury Crash,2025-10-17 13:15:00,County_Route,MONTGOMERY VILLAGE AVE,LAKE SHORE DR (WB/L),Single Vehicle,Right-of-Way Violation,Clear,Dry,Daylight,Traffic Signal,None Detected,923A6D75-6431-4419-B5AF-0EFE59DA8C7E,MD,F669505D-0494-4A1F-8983-24E6BA1237E9,One O Clock,PassengerCar,MakingRightTurn,Westbound,35.0,No,No,2014,TOYOTA,39.16152828,-77.20167673,Corolla_Toyota,13,2025,10,17,13,Friday,2025-10-17,42
3287,MCP3208007C,250044840,Montgomery_County_Police,Property Damage Crash,2025-10-05 22:06:00,Maryland_State_Route,GEORGIA AVE (SB/L),S HORNERS LA,Single Vehicle,Lane Violation,Clear,Dry,Dark - Lighted,No Control,None Detected,2D14AA78-1C41-4EA6-9303-D5B4DE92EA35,VA,35AEF3F2-633B-4362-95DD-679DFED596CD,Six O Clock,ConstructionEquipment,MovingConstantSpeed,Northbound,30.0,No,No,2015,TOYOTA,39.00770867,-77.03980267,Camry_Toyota,22,2025,10,5,22,Sunday,2025-10-05,40
3288,MCP34100019,250047912,Montgomery_County_Police,Property Damage Crash,2025-10-25 01:35:00,Local_Route,APARTMENT CUT THRU CUT,BONIFANT RD NEW HAMPSHIRE AVE,Angle Collision,Right-of-Way Violation,Clear,Dry,Dark - Lighted,No Control,None Detected,B834D877-F240-465C-93FD-5298ECBBE449,MD,713501A2-6EC0-4850-BF2F-7F27BA8CBA22,Eleven O Clock,PassengerCar,MovingConstantSpeed,Northbound,15.0,No,No,2015,HONDA,39.03758971,-77.02874049,Civic_Honda,1,2025,10,25,1,Saturday,2025-10-25,43
3289,MCP1534001T,250045347,Montgomery_County_Police,Injury Crash,2025-10-09 06:26:00,Maryland_State_Route,RIDGE RD,DAWSON FARM RD,Rear-End (Same Direction),Lane Violation,Clear,Dry,Dawn,No Control,None Detected,F34C6F8D-573A-4975-8554-A640BDD84E88,MD,3CBAAA79-B640-442C-A152-814FFEE87515,Five O Clock,SportUtilityVehicle,MovingConstantSpeed,Southbound,35.0,No,No,2021,JEEP,39.30918574,-77.19775742,Wrangler_Jeep,6,2025,10,9,6,Thursday,2025-10-09,41
3290,MCP285300BH,250046254,Montgomery_County_Police,Injury Crash,2025-10-14 20:04:00,US_State_Route,COLESVILLE RD (SB/L),CLARKSBURG RD,Rear-End (Same Direction),Surface Condition,Clear,Dry,Dark - Lighted,No Control,None Detected,B9E5E198-C387-4D60-BAE4-C32B1F652E78,VA,9E8AB296-22BE-4573-843C-E43D32B7F4EB,Six O Clock,PassengerCar,StoppedInTrafficLane,South,40.0,No,No,2016,TOYOTA,39.01759917,-77.0154705,Camry_Toyota,20,2025,10,14,20,Tuesday,2025-10-14,42