Unnamed: 0,Report Number,Local Case Number,Agency Name,ACRS Report Type,Crash Date/Time,Route Type,Road Name,Cross-Street Name,Collision Type,Circumstance_Category,Weather,Surface Condition,Light,Traffic Control,Driver Substance Abuse,Person ID,Drivers License State,Vehicle ID,Vehicle First Impact Location,Vehicle Body Type,Vehicle Movement,Vehicle Going Dir,Speed Limit,Driverless Vehicle,Parked Vehicle,Vehicle Year,Vehicle Make,Latitude,Longitude,Vehicle Model,hour,Crash_year,Crash_month,Crash_day,Crash_hour,Crash_day_name,Crash_date,Crash_week
3291,MCP31900071,250044511,Montgomery_County_Police,Property Damage Crash,2025-10-03 16:33:00,County_Route,TWINBROOK PKWY,GLENALLAN AVE,Rear-End (Same Direction),Tailgating,Clear,Dry,Daylight,School Zone Sign,None Detected,2AAE3068-4A04-4E2B-81A7-C2FFFC241052,MD,CA46FBCD-DAFB-4952-BC9D-5CE6816F4ED4,One O Clock,SchoolBus,Passing,Eastbound,35.0,No,No,2019,HONDA,39.09049659,-77.04799784,Civic_Honda,16,2025,10,3,16,Friday,2025-10-03,40
3292,MCP3379002F,250045262,Montgomery_County_Police,Property Damage Crash,2025-10-08 16:26:00,Maryland_State_Route,GERMANTOWN RD (SB/L),RAMP 5 FR RAMP 8 (FR IS270) TO MD 118 EB,Head-On,Right-of-Way Violation,Clear,Dry,Daylight,Traffic Signal,None Detected,11FE5D81-0C66-491B-8DC0-64F8661E6D75,MD,947F45F7-D4EF-4BAC-B70B-EF627839F10D,Twelve O Clock,PassengerCar,MakingLeftTurn,Eastbound,40.0,No,No,2015,LEXUS,39.18329496,-77.25712733,IS_Lexus,16,2025,10,8,16,Wednesday,2025-10-08,41
3293,MCP3441001K,250047499,Montgomery_County_Police,Property Damage Crash,2025-10-22 14:40:00,County_Route,MONTROSE RD,INDEPENDENCE ST,Single Vehicle,Driver Inattention,Clear,Dry,Daylight,No Control,None Detected,326F8D8E-3A9D-4694-BD9F-F0852CD34CA1,MD,735CCA71-BF05-4A99-A4BB-67C7022634E0,Twelve O Clock,PassengerCar,MovingConstantSpeed,Eastbound,40.0,No,No,2022,HYUNDAI,39.05333233,-77.13236789,Elantra_Hyundai,14,2025,10,22,14,Wednesday,2025-10-22,43
3294,MCP287500BK,250044375,Montgomery_County_Police,Property Damage Crash,2025-10-02 19:26:00,Maryland_State_Route,RIDGE RD (SB/L),BORDLY DR,Sideswipe (Same Direction),Lane Violation,Clear,Dry,Dark - Not Lighted,No Control,Alcohol Present,F6814F49-9497-45AF-9A75-5E6BF7647B37,MD,416DE693-1169-4BE2-885B-6721CE85703A,VehicleNotAtScene,PassengerCar,MovingConstantSpeed,Northbound,50.0,No,No,2022,TOYOTA,39.31252093,-77.18604167,Camry_Toyota,19,2025,10,2,19,Thursday,2025-10-02,40
3295,MCP3429001G,250048160,Montgomery_County_Police,Property Damage Crash,2025-10-27 08:00:00,County_Route,ARCOLA AVE,CONNECTICUT AVE,Sideswipe (Same Direction),Lane Violation,Clear,Dry,Daylight,Traffic Signal,None Detected,AF51BA96-D8C3-49D6-8E99-A4258AF9772B,MD,6272D113-2A01-475A-A185-6418C216D4A9,VehicleNotAtScene,PassengerCar,SlowingOrStopping,Northbound,35.0,No,No,2014,FORD,39.08016177,-77.08044123,F-150_Ford,8,2025,10,27,8,Monday,2025-10-27,44
3296,MCP23950038,250045307,Montgomery_County_Police,Property Damage Crash,2025-10-08 19:10:00,County_Route,SHADY GROVE RD,TRAVILLE GATEWAY DR,Angle Collision,Traffic Control Violation,Clear,Dry,Dark - Lighted,Traffic Signal,None Detected,B14A6D7F-800A-4996-8509-C76770294F79,MD,394AEDEB-F028-42DC-9355-DD8389E5B38F,Twelve O Clock,PassengerCar,MovingConstantSpeed,South,40.0,No,No,2016,NISSAN,39.0909895,-77.204593,Pathfinder_Nissan,19,2025,10,8,19,Wednesday,2025-10-08,41
3297,MCP2108002G,250048019,Montgomery_County_Police,Property Damage Crash,2025-10-25 20:54:00,County_Route,SCOTT DR,OVERLEA DR,Head-On,Right-of-Way Violation,Clear,Dry,Dark - Lighted,Stop Sign,None Detected,C51E0231-A47E-48C6-B4B9-C525AB06DE8E,MD,A34DADF0-B1CF-448E-8515-EB66C0127218,Twelve O Clock,SportUtilityVehicle,MakingLeftTurn,Westbound,25.0,No,No,2021,CHEVROLET,39.07429817,-77.18840583,Tahoe_Chevrolet,20,2025,10,25,20,Saturday,2025-10-25,43
3298,MCP3014004Q,250045302,Montgomery_County_Police,Property Damage Crash,2025-10-08 18:45:00,Maryland_State_Route,NEW HAMPSHIRE AVE,ATWELL RD,Single Vehicle,Lane Violation,Clear,Dry,Dark - Not Lighted,No Control,None Detected,70E6A50C-4178-4445-BF76-7FC7952A8B5A,FL,83441B7E-64E5-427A-B827-83C6003FDF5B,Twelve O Clock,PassengerCar,MovingConstantSpeed,Northbound,35.0,No,No,2016,TOYOTA,39.15198,-77.28840167,Corolla_Toyota,18,2025,10,8,18,Wednesday,2025-10-08,41
3299,MCP3423002P,250047481,Montgomery_County_Police,Property Damage Crash,2025-10-22 12:35:00,County_Route,FAIRLAND RD,GEORGIA AVE (SB/L),Angle Collision,Passing / Turning,Clear,Dry,Daylight,Traffic Signal,None Detected,DE9B486D-B08D-45B0-BD55-4B32DCC682C0,MD,6FFF9516-009F-488C-8DB2-3EFBEC6F1AB0,RoofTop,SingleUnitTruck,MakingRightTurn,Northbound,25.0,No,No,2024,TOYOTA,39.07305233,-76.95550929,Camry_Toyota,12,2025,10,22,12,Wednesday,2025-10-22,43
3301,MCP2516006C,250045688,Montgomery_County_Police,Property Damage Crash,2025-10-11 03:45:00,Maryland_State_Route,CAPITAL BELTWAY,EXIT FR SCHOOL,Single Vehicle,Lane Violation,Clear,Dry,Dark - Not Lighted,No Control,None Detected,7A323087-1622-4D30-9F97-67BF7C65FAED,MD,F183AAE7-56A7-4B59-9C7F-350D21645010,Twelve O Clock,SportUtilityVehicle,MovingConstantSpeed,Southbound,45.0,No,No,2024,KIA,39.23262567,-77.178902,Telluride_Kia,3,2025,10,11,3,Saturday,2025-10-11,41
3302,MCP296500BQ,250047765,Montgomery_County_Police,Property Damage Crash,2025-10-24 07:45:00,Maryland_State_Route,TUCKERMAN LA,CHALMERS RD,Single Vehicle,Lane Violation,Clear,Dry,Daylight,No Control,None Detected,FACECC76-F975-4491-A745-3C508BDF202F,MD,1738B50D-B9A4-4F07-8726-4FBA52D4F4B1,One O Clock,PassengerCar,MovingConstantSpeed,Northbound,40.0,No,No,2008,TOYOTA,39.11733617,-77.03635433,Camry_Toyota,7,2025,10,24,7,Friday,2025-10-24,43
3303,MCP2940008H,250044897,Montgomery_County_Police,Property Damage Crash,2025-10-06 12:00:00,Maryland_State_Route,16TH ST (SB/L),DEAN RD,Rear-End (Same Direction),Surface Condition,Clear,Dry,Daylight,Pedestrian Crossing,None Detected,72A6672F-B875-4CDD-9311-C3D964A7C284,MD,C6E41A84-3966-44A5-A865-D968329C879B,Six O Clock,PassengerCar,StoppedInTrafficLane,Southbound,35.0,No,No,2018,HONDA,38.9993959,-77.03999159,Accord_Honda,12,2025,10,6,12,Monday,2025-10-06,41
3304,MCP2445007K,250045552,Montgomery_County_Police,Injury Crash,2025-10-10 10:55:00,County_Route,SENECA MEADOWS PKWY,GERMANTOWN RD (SB/L),Angle Collision,Right-of-Way Violation,Clear,Dry,Daylight,Traffic Signal,None Detected,21EEBF71-F843-4E77-B1FA-D84D76EC123B,MD,00D9FC98-2D1D-4797-9D3C-1EDEFC899D15,Twelve O Clock,PassengerCar,MakingLeftTurn,North,45.0,No,No,2019,HONDA,39.18859,-77.25170167,Civic_Honda,10,2025,10,10,10,Friday,2025-10-10,41
3305,MCP3397001L,250045874,Montgomery_County_Police,Property Damage Crash,2025-10-12 17:28:00,Maryland_State_Route,E RANDOLPH RD (WB/L),PLYERS MILL RD,Sideswipe (Same Direction),Lane Violation,Cloudy,Dry,Daylight,No Control,None Detected,B38D4898-8FE8-40E5-85E6-C8CDC85E219E,MD,07A22F7D-3A01-47F3-A894-4223EEA4C947,Five O Clock,PassengerCar,ChangingLanes,Westbound,40.0,No,No,2021,TOYOTA,39.06348385,-76.96600908,Camry_Toyota,17,2025,10,12,17,Sunday,2025-10-12,41
3306,MCP34310014,250048417,Montgomery_County_Police,Injury Crash,2025-10-28 14:43:00,Maryland_State_Route,TWINBROOK PKWY,LINDELL ST,Rear-End (Same Direction),Tailgating,Clear,Dry,Daylight,No Control,None Detected,1E3F9D85-356D-4D19-8C26-4C9DC6965C46,MD,42460DC4-42D4-4F0B-82DC-251DF27FC532,Six O Clock,PassengerCar,SlowingOrStopping,Westbound,45.0,No,No,2020,HYUNDAI,39.15490953,-77.25841199,Sonata_Hyundai,14,2025,10,28,14,Tuesday,2025-10-28,44
3307,MCP913000LD,250044421,Montgomery_County_Police,Property Damage Crash,2025-10-03 08:27:00,Maryland_State_Route,UNIVERSITY BLVD E,OAK LEAF DR,Rear-End (Same Direction),Tailgating,Clear,Dry,Daylight,Traffic Signal,None Detected,EA4365DF-8891-409A-B601-4C41E0D786AF,MD,97AD5C0B-377A-44DD-9BE4-9C80FB0753BA,Eleven O Clock,SportUtilityVehicle,MovingConstantSpeed,Eastbound,40.0,No,No,2011,FORD,38.9997554,-76.99550623,F-150_Ford,8,2025,10,3,8,Friday,2025-10-03,40
3308,MCP3348004T,250044530,Montgomery_County_Police,Property Damage Crash,2025-10-03 17:58:00,Maryland_State_Route,NEW HAMPSHIRE AVE (SB/L),HARRIS AVE,Rear-End (Same Direction),Congestion / Backup,Clear,Dry,Daylight,No Control,None Detected,8A6D8760-CAA8-4AE5-9D14-62F7D49C972D,MD,F2302EB9-AC62-40AA-8123-F298290F9E8D,Six O Clock,PassengerCar,StoppedInTrafficLane,Southbound,35.0,No,No,2020,HYUNDAI,39.07940433,-77.0014725,Elantra_Hyundai,17,2025,10,3,17,Friday,2025-10-03,40
3309,MCP32320074,250046717,Montgomery_County_Police,Property Damage Crash,2025-10-17 14:43:00,Maryland_State_Route,NORBECK RD,RAMP 6 FR MD 117 EB TO IS 270 SB,Sideswipe (Same Direction),Right-of-Way Violation,Clear,Dry,Daylight,No Control,None Detected,8A1AB7AA-0CDF-4F67-8AB9-4AAC2F379AD2,MD,00A014AD-C4BD-4603-8099-CA42DA041C19,Two O Clock,PassengerCar,MakingUTurn,Eastbound,35.0,No,No,2024,HONDA,39.11470567,-77.05336867,Accord_Honda,14,2025,10,17,14,Friday,2025-10-17,42
3310,MCP2445007K,250045552,Montgomery_County_Police,Injury Crash,2025-10-10 10:55:00,County_Route,SENECA MEADOWS PKWY,GERMANTOWN RD (SB/L),Angle Collision,Road Obstruction,Clear,Dry,Daylight,Traffic Signal,None Detected,95645C8B-48E5-44D0-8679-CF641398EDB8,MD,F219FB85-CA6A-43C8-84F4-F81C1BA47DAC,Twelve O Clock,PassengerCar,MovingConstantSpeed,South,45.0,No,No,2020,MERCEDES-BENZ,39.18859,-77.25170167,C-Class_Mercedes-Benz,10,2025,10,10,10,Friday,2025-10-10,41
3311,MCP3169006C,250045892,Montgomery_County_Police,Property Damage Crash,2025-10-12 19:30:00,County_Route,OBSERVATION DR,SYCAMORE LA,Single Vehicle,Driver Inattention,Clear,Dry,Dark - Lighted,No Control,None Detected,D0040299-E332-414C-ACA0-BDF68133D575,DC,4D26303D-6D14-497C-9EA0-DD9466EBC3EC,VehicleNotAtScene,SportUtilityVehicle,MovingConstantSpeed,Unknown,30.0,No,No,2018,JEEP,39.19841933,-77.25370107,Cherokee_Jeep,19,2025,10,12,19,Sunday,2025-10-12,41
3313,MCP3436001G,250045566,Montgomery_County_Police,Injury Crash,2025-10-10 11:50:00,US_State_Route,JONES MILL RD,DALE DR,Angle Collision,Road Obstruction,Clear,Dry,Daylight,Traffic Signal,None Detected,EBD4392D-0FF2-4BDA-8289-171A178C3CD0,DC,DEB032B8-B2E2-4A0C-8669-E559D42B517F,Twelve O Clock,PassengerCar,MovingConstantSpeed,South,35.0,No,No,2014,DODGE,39.00524469,-77.0228435,Grand Caravan_Dodge,11,2025,10,10,11,Friday,2025-10-10,41
3316,MCP3253002R,250045495,Montgomery_County_Police,Property Damage Crash,2025-10-09 20:30:00,County_Route,FLOWER AVE,CHERRY LAUREL LA,Angle Collision,Right-of-Way Violation,Clear,Dry,Dark - Not Lighted,No Control,None Detected,C8A80CD0-0FA6-4CB9-98BF-702F95BAA273,MD,1087026A-997C-4016-8CB0-1EA774FF06E1,NonCollision,PickupTruck,MakingLeftTurn,Eastbound,35.0,No,No,2009,CHEVROLET,39.13814373,-77.14425745,Silverado_Chevrolet,20,2025,10,9,20,Thursday,2025-10-09,41
3317,MCP2881006W,250044864,Montgomery_County_Police,Property Damage Crash,2025-10-06 08:40:00,Maryland_State_Route,RIDGE RD (SB/L),ARCOLA AVE,Rear-End (Same Direction),Congestion / Backup,Clear,Dry,Daylight,Traffic Signal,None Detected,A9E3FD0A-F1E3-4FCA-AE88-2F1F3554CD55,MD,7DA1C0DC-2675-459F-A938-6E43FAABFBC2,Six O Clock,SportUtilityVehicle,StoppedInTrafficLane,Southbound,40.0,No,No,2020,DODGE,39.25362833,-77.229055,Durango_Dodge,8,2025,10,6,8,Monday,2025-10-06,41
3318,MCP9390003N,250044982,Montgomery_County_Police,Property Damage Crash,2025-10-06 19:25:00,Maryland_State_Route,GREAT SENECA HWY,DECOVERLY DR (EB/L),Rear-End (Same Direction),Speed Related,Clear,Dry,Dark - Lighted,No Control,None Detected,6AAD8D0E-BB63-4A73-9C01-5016F1755697,MD,4FD1E190-8A42-4308-A3A4-1027A7DF364D,Twelve O Clock,PassengerCar,MovingConstantSpeed,Northbound,50.0,No,No,2010,HONDA,39.10602054,-77.20808999,Odyssey_Honda,19,2025,10,6,19,Monday,2025-10-06,41
3320,MCP3220005K,250047326,Montgomery_County_Police,Injury Crash,2025-10-21 15:10:00,Municipality_Route,CHOKE CHERRY RD (WB/L),SHADY GROVE RD,Angle Collision,Right-of-Way Violation,Clear,Dry,Daylight,Traffic Signal,None Detected,D96AB7BB-B996-40B6-A2B1-544698599186,MD,AE2D737F-D2BD-452C-8216-6F3B792458FB,Eleven O Clock,PassengerCar,MakingLeftTurn,Westbound,30.0,No,No,2017,HONDA,39.11468367,-77.18552533,Accord_Honda,15,2025,10,21,15,Tuesday,2025-10-21,43
3321,HA25600004,25002296,Takoma_Park_Police_Department,Injury Crash,2025-10-27 16:22:00,Government_Route,NEW HAMPSHIRE AVE,SPUR FR RICHTER FARM RD,Single Vehicle,Driver Inattention,Clear,Dry,Daylight,No Control,None Detected,3C3F6174-5639-4F48-8DA1-A9C1BD292424,MD,391128CD-FD6A-4F86-9017-211CCF471824,Ten O Clock,Moped,MovingConstantSpeed,Northbound,30.0,No,No,2025,VOLVO,38.95937402,-77.10479543,S60_Volvo,16,2025,10,27,16,Monday,2025-10-27,44
3322,MCP34310014,250048417,Montgomery_County_Police,Injury Crash,2025-10-28 14:43:00,Maryland_State_Route,DILLER LA,GOLDSBORO RD,Rear-End (Same Direction),Tailgating,Clear,Dry,Daylight,No Control,None Detected,6288D540-58B1-42F9-BEF9-87BF7FCDD59E,MD,30F7B3CD-C0B9-448A-92EB-8C8ABE123DBF,Six O Clock,PassengerCar,StoppedInTrafficLane,Westbound,45.0,No,No,2011,NISSAN,39.15490953,-77.25841199,Altima_Nissan,14,2025,10,28,14,Tuesday,2025-10-28,44
3323,MCP3079007N,250047833,Montgomery_County_Police,Injury Crash,2025-10-24 14:23:00,County_Route,WARRIOR BROOK DR,WINSTON DR,Angle Collision,Right-of-Way Violation,Clear,Dry,Daylight,No Control,None Detected,56DE26AE-4755-4735-B50D-0F08AB79566C,MD,D2D4B59A-818E-42FF-84F3-CA4EE54B24A3,Eleven O Clock,PassengerCar,EnteringTrafficLane,Northbound,25.0,No,No,2017,HYUNDAI,39.17002454,-77.28181158,Elantra_Hyundai,14,2025,10,24,14,Friday,2025-10-24,43
3324,MCP3374003P,250044062,Montgomery_County_Police,Property Damage Crash,2025-10-01 05:56:00,County_Route,OLD GEORGETOWN RD (SB/L),CHRISTOPHER AVE,Angle Collision,Right-of-Way Violation,Clear,Dry,Dark - Lighted,Traffic Signal,None Detected,68EC4E4F-CD9E-4475-927D-05F19A60954D,MD,EBFE03F6-1F22-46E3-8BF8-8CC428D54F50,Eleven O Clock,PickupTruck,MakingLeftTurn,Southbound,35.0,No,No,2017,TOYOTA,39.04863216,-77.1189348,Tacoma_Toyota,5,2025,10,1,5,Wednesday,2025-10-01,40
3326,EJ7916000W,250045123,Gaithersburg_Police_Department,Injury Crash,2025-10-07 17:40:00,Municipality_Route,LONGDRAFT RD (SB/L),CLOPPER RD LONGDRAFT RD,Rear-End (Same Direction),Tailgating,Cloudy,Dry,Daylight,Traffic Signal,None Detected,F4AA8D54-FEA8-462B-B408-C2A49B520A6A,MD,1F197D6C-43B8-4EF5-BDE0-2F75B4C01DDD,Eleven O Clock,PassengerCar,StoppedInTrafficLane,Westbound,35.0,No,No,2016,MAZDA,39.14831753,-77.23781669,Mazda3_Mazda,17,2025,10,7,17,Tuesday,2025-10-07,41
3327,EJ7904003H,250047632,Gaithersburg_Police_Department,Injury Crash,2025-10-23 12:42:00,Maryland_State_Route,FREDERICK RD,ANGLETON CT,Single Vehicle,Right-of-Way Violation,Clear,Dry,Daylight,No Control,None Detected,E184D14F-EDEA-47A3-859F-47D0CD37C117,MD,2F014F0E-E28E-4957-BC91-7E92BC9C8817,One O Clock,PassengerCar,EnteringTrafficLane,East,35.0,No,No,2018,KIA,39.1510325,-77.20995658,Forte_Kia,12,2025,10,23,12,Thursday,2025-10-23,43
3328,MCP2760007R,250048251,Montgomery_County_Police,Injury Crash,2025-10-27 15:22:00,County_Route,ROCKVILLE PIKE,STEDWICK RD,Single Vehicle,Driver Inattention,Clear,Dry,Daylight,Stop Sign,None Detected,757026C0-EE2C-462B-B42C-292D5614425A,MD,37557714-ED09-4962-8DC3-1A59CE159FAA,NonCollision,PassengerCar,MakingLeftTurn,Eastbound,35.0,No,No,2014,FORD,39.17610442,-77.20981042,Fusion_Ford,15,2025,10,27,15,Monday,2025-10-27,44
3329,MCP3312006W,250048164,Montgomery_County_Police,Property Damage Crash,2025-10-27 08:45:00,Bicycle_Route,MONTGOMERY VILLAGE AVE,BRIGGS CHANEY RD,Rear-End (Same Direction),Tailgating,Clear,Dry,Daylight,Traffic Signal,None Detected,9350C75A-17F8-476D-A79E-408100B83C82,MD,2ABD2F7A-E99A-48DF-AE75-214980D66E52,Twelve O Clock,PassengerCar,SlowingOrStopping,Westbound,40.0,No,No,2009,TOYOTA,39.07947686,-76.9453054,Camry_Toyota,8,2025,10,27,8,Monday,2025-10-27,44
3330,DM84940047,250045990,Takoma_Park_Police_Department,Injury Crash,2025-10-13 13:51:00,Municipality_Route,ALLEY #4,NEW HAMPSHIRE AVE,Angle Collision,Road Obstruction,Clear,Dry,Daylight,Flashing Traffic Signal,None Detected,8B692197-B771-4654-82E0-7AB9BE6B09FB,MD,EF8D5A4C-BACF-45C9-B880-8CD7176ADE20,Two O Clock,PassengerCar,MovingConstantSpeed,West,10.0,No,No,2014,NISSAN,38.98761996,-76.98779035,Altima_Nissan,13,2025,10,13,13,Monday,2025-10-13,42
3331,MCP287500BK,250044375,Montgomery_County_Police,Property Damage Crash,2025-10-02 19:26:00,Maryland_State_Route,RIDGE RD (SB/L),FIELDCREST RD,Sideswipe (Same Direction),Lane Violation,Clear,Dry,Dark - Not Lighted,No Control,None Detected,43801172-4282-4E5B-A430-158B00039011,MD,E8FA2413-88F9-4515-AD71-7C9B8CBEC90B,Eleven O Clock,SportUtilityVehicle,MakingLeftTurn,Northbound,50.0,No,No,2021,TOYOTA,39.31252093,-77.18604167,RAV4 Prime_Toyota,19,2025,10,2,19,Thursday,2025-10-02,40
3332,MCP2717010W,250047340,Montgomery_County_Police,Property Damage Crash,2025-10-21 16:08:00,Maryland_State_Route,KEY WEST AVE,AMHERST AVE,Rear-End (Same Direction),Tailgating,Clear,Dry,Daylight,Traffic Signal,None Detected,960D5893-583D-4BEE-8FB0-80D76108A27B,MD,F9D621AB-CE0B-4F84-9AF7-517677A6FA07,Six O Clock,PassengerCar,SlowingOrStopping,Westbound,40.0,No,No,2013,CHEVROLET,39.10331668,-77.20604945,Malibu_Chevrolet,16,2025,10,21,16,Tuesday,2025-10-21,43
3333,MCP34450017,250048268,Montgomery_County_Police,Property Damage Crash,2025-10-27 14:50:00,Maryland_State_Route,COLUMBIA PIKE (SB/L),CROSSOVER,Angle Collision,Driver Inattention,Clear,Wet,Daylight,Stop Sign,None Detected,AB3739A5-C8DB-46B2-A910-DDA0F633584B,MD,61DE1705-59E5-4E62-B388-713625D2C8A2,One O Clock,PassengerCar,MovingConstantSpeed,Not On Roadway,2.5,No,No,2016,TOYOTA,39.02475504,-77.12482433,RAV4_Toyota,14,2025,10,27,14,Monday,2025-10-27,44
3334,MCP22980192,250045740,Montgomery_County_Police,Property Damage Crash,2025-10-11 15:44:00,County_Route,CENTURY BLVD,FAIRCHILD DR,Sideswipe (Same Direction),Lane Violation,Cloudy,Dry,Daylight,Stop Sign,None Detected,FFFAFFA7-667F-4F77-A262-C7DB7E7A292A,MD,A0C5DCF4-CDEE-489F-8A28-E700507D777A,Eleven O Clock,PassengerCar,MovingConstantSpeed,Eastbound,30.0,No,No,2018,NISSAN,39.19221002,-77.26527511,Sentra_Nissan,15,2025,10,11,15,Saturday,2025-10-11,41
3335,MCP34040028,250045531,Montgomery_County_Police,Injury Crash,2025-10-10 07:59:00,Crossover,RIVER RD,SCHOOL CUT THRU CUT UNIVERSITY BLVD E (WB/L),Single Vehicle,Right-of-Way Violation,Clear,Dry,Daylight,No Control,None Detected,C0A2DECA-B324-4D2B-A626-D4772163119F,MD,0BE9D0B8-46D5-470A-86B1-DA433167421E,Twelve O Clock,PassengerCar,MakingLeftTurn,Eastbound,35.0,No,No,2014,HONDA,39.0189715,-77.00851861,CR-V_Honda,7,2025,10,10,7,Friday,2025-10-10,41
3336,MCP3325004K,250047723,Montgomery_County_Police,Injury Crash,2025-10-23 21:10:00,US_State_Route,COLUMBIA PIKE (SB/L),MIDCOUNTY HWY,Head-On,Right-of-Way Violation,Clear,Dry,Dark - Lighted,Traffic Signal,None Detected,57787EFF-84FE-4586-8ED1-993353B8B51C,MD,1AEAFB69-B45D-41E3-ADFF-2CCEDDF4D8A1,Twelve O Clock,PassengerCar,MakingLeftTurn,North,30.0,No,No,2007,TOYOTA,39.09568526,-76.93811165,Corolla_Toyota,21,2025,10,23,21,Thursday,2025-10-23,43
3337,MCP25520088,250045405,Montgomery_County_Police,Injury Crash,2025-10-09 13:01:00,Municipality_Route,FISHER AVE,FISHER AVE WOOTTON AVE,Angle Collision,Lane Violation,Clear,Dry,Daylight,No Control,None Detected,B473218E-6DCE-4ED8-A7DC-71B34655B6C7,MD,54111FC3-A010-48DD-9AB5-A91EC3B4FA12,Eleven O Clock,PickupTruck,MovingConstantSpeed,Northbound,30.0,No,No,2023,GMC,39.14238667,-77.40745333,Sierra_GMC,13,2025,10,9,13,Thursday,2025-10-09,41
3338,DD56810010,250045288,Rockville_Police_Department,Property Damage Crash,2025-10-08 17:45:00,Maryland_State_Route,ROCKVILLE PIKE (SB/L),VEIRS MILL RD (WB/L),Angle Collision,Road Obstruction,Clear,Dry,Daylight,Traffic Signal,None Detected,FFC9E20D-88C9-4279-96A9-E3E8218D4850,MD,B3B64997-E205-43D4-91B8-8661B3E11DFF,Eleven O Clock,SportUtilityVehicle,MovingConstantSpeed,North,30.0,No,No,2022,KIA,39.08151176,-77.14618715,Sorento_Kia,17,2025,10,8,17,Wednesday,2025-10-08,41
3339,MCP33910025,250044689,Montgomery_County_Police,Property Damage Crash,2025-10-04 19:30:00,Maryland_State_Route,OLNEY SANDY SPRING RD,GROSVENOR LA,Angle Collision,Right-of-Way Violation,Clear,Dry,Dark - Lighted,No Control,None Detected,AF08F29C-CF93-4BDF-AB2F-62CE6F577920,MD,D88D6BE7-C0C5-42A1-B2DC-9F8789F5CE0C,Eleven O Clock,PassengerCar,MakingLeftTurn,Southbound,30.0,No,No,2024,CADILLAC,39.14946292,-77.02576608,Escalade_Cadillac,19,2025,10,4,19,Saturday,2025-10-04,40
3340,EJ79030053,250045188,Gaithersburg_Police_Department,Injury Crash,2025-10-08 08:10:00,Spur_Route,CRYSTAL ROCK DR,GAME PRESERVE RD,Single Vehicle,Speed Related,Cloudy,Wet,Daylight,Traffic Signal,None Detected,C3078B7B-7F62-42B5-9824-22F1AB606AA2,MD,5379FE83-7277-4F3F-9F22-A997036B6E95,Twelve O Clock,SportUtilityVehicle,SlowingOrStopping,Westbound,30.0,No,No,2023,HONDA,39.11645956,-77.20781272,Civic_Honda,8,2025,10,8,8,Wednesday,2025-10-08,41
3341,MCP3450001H,250046062,Montgomery_County_Police,Property Damage Crash,2025-10-13 19:50:00,County_Route,HAWKESBURY LA,RANDOLPH RD (WB/L),Rear-End (Same Direction),Tailgating,Rain,Wet,Dark - Not Lighted,Traffic Signal,None Detected,01429DAD-29EB-48BF-B9BC-1B0612E5730C,MD,03B74A5A-717A-4A3D-9CCB-A11EFCC853FE,Twelve O Clock,SportUtilityVehicle,SlowingOrStopping,Westbound,40.0,No,No,2013,NISSAN,39.06613111,-77.02243454,Rogue_Nissan,19,2025,10,13,19,Monday,2025-10-13,42
3342,MCP3395004J,250047241,Montgomery_County_Police,Injury Crash,2025-10-21 08:38:00,Maryland_State_Route,ROCKVILLE PIKE (SB/L),HOLLY AVE,Rear-End (Same Direction),Congestion / Backup,Clear,Dry,Daylight,No Control,None Detected,782CC496-D00C-4A04-9E1A-0B763507D3DA,MD,C6A41B00-AF13-4E9F-B4DF-B68520B89AEB,Six O Clock,PassengerCar,StoppedInTrafficLane,Southbound,35.0,No,No,2013,HONDA,39.046587,-77.112745,Civic_Honda,8,2025,10,21,8,Tuesday,2025-10-21,43
3343,DD5680001Y,250047229,Rockville_Police_Department,Injury Crash,2025-10-23 21:54:00,Maryland_State_Route,VEIRS MILL RD,BRIARDALE RD,Rear-End (Same Direction),Tailgating,Clear,Dry,Dark - Lighted,Traffic Signal,None Detected,DEA0F7F6-EAE5-481A-BFAE-563010BF4C52,MD,2677D305-1134-4A94-9B33-2191D6AF8DFE,Twelve O Clock,PassengerCar,MovingConstantSpeed,Southbound,35.0,No,No,2004,FORD,39.0734701,-77.11231315,F-150_Ford,21,2025,10,23,21,Thursday,2025-10-23,43
3344,MCP292300FG,250045078,Montgomery_County_Police,Property Damage Crash,2025-10-07 13:39:00,County_Route,FERRARA AVE,MONTGOMERY VILLAGE AVE,Rear-End (Same Direction),Passing / Turning,Cloudy,Dry,Daylight,Traffic Signal,None Detected,0B947BBB-E306-4A3F-9742-49794FA75ABF,MD,A5C562F4-29E9-43A7-A177-838C71C69645,Eleven O Clock,Van - Passenger (&lt;9 Seats),StoppedInTrafficLane,Northbound,15.0,No,No,2024,FORD,39.05289996,-77.07693533,Transit_Ford,13,2025,10,7,13,Tuesday,2025-10-07,41