Unnamed: 0,Report Number,Local Case Number,Agency Name,ACRS Report Type,Crash Date/Time,Route Type,Road Name,Cross-Street Name,Collision Type,Circumstance_Category,Weather,Surface Condition,Light,Traffic Control,Driver Substance Abuse,Person ID,Drivers License State,Vehicle ID,Vehicle First Impact Location,Vehicle Body Type,Vehicle Movement,Vehicle Going Dir,Speed Limit,Driverless Vehicle,Parked Vehicle,Vehicle Year,Vehicle Make,Latitude,Longitude,Vehicle Model,hour,Crash_year,Crash_month,Crash_day,Crash_hour,Crash_day_name,Crash_date,Crash_week
3345,MCP3312006T,250045354,Montgomery_County_Police,Property Damage Crash,2025-10-09 08:30:00,County_Route,MCKNEW RD,SPRING ST,Single Vehicle,Passing / Turning,Clear,Dry,Daylight,No Control,None Detected,58EE00AE-9406-4EB6-BEE9-09F77F6B5957,MD,8994661D-9319-47EC-B317-0F5ACADB40D5,Twelve O Clock,SchoolBus,MakingRightTurn,Westbound,30.0,No,No,2022,JEEP,39.10170108,-76.9236774,Cherokee_Jeep,8,2025,10,9,8,Thursday,2025-10-09,41
3346,MCP3401002B,250044631,Montgomery_County_Police,Property Damage Crash,2025-10-04 13:10:00,County_Route,GRACE CHURCH RD,SECOND AVE,Angle Collision,Right-of-Way Violation,Clear,Dry,Daylight,Stop Sign,None Detected,CBD64614-2B65-4A1C-A24F-09AF32698F1F,MD,D16FCE2A-03FA-4A26-A0DA-9A684FF1BEC8,Twelve O Clock,PassengerCar,MovingConstantSpeed,Eastbound,20.0,No,No,2025,HONDA,39.0041265,-77.04104617,Civic_Honda,13,2025,10,4,13,Saturday,2025-10-04,40
3347,MCP33220049,250045730,Montgomery_County_Police,Injury Crash,2025-10-11 14:24:00,Maryland_State_Route,CONNECTICUT AVE (SB/L),MONTROSE RD,Rear-End (Same Direction),Tailgating,Cloudy,Dry,Daylight,No Control,None Detected,ED782D3E-E478-4B95-903C-62B183E21482,MD,A0C902AB-540C-475B-BCB9-D5AB0B72A2E2,Seven O Clock,PassengerCar,MovingConstantSpeed,Southbound,35.0,No,No,2016,TOYOTA,39.07634232,-77.08077838,Corolla_Toyota,14,2025,10,11,14,Saturday,2025-10-11,41
3348,MCP2047006C,250046949,Montgomery_County_Police,Property Damage Crash,2025-10-19 07:05:00,County_Route,AVERY RD,SLIGO CREEK PKWY,Single Vehicle,Lane Violation,Clear,Dry,Dawn,No Control,None Detected,F4010717-4E61-4CC0-821C-03871079A852,MD,7D652AE8-B7E4-4029-B691-2978E932CAAD,One O Clock,SportUtilityVehicle,MovingConstantSpeed,Westbound,35.0,No,No,2007,TOYOTA,39.0996829,-77.12521264,Camry_Toyota,7,2025,10,19,7,Sunday,2025-10-19,42
3349,MCP2641005C,250045204,Montgomery_County_Police,Injury Crash,2025-10-08 10:49:00,County_Route,MATENY RD,CREAMERY HILL DR WHEATRIDGE DR,Rear-End (Same Direction),Right-of-Way Violation,Cloudy,Wet,Daylight,No Control,None Detected,9FA55CAB-7230-408F-8F24-0795D2092B44,MD,70AD6CF2-0024-4F59-AD7C-C9286BC33D0B,Six O Clock,PassengerCar,MakingLeftTurn,Southbound,30.0,No,No,2005,MERCEDES-BENZ,39.15005333,-77.268655,E-Class_Mercedes-Benz,10,2025,10,8,10,Wednesday,2025-10-08,41
3350,DM84940047,250045990,Takoma_Park_Police_Department,Injury Crash,2025-10-13 13:51:00,Municipality_Route,ALLEY #4,NEW HAMPSHIRE AVE,Angle Collision,Traffic Control Violation,Clear,Dry,Daylight,Flashing Traffic Signal,None Detected,F5E6A8DA-3337-4D94-9822-E25B2ACC542F,DC,071D2774-7478-4DCA-86CB-1418A62ABE3A,Twelve O Clock,PassengerCar,MovingConstantSpeed,East,35.0,No,No,2023,CHEVROLET,38.98761996,-76.98779035,Bolt EV_Chevrolet,13,2025,10,13,13,Monday,2025-10-13,42
3352,MCP120500D8,250045532,Montgomery_County_Police,Injury Crash,2025-10-10 08:05:00,Maryland_State_Route,EAST WEST HWY (WB/L),KENSINGTON BLVD,Rear-End (Same Direction),Tailgating,Clear,Dry,Daylight,No Control,None Detected,26C2D2FC-F3F6-4F00-837D-E503197D312C,MD,3E3FD3DA-D15C-4786-A1C9-2DCF4CE03F99,Twelve O Clock,PassengerCar,SlowingOrStopping,Westbound,30.0,No,No,2007,TOYOTA,38.99457851,-77.03521658,Prius_Toyota,8,2025,10,10,8,Friday,2025-10-10,41
3353,MCP2752007C,250045103,Montgomery_County_Police,Property Damage Crash,2025-10-07 16:41:00,Municipality_Route,N PARK AVE,FRIENDSHIP BLVD,Other,Right-of-Way Violation,Cloudy,Dry,Daylight,Stop Sign,None Detected,170FDF21-10D3-4ADC-B682-18C27B24097F,MD,F1326E38-1721-4F03-BE88-9F575D7EC751,Nine O Clock,SportUtilityVehicle,MovingConstantSpeed,Not On Roadway,25.0,No,No,2025,NISSAN,38.96369354,-77.08938414,Pathfinder_Nissan,16,2025,10,7,16,Tuesday,2025-10-07,41
3354,MCP31710030,250048393,Montgomery_County_Police,Property Damage Crash,2025-10-28 12:10:00,Maryland_State_Route,MIDCOUNTY HWY,WAGON WAY,Angle Collision,Right-of-Way Violation,Clear,Dry,Daylight,No Control,None Detected,AFB6EDC4-AA01-4C5D-863C-5F3D50700566,MD,702880F2-E49B-42E4-957A-D86842562FC4,Twelve O Clock,SportUtilityVehicle,MovingConstantSpeed,Southbound,2.5,No,No,2023,HYUNDAI,39.17987995,-77.26921815,Elantra_Hyundai,12,2025,10,28,12,Tuesday,2025-10-28,44
3356,MCP3263005B,250046107,Montgomery_County_Police,Injury Crash,2025-10-14 07:55:00,Maryland_State_Route,RIVER RD (WB/L),DOVER RD,Rear-End (Same Direction),Tailgating,Rain,Wet,Daylight,No Control,None Detected,977ABF4C-49B9-4592-9B08-F2AF0BF758E7,MD,BBAD9C39-0BEC-4ACF-B25A-A8CF156720D6,Twelve O Clock,PassengerCar,MovingConstantSpeed,Westbound,35.0,No,No,2023,AUDI,38.98508583,-77.140627,A6_Audi,7,2025,10,14,7,Tuesday,2025-10-14,42
3357,MCP21020050,250045280,Montgomery_County_Police,Property Damage Crash,2025-10-08 17:16:00,Maryland_State_Route,CLARKSBURG RD,DORSEY RD FAIRWAY VIEW DRIVE,Rear-End (Same Direction),Tailgating,Clear,Dry,Daylight,Stop Sign,None Detected,9BCD6989-E8C2-427B-9786-654CBA3D3765,MD,46E42FCA-2367-4C71-BECF-549120CA2FBA,Twelve O Clock,SportUtilityVehicle,SlowingOrStopping,Eastbound,30.0,No,No,2020,FORD,39.19635949,-77.12984655,Explorer_Ford,17,2025,10,8,17,Wednesday,2025-10-08,41
3359,MCP3362006J,250045176,Montgomery_County_Police,Property Damage Crash,2025-10-08 07:10:00,Maryland_State_Route,NEW HAMPSHIRE AVE,RAMP 4 FR MD 650 NB TO IS 495 EB,Rear-End (Same Direction),Congestion / Backup,Rain,Wet,Dawn,No Control,None Detected,4682F77B-5328-4E0C-A29F-5FF9549BF220,MD,1E562D32-3EA2-4CBB-9125-FD0AE66114F8,Six O Clock,PassengerCar,SlowingOrStopping,Northbound,35.0,No,No,2017,JEEP,39.01599108,-76.97748617,Cherokee_Jeep,7,2025,10,8,7,Wednesday,2025-10-08,41
3360,MCP24640040,250045907,Montgomery_County_Police,Injury Crash,2025-10-12 23:19:00,US_State_Route,COLUMBIA PIKE (SB/L),GREENCASTLE RD (NB/L),Rear-End (Same Direction),Tailgating,Rain,Wet,Dark - Lighted,Traffic Signal,None Detected,CF2E43BC-0602-4171-8BAE-B5308C4CC1B8,MD,D7E556EE-B3AA-4B4B-A312-B06A193227D0,Twelve O Clock,PassengerCar,MovingConstantSpeed,Eastbound,50.0,No,No,2014,FORD,39.09570831,-76.93810954,Taurus_Ford,23,2025,10,12,23,Sunday,2025-10-12,41
3361,MCP2939008G,250048277,Montgomery_County_Police,Injury Crash,2025-10-27 16:39:00,Ramp_Route,RAMP 3 FR MD 109 EB TO RAMP 2 (TO IS270),OLD HUNDRED RD,Head-On,Road Obstruction,Clear,Dry,Daylight,No Control,None Detected,C567AB6A-10C1-4FEB-8A84-6006AE27FE33,MD,D9860A51-2B92-44EF-B587-70CEAD3453D5,Twelve O Clock,PassengerCar,MovingConstantSpeed,South,30.0,No,No,2003,HONDA,39.27848083,-77.322331,Accord_Honda,16,2025,10,27,16,Monday,2025-10-27,44
3362,MCP2717010W,250047340,Montgomery_County_Police,Property Damage Crash,2025-10-21 16:08:00,Maryland_State_Route,KEY WEST AVE,KING ST,Rear-End (Same Direction),Tailgating,Clear,Dry,Daylight,Traffic Signal,None Detected,33FEAEA4-D70E-4796-B7CA-7C24E232FEE8,MD,653C4A58-BEDD-49E0-BD50-FE81BD4D4102,Twelve O Clock,PassengerCar,MovingConstantSpeed,Westbound,40.0,No,No,2019,HONDA,39.10331668,-77.20604945,Odyssey_Honda,16,2025,10,21,16,Tuesday,2025-10-21,43
3364,MCP320000GV,250047934,Montgomery_County_Police,Injury Crash,2025-10-25 09:57:00,County_Route,DEMOCRACY BLVD,SHOREFIELD RD,Sideswipe (Same Direction),Lane Violation,Clear,Dry,Daylight,No Control,None Detected,7F637D09-5ABC-4C48-A12E-ED5F2421D629,MD,2A2CB9EA-3100-427D-AECB-38BF1ACBDD29,Eleven O Clock,PassengerCar,MovingConstantSpeed,Westbound,35.0,No,No,2003,INFINITI,39.02156474,-77.13792349,Q50_Infiniti,9,2025,10,25,9,Saturday,2025-10-25,43
3365,MCP3079007N,250047833,Montgomery_County_Police,Injury Crash,2025-10-24 14:23:00,County_Route,WARRIOR BROOK DR,VEIRS MILL RD,Angle Collision,Driver Inattention,Clear,Dry,Daylight,No Control,None Detected,71B355A7-1F5B-4CB0-8A8E-C7B09CD0BB1F,MD,49F6FFA5-201D-4959-B66F-2CC9B150792E,One O Clock,PickupTruck,MovingConstantSpeed,Northbound,25.0,No,No,2019,FORD,39.17002454,-77.28181158,F-150_Ford,14,2025,10,24,14,Friday,2025-10-24,43
3366,MCP3429001C,250047062,Montgomery_County_Police,Injury Crash,2025-10-20 06:29:00,Maryland_State_Route,GEORGIA AVE (SB/L),NORBECK RD,Head-On,Lane Violation,Clear,Dry,Dark - Lighted,Traffic Signal,None Detected,1FD41752-30B4-4A84-ACF0-8A08756BEE5A,MD,43FB9FBE-81E0-447A-BF2E-3455A2731BFA,One O Clock,PassengerCar,Accelerating,East,35.0,No,No,2003,HONDA,39.10944378,-77.0761059,Odyssey_Honda,6,2025,10,20,6,Monday,2025-10-20,43
3367,MCP2946007Z,250048219,Montgomery_County_Police,Property Damage Crash,2025-10-26 12:48:00,County_Route,PINNACLE DR,SHADY GROVE RD,Rear-End (Same Direction),Tailgating,Rain,Wet,Daylight,No Control,None Detected,D76DE780-1A3C-49AC-B807-F272264107C3,MD,42B57ED9-2A1F-4971-9C63-C658F75EF7C1,VehicleNotAtScene,PassengerCar,SlowingOrStopping,Northbound,30.0,No,No,2010,HONDA,39.18175963,-77.2649324,Accord_Honda,12,2025,10,26,12,Sunday,2025-10-26,43
3369,MCP29680062,250044415,Montgomery_County_Police,Property Damage Crash,2025-10-03 07:41:00,County_Route,SEVEN LOCKS RD,TUCKERMAN LA,Head-On,Right-of-Way Violation,Clear,Dry,Daylight,Traffic Signal,None Detected,F4371D25-EC16-46E4-AEC3-962BA8744CE1,MD,59C985C2-A96B-4CE1-82C0-8F988A59AFBA,Twelve O Clock,PassengerCar,MakingLeftTurn,Westbound,40.0,No,No,2018,HONDA,39.04066344,-77.15904134,Odyssey_Honda,7,2025,10,3,7,Friday,2025-10-03,40
3370,MCP30770029,250044401,Montgomery_County_Police,Property Damage Crash,2025-10-03 01:57:00,County_Route,CENTURY BLVD,MIDDLEBROOK RD,Other,Road Obstruction,Clear,Dry,Dark - Lighted,Flashing Traffic Signal,None Detected,A59FA238-D123-4962-A385-572A7B304BD5,MD,1EEC284B-CBCA-4EBF-8AF0-7FD20D49EB92,RoofTop,PassengerCar,Parking,East,35.0,No,No,2016,VOLKSWAGEN,39.18021767,-77.26867333,Jetta_Volkswagen,1,2025,10,3,1,Friday,2025-10-03,40
3371,MCP33220049,250045730,Montgomery_County_Police,Injury Crash,2025-10-11 14:24:00,Maryland_State_Route,CONNECTICUT AVE (SB/L),WIGHTMAN RD,Rear-End (Same Direction),Lane Violation,Cloudy,Dry,Daylight,No Control,None Detected,20FBF8A1-7690-47FF-967C-CBD496811451,MD,C0CCC615-C75A-45CE-BDA8-F8B10B1DB038,One O Clock,SportUtilityVehicle,ChangingLanes,Southbound,35.0,No,No,2018,BMW,39.07634232,-77.08077838,3 Series_BMW,14,2025,10,11,14,Saturday,2025-10-11,41
3372,MCP2723009Z,250044574,Montgomery_County_Police,Property Damage Crash,2025-10-03 22:55:00,County_Route,BRIGGS CHANEY RD,DARNESTOWN RD,Angle Collision,Right-of-Way Violation,Clear,Dry,Dark - Not Lighted,No Control,None Detected,445563BA-8BA4-408D-9EBE-0311FF941B9A,MD,10EC1092-FB4F-406C-AFCF-BCEBBF2023B8,One O Clock,PassengerCar,MovingConstantSpeed,Westbound,40.0,No,No,2014,LEXUS,39.1005743,-76.97763856,ES_Lexus,22,2025,10,3,22,Friday,2025-10-03,40
3373,MCP33190042,250045540,Montgomery_County_Police,Property Damage Crash,2025-10-10 09:00:00,County_Route,BLAIR RD,GUNNERS BRANCH RD,Sideswipe (Opposite Direction),Lane Violation,Clear,Dry,Daylight,No Control,None Detected,1ED69D94-1516-4000-8F19-E52DBEF9739D,DC,B2DFC798-45F7-48D6-8564-4C4883E60309,Eight O Clock,PassengerCar,MovingConstantSpeed,Westbound,30.0,No,No,2012,INFINITI,38.98375985,-77.02426102,Q50_Infiniti,9,2025,10,10,9,Friday,2025-10-10,41
3374,MCP2203009Z,250045930,Montgomery_County_Police,Injury Crash,2025-10-13 08:30:00,County_Route,KENBROOK DR,APARTMENT CUT THRU CUT ARCOLA AVE,Angle Collision,Road Obstruction,Cloudy,Dry,Daylight,No Control,None Detected,A2F58DB8-FD20-47EC-AD0B-1DB704F82B18,MD,6806DE74-4126-4005-B0E1-B3BF0F387F36,Nine O Clock,PassengerCar,MovingConstantSpeed,North,35.0,No,No,2011,CHRYSLER,39.03916793,-77.02777766,Town & Country_Chrysler,8,2025,10,13,8,Monday,2025-10-13,42
3375,MCP9390003N,250044982,Montgomery_County_Police,Property Damage Crash,2025-10-06 19:25:00,Maryland_State_Route,GREAT SENECA HWY,DECOVERLY DR (EB/L),Rear-End (Same Direction),Congestion / Backup,Clear,Dry,Dark - Lighted,No Control,None Detected,04AB9DA0-566E-4631-A819-BE8AE1281299,MD,9ED45B5D-C928-48A4-820F-2A335A3DA1CF,Six O Clock,PassengerCar,StoppedInTrafficLane,East,50.0,No,No,2020,TOYOTA,39.10602054,-77.20808999,Corolla_Toyota,19,2025,10,6,19,Monday,2025-10-06,41
3376,MCP3362006J,250045176,Montgomery_County_Police,Property Damage Crash,2025-10-08 07:10:00,Maryland_State_Route,NEW HAMPSHIRE AVE,RAMP 4 FR MD 650 NB TO IS 495 EB,Rear-End (Same Direction),Congestion / Backup,Rain,Wet,Dawn,No Control,None Detected,CC97957F-ED3C-4022-BE0B-8D8749A035CC,MD,BD438D00-8B1C-4C10-BD10-321099A5AB55,Six O Clock,PassengerCar,SlowingOrStopping,Northbound,35.0,No,No,2025,TOYOTA,39.01599108,-76.97748617,RAV4_Toyota,7,2025,10,8,7,Wednesday,2025-10-08,41
3377,MCP32990054,250044856,Montgomery_County_Police,Injury Crash,2025-10-06 07:18:00,County_Route,INTERNATIONAL DR,GEORGIA AVE,Head-On,Driver Inattention,Clear,Dry,Daylight,Traffic Signal,None Detected,B60D5812-BB5F-4789-88DB-A16C9D2F1528,MD,E78AA023-A2D8-482B-997C-27B5C7F7A558,Twelve O Clock,PassengerCar,MovingConstantSpeed,Northbound,45.0,No,No,2016,MAZDA,39.10376787,-77.07654199,CX-5_Mazda,7,2025,10,6,7,Monday,2025-10-06,41
3378,MCP3339005K,250044535,Montgomery_County_Police,Property Damage Crash,2025-10-03 18:40:00,Bicycle_Route,CLOPPER RD,PINETREE RD,Rear-End (Same Direction),Right-of-Way Violation,Clear,Dry,Daylight,No Control,None Detected,B639DC93-AD23-4D78-9F5E-6003367ADE6C,MD,AE00C34E-104B-4995-9B6C-6F8CB781ED5C,Six O Clock,SportUtilityVehicle,MakingLeftTurn,Westbound,35.0,No,No,2006,HONDA,39.122607,-77.09284683,CR-V_Honda,18,2025,10,3,18,Friday,2025-10-03,40
3379,EJ79030058,250047623,Gaithersburg_Police_Department,Property Damage Crash,2025-10-23 11:20:00,Ramp_Route,RAMP 1 FR IS 270 NB TO SHADY GROVE RD WB,GOLDSBORO RD,Angle Collision,Right-of-Way Violation,Clear,Dry,Daylight,Traffic Signal,None Detected,80569D6C-D994-4DAA-BAEC-1AD52083F3CD,MD,44BC03FE-220D-49AB-88A1-A2DD0B817241,Two O Clock,PassengerCar,Accelerating,Northbound,35.0,No,No,2011,HYUNDAI,39.11187014,-77.18699737,Sonata_Hyundai,11,2025,10,23,11,Thursday,2025-10-23,43
3380,MCP120500D7,250045187,Montgomery_County_Police,Property Damage Crash,2025-10-08 08:00:00,County_Route,CULVER ST,CONNECTICUT AVE (SB/L),Angle Collision,Weather Related,Rain,Wet,Daylight,Stop Sign,None Detected,3372E586-EF97-40B3-A794-08F310BA2EFD,MD,CF4FF77C-2B1E-4702-B089-92D0F5F9E78C,Eleven O Clock,PassengerCar,MovingConstantSpeed,Eastbound,35.0,No,No,2017,VOLKSWAGEN,39.00935599,-77.08088304,Passat_Volkswagen,8,2025,10,8,8,Wednesday,2025-10-08,41
3381,MCP3341005J,250045951,Montgomery_County_Police,Property Damage Crash,2025-10-13 01:09:00,County_Route,WELLER RD,PERRY PKWY,Sideswipe (Same Direction),Driver Inattention,Clear,Dry,Dark - Unknown Lighting,No Control,None Detected,228B5C01-FFF5-4E36-8CFA-6A1C9F03468A,MD,C8B845AA-0C24-4988-8EC0-077DD3F2F793,One O Clock,PassengerCar,MovingConstantSpeed,Westbound,25.0,No,No,2017,TOYOTA,39.06923469,-77.05676581,Camry_Toyota,1,2025,10,13,1,Monday,2025-10-13,42
3382,DD5669001G,250045882,Rockville_Police_Department,Property Damage Crash,2025-10-12 18:34:00,Maryland_State_Route,VEIRS MILL RD,TWINBROOK PKWY,Other,Driver Inattention,Rain,Wet,Dark - Lighted,No Control,None Detected,33839949-DE65-45BA-A595-6811FB3DAE79,MD,8D51FF32-E3D7-4FF4-AF91-555BEA046BC2,Twelve O Clock,SportUtilityVehicle,MovingConstantSpeed,Eastbound,35.0,No,No,2024,KIA,39.0743367,-77.11399722,Optima_Kia,18,2025,10,12,18,Sunday,2025-10-12,41
3383,MCP3362006P,250048212,Montgomery_County_Police,Injury Crash,2025-10-27 12:23:00,Maryland_State_Route,NEW HAMPSHIRE AVE,STEWART LA,Single Vehicle,Driver Inattention,Clear,Dry,Daylight,Traffic Signal,None Detected,651E39DB-12BF-4786-87E1-CD5645A70D0D,MD,164C50C5-223C-4B24-BF74-2CA30ABC5D94,Two O Clock,PassengerCar,MovingConstantSpeed,Not On Roadway,2.5,No,No,2025,TOYOTA,39.05787474,-76.95592392,RAV4 Prime_Toyota,12,2025,10,27,12,Monday,2025-10-27,44
3384,MCP33560039,250048125,Montgomery_County_Police,Injury Crash,2025-10-26 18:51:00,County_Route,AIRCRAFT DR,GERMANTOWN RD (SB/L),Angle Collision,Road Obstruction,Clear,Dry,Dark - Lighted,Traffic Signal,None Detected,A8375B1F-A57F-4CF1-8DEC-99F2C924B6FF,MD,507AC59A-638B-4E10-8E15-61DB98D25DF3,Twelve O Clock,PassengerCar,Accelerating,North,45.0,No,No,2007,BMW,39.18217567,-77.260338,3 Series_BMW,18,2025,10,26,18,Sunday,2025-10-26,43
3385,MCP3436001J,250047762,Montgomery_County_Police,Property Damage Crash,2025-10-24 07:22:00,Maryland_State_Route,GEORGIA AVE,GOODHILL RD,Angle Collision,Lane Violation,Clear,Dry,Daylight,No Control,None Detected,B860A554-520F-45F0-B861-5CAC9B4F5470,MD,411F0933-54B7-4E0A-A894-0FC04D4F56C0,Eight O Clock,SchoolBus,MovingConstantSpeed,Northbound,30.0,No,No,2017,TOYOTA,39.00791517,-77.039846,Camry_Toyota,7,2025,10,24,7,Friday,2025-10-24,43
3386,MCP291700F8,250045241,Montgomery_County_Police,Injury Crash,2025-10-08 13:44:00,Maryland_State_Route,WOODFIELD RD,VALLEY PARK DR (EB/L),Head-On,Speed Related,Clear,Dry,Daylight,Stop Sign,None Detected,C7C10E5C-D89E-4155-8331-C7BE6DE8D57D,MD,AAF37074-0A9D-4597-BDBE-A52CD237AF26,Twelve O Clock,PassengerCar,MovingConstantSpeed,Southbound,40.0,No,No,2024,KIA,39.27836379,-77.20373552,Niro_Kia,13,2025,10,8,13,Wednesday,2025-10-08,41
3387,MCP3274002N,250047736,Montgomery_County_Police,Property Damage Crash,2025-10-23 22:33:00,Municipality_Route,RIFFLE FORD RD,ODENDHAL AVE,Sideswipe (Same Direction),Lane Violation,Clear,Wet,Dark - Lighted,No Control,None Detected,8F79AE1E-7A43-4832-A2DD-141E9AFFB6E6,MD,1B1D6D2C-6869-4246-A89F-1B84F418183B,VehicleNotAtScene,PassengerCar,MakingLeftTurn,Not On Roadway,2.5,No,No,2021,TOYOTA,38.9812606,-77.09445293,Prius Prime_Toyota,22,2025,10,23,22,Thursday,2025-10-23,43
3388,MCP3429001F,250047594,Montgomery_County_Police,Property Damage Crash,2025-10-23 07:47:00,Maryland_State_Route,MONTGOMERY VILLAGE AVE,NEW HAMPSHIRE AVE,Rear-End (Same Direction),Lane Violation,Clear,Dry,Daylight,No Control,None Detected,68A932E8-DFC0-481B-8759-FCEA1ECC8C90,MD,8A880C6B-8D03-4557-B780-506ECD8BA5C9,Twelve O Clock,PassengerCar,SlowingOrStopping,Unknown,2.5,No,No,2006,HONDA,39.09016153,-77.07063687,Civic_Honda,7,2025,10,23,7,Thursday,2025-10-23,43
3389,EJ786600GL,250044969,Gaithersburg_Police_Department,Injury Crash,2025-10-06 17:50:00,Maryland_State_Route,FREDERICK RD,ROCKVILLE PIKE,Sideswipe (Same Direction),Lane Violation,Clear,Dry,Daylight,No Control,None Detected,6FB44DE8-5D67-492B-ADC1-1E01DC9AC2C2,MD,4C12945C-957C-4C1B-A95A-E1238666CC26,Two O Clock,PassengerCar,MovingConstantSpeed,Northbound,30.0,No,No,2022,TOYOTA,39.1514665,-77.21068467,Camry_Toyota,17,2025,10,6,17,Monday,2025-10-06,41
3390,MCP30900093,250047669,Montgomery_County_Police,Property Damage Crash,2025-10-23 16:15:00,County_Route,MONTGOMERY VILLAGE AVE,ARROWHEAD RD,Sideswipe (Same Direction),Lane Violation,Clear,Dry,Daylight,Traffic Signal,None Detected,21402BEC-A929-43B3-B159-BC712097B7BD,MD,E006EFF5-4A06-4C01-9D88-6532A9F780F5,Two O Clock,PassengerCar,MakingRightTurn,Eastbound,35.0,No,No,2021,KIA,39.18788412,-77.1972528,Forte_Kia,16,2025,10,23,16,Thursday,2025-10-23,43
3391,MCP2946007Z,250048219,Montgomery_County_Police,Property Damage Crash,2025-10-26 12:48:00,County_Route,PINNACLE DR,BEGIN BRIDGE,Rear-End (Same Direction),Surface Condition,Clear,Dry,Daylight,No Control,None Detected,B66DAB47-AD84-42B6-8E93-12CC7C3D32F4,MD,D54C2A95-CCBC-4566-9AFF-DD3FBCD3A1FF,Six O Clock,PassengerCar,Parked,West,30.0,No,Yes,2001,HONDA,39.18175963,-77.2649324,Accord_Honda,12,2025,10,26,12,Sunday,2025-10-26,43
3392,MCP24370060,250046881,Montgomery_County_Police,Property Damage Crash,2025-10-18 15:00:00,Municipality_Route,EDMONSTON DR,NORTH FARM LA,Rear vs Side,Backing Error,Clear,Dry,Daylight,No Control,None Detected,AE61BEE9-ADFA-4DB9-B5FB-4975C7B4023E,MD,10B186C7-73E3-42DF-9128-21A28C578E51,Five O Clock,SportUtilityVehicle,Backing,Southbound,25.0,No,No,2017,TOYOTA,39.0843325,-77.1305015,4Runner_Toyota,15,2025,10,18,15,Saturday,2025-10-18,42
3393,MCP3452001Q,250047598,Montgomery_County_Police,Property Damage Crash,2025-10-23 08:20:00,Maryland_State_Route,VEIRS MILL RD (WB/L),CLARIDGE RD,Other,Road Obstruction,Clear,Dry,Daylight,Traffic Signal,None Detected,B154024D-7E77-4292-BB04-EE8DA1DC43E4,MD,D818CBE0-298E-4A74-945F-9030F86580A3,One O Clock,Van - Passenger (&lt;9 Seats),MovingConstantSpeed,North,35.0,No,No,2003,CHEVROLET,39.04861333,-77.06929083,Express_Chevrolet,8,2025,10,23,8,Thursday,2025-10-23,43
3394,MCP233900C1,250046914,Montgomery_County_Police,Property Damage Crash,2025-10-18 20:32:00,Municipality_Route,MARYLAND AVE,EISENHOWER MEMORIAL HWY,Sideswipe (Same Direction),Weather Related,Clear,Dry,Dark - Lighted,No Control,None Detected,AC883510-0ED0-4D30-A24D-DEB33D865C48,MD,814B83D7-B578-4A02-B8E5-E1B18E4EF847,Nine O Clock,PassengerCar,Parked,West,15.0,No,Yes,2024,TOYOTA,39.08693017,-77.15111967,Tundra_Toyota,20,2025,10,18,20,Saturday,2025-10-18,42
3395,EJ7871008Q,250046271,Gaithersburg_Police_Department,Injury Crash,2025-10-14 23:21:00,Municipality_Route,FIRSTFIELD RD (EB/L),RAMP 4 FR MD 185 NB TO IS 495 EB,Rear-End (Same Direction),Driver Inattention,Clear,Dry,Dark - Lighted,No Control,None Detected,711DDDA6-E017-460D-8060-CE8A3C4639A9,MD,C64528F6-77D7-4308-A608-48C66741450D,Six O Clock,Motorcycle2Wheeled,MovingConstantSpeed,Eastbound,25.0,No,No,2022,INFINITI,39.14548917,-77.221333,Q50_Infiniti,23,2025,10,14,23,Tuesday,2025-10-14,42
3396,MCP2974005Y,250048072,Montgomery_County_Police,Property Damage Crash,2025-10-26 12:09:00,County_Route,PRELUDE DR,COLUMBIA PIKE (SB/L),Rear-End (Same Direction),Tailgating,Clear,Dry,Daylight,Traffic Signal,None Detected,951AF35B-083D-4532-B760-7493776DE621,MD,B087D221-9613-4B3A-BCA2-5CA9386B9B22,Five O Clock,PassengerCar,StoppedInTrafficLane,Southbound,45.0,No,No,2016,KIA,39.03950364,-76.99781399,Forte_Kia,12,2025,10,26,12,Sunday,2025-10-26,43
3397,MCP2835003W,250045674,Montgomery_County_Police,Property Damage Crash,2025-10-10 23:02:00,County_Route,ROCKVILLE PIKE,BETHESDA AVE,Rear-End (Same Direction),Driver Inattention,Clear,Dry,Dark - Lighted,Traffic Signal,Suspect Alcohol Only,42F51247-4232-42E1-8903-9A5C2762D4E3,WA,73BFB78C-6BC5-45B6-A4EA-723B1F646040,Twelve O Clock,PickupTruck,MovingConstantSpeed,Southbound,25.0,No,No,2022,TOYOTA,38.98089473,-77.09842385,Tacoma_Toyota,23,2025,10,10,23,Friday,2025-10-10,41
3398,MCP3068006X,250047885,Montgomery_County_Police,Property Damage Crash,2025-10-24 19:54:00,Municipality_Route,VIRGILIA ST,LANARK WAY,Sideswipe (Same Direction),Lane Violation,Clear,Dry,Dark - Lighted,No Control,None Detected,0A702C08-1E63-4DD2-9189-204BD7AA67FF,MD,F78E3068-EE68-4F42-91F5-7566EC288A63,Two O Clock,OtherTruck,MovingConstantSpeed,Westbound,25.0,No,No,2018,BMW,38.98381783,-77.0784825,M2_BMW,19,2025,10,24,19,Friday,2025-10-24,43