Unnamed: 0,Report Number,Local Case Number,Agency Name,ACRS Report Type,Crash Date/Time,Route Type,Road Name,Cross-Street Name,Collision Type,Circumstance_Category,Weather,Surface Condition,Light,Traffic Control,Driver Substance Abuse,Person ID,Drivers License State,Vehicle ID,Vehicle First Impact Location,Vehicle Body Type,Vehicle Movement,Vehicle Going Dir,Speed Limit,Driverless Vehicle,Parked Vehicle,Vehicle Year,Vehicle Make,Latitude,Longitude,Vehicle Model,hour,Crash_year,Crash_month,Crash_day,Crash_hour,Crash_day_name,Crash_date,Crash_week
3399,MCP220300B5,250048108,Montgomery_County_Police,Property Damage Crash,2025-10-26 17:25:00,County_Route,HICKERSON DR,GEORGIA AVE (SB/L),Angle Collision,Road Obstruction,Clear,Dry,Daylight,No Control,None Detected,40FF7D44-2CB8-458B-A255-32A675CE4669,MD,B180112F-C926-4CEB-BC5F-F218D8853DAF,Eleven O Clock,PassengerCar,MakingLeftTurn,West,25.0,No,No,2008,MERCEDES-BENZ,39.04223723,-77.05199415,C-Class_Mercedes-Benz,17,2025,10,26,17,Sunday,2025-10-26,43
3401,MCP3452001N,250046134,Montgomery_County_Police,Injury Crash,2025-10-14 09:40:00,Maryland_State_Route,VEIRS MILL RD,ASPEN HILL RD,Other,Lane Violation,Clear,Dry,Daylight,Traffic Signal,None Detected,A60F8064-CFF1-45F7-B354-A38C85CEC956,MD,235C6758-C756-4F8B-8C84-8F60EFA05CC4,Eleven O Clock,SportUtilityVehicle,MovingConstantSpeed,Northbound,35.0,No,No,2023,GMC,39.05297953,-77.07696354,Yukon XL_GMC,9,2025,10,14,9,Tuesday,2025-10-14,42
3402,DD5653005P,250046974,Rockville_Police_Department,Property Damage Crash,2025-10-19 13:53:00,Maryland_State_Route,ROCKVILLE PIKE (SB/L),GEORGIA AVE,Angle Collision,Right-of-Way Violation,Clear,Dry,Daylight,No Control,None Detected,37FB6E8D-170B-473C-8790-C193ACDE8617,NY,D0663749-D1A8-4871-9585-5E04E995DD4D,Three O Clock,PassengerCar,MakingRightTurn,Westbound,35.0,No,No,2024,TESLA,39.06526957,-77.12706028,Model 3_Tesla,13,2025,10,19,13,Sunday,2025-10-19,42
3405,MCP2534005N,250044993,Montgomery_County_Police,Property Damage Crash,2025-10-06 22:19:00,County_Route,ZION RD,OLNEY LAYTONSVILLE RD,Angle Collision,Passing / Turning,Clear,Dry,Dark - Lighted,No Control,None Detected,0BDF8F27-1033-49E0-9052-C2F6D8A6BF00,MD,D56D298C-A0AA-49C2-9826-528E73B798E2,Eleven O Clock,PassengerCar,Passing,Westbound,50.0,No,No,2021,TOYOTA,39.17693417,-77.10060761,Camry_Toyota,22,2025,10,6,22,Monday,2025-10-06,41
3406,MCP3362006H,250045020,Montgomery_County_Police,Injury Crash,2025-10-07 08:29:00,County_Route,FAIRLAND RD,SWEETBRIAR PKWY,Head-On,Lane Violation,Clear,Dry,Daylight,No Control,None Detected,1687F200-0537-47CD-B0DB-D14409D8D110,MD,2F385155-F17E-49B6-9C8B-7B1831417F15,Ten O Clock,PassengerCar,MovingConstantSpeed,Westbound,35.0,No,No,2012,HONDA,39.076765,-76.96922967,Fit_Honda,8,2025,10,7,8,Tuesday,2025-10-07,41
3407,MCP308600C8,250045934,Montgomery_County_Police,Injury Crash,2025-10-13 09:58:00,County_Route,FLOWER HILL WAY,SLIGO CREEK PKWY,Angle Collision,Right-of-Way Violation,Cloudy,Dry,Daylight,Stop Sign,None Detected,F631DD10-0F4D-44E6-B43D-DB2F97130702,MD,00310542-BBF0-4AF0-8D1F-5E8854F36253,Twelve O Clock,PickupTruck,MovingConstantSpeed,Eastbound,25.0,No,No,2017,GMC,39.15536633,-77.16452775,Sierra_GMC,9,2025,10,13,9,Monday,2025-10-13,42
3408,DD56680020,250035577,Rockville_Police_Department,Property Damage Crash,2025-10-23 00:07:00,Maryland_State_Route,HUNGERFORD DR (SB/L),TIMBERWOOD AVE,Single Vehicle,Driver Inattention,Clear,Dry,Dark - Lighted,Traffic Signal,Suspect Alcohol Only,87A64D14-6A73-4E81-9CAA-49401CB4F45E,MD,50640281-5AD7-4A25-B175-6E0CE3CD5689,Twelve O Clock,PassengerCar,Accelerating,Northbound,35.0,No,No,2021,BMW,39.08750173,-77.15041797,3 Series_BMW,0,2025,10,23,0,Thursday,2025-10-23,43
3409,MCP27530067,250044419,Montgomery_County_Police,Property Damage Crash,2025-10-03 07:55:00,County_Route,FRANKFORT DR,E JEFFERSON ST,Single Vehicle,Passing / Turning,Clear,Dry,Daylight,No Control,None Detected,437D3187-DA83-4392-895E-07649EA384DA,MD,52BB4C8D-FA4B-4FE6-912D-E2A737D8D2DA,Eleven O Clock,SchoolBus,MakingRightTurn,Southbound,2.5,No,No,2020,NISSAN,39.08483694,-77.09057674,Altima_Nissan,7,2025,10,3,7,Friday,2025-10-03,40
3410,MCP3402004J,250045694,Montgomery_County_Police,Injury Crash,2025-10-11 07:45:00,County_Route,STEWART LA,ATLANTA DR,Single Vehicle,Driver Inattention,Clear,Dry,Daylight,No Control,None Detected,A21B639F-4BF1-4250-AE87-4637AAF2EAF9,MD,091F7095-DF68-47A3-BF2E-8CBB5F463F63,Underside,TransitBus,MovingConstantSpeed,Eastbound,35.0,No,No,2019,TOYOTA,39.04610607,-76.98632883,Camry_Toyota,7,2025,10,11,7,Saturday,2025-10-11,41
3411,MCP24500061,250047986,Montgomery_County_Police,Property Damage Crash,2025-10-25 15:30:00,Maryland_State_Route,QUINCE ORCHARD RD,CUSTER RD,Sideswipe (Same Direction),Lane Violation,Clear,Dry,Daylight,Traffic Signal,None Detected,D3A5E308-8C33-4152-B0A8-38460F295A9F,MD,0715CEF8-E7FE-42D2-B942-E82462FC60C3,Two O Clock,PassengerCar,MovingConstantSpeed,Eastbound,35.0,No,No,2021,LEXUS,39.15219276,-77.21248059,IS_Lexus,15,2025,10,25,15,Saturday,2025-10-25,43
3412,MCP32680066,250048161,Montgomery_County_Police,Injury Crash,2025-10-27 08:06:00,Maryland_State_Route,CONTOUR RD,TANLEY RD,Single Vehicle,Driver Inattention,Clear,Wet,Daylight,No Control,None Detected,5BE3A02B-64D3-421F-A877-D232F8F1D352,MD,E419242B-B66D-4A1F-A5B4-B2B4AA731CA0,Twelve O Clock,PassengerCar,MovingConstantSpeed,Not On Roadway,2.5,No,No,2019,HONDA,39.02757946,-76.9916449,Fit_Honda,8,2025,10,27,8,Monday,2025-10-27,44
3413,MCP32320071,250044167,Montgomery_County_Police,Injury Crash,2025-10-01 14:43:00,Bicycle_Route,ARCOLA AVE,OLD VIC BLVD,Rear-End (Same Direction),Speed Related,Clear,Dry,Daylight,Traffic Signal,None Detected,181BF99E-2CB7-4BC1-867F-5932DD1EBE20,MD,7310267D-855D-42E9-BBC1-D7A093298582,Twelve O Clock,PassengerCar,MovingConstantSpeed,South,35.0,No,No,2007,TOYOTA,39.14490433,-77.0472895,Corolla_Toyota,14,2025,10,1,14,Wednesday,2025-10-01,40
3414,DD56680021,250047713,Rockville_Police_Department,Property Damage Crash,2025-10-23 17:40:00,Municipality_Route,BALTIMORE RD,CRESTED IRIS CT,Rear-End (Same Direction),Tailgating,Clear,Dry,Dusk,No Control,None Detected,41876CCC-331F-43DC-8619-9849D0B6E285,MD,E3C479F9-6F68-425D-ACF9-157E24BE3E41,Twelve O Clock,OtherTruck,SlowingOrStopping,Eastbound,25.0,No,No,2020,AUDI,39.08449694,-77.13507815,A4_Audi,17,2025,10,23,17,Thursday,2025-10-23,43
3415,MCP29680062,250044415,Montgomery_County_Police,Property Damage Crash,2025-10-03 07:41:00,County_Route,SEVEN LOCKS RD,TUCKERMAN LA,Head-On,Road Obstruction,Clear,Dry,Daylight,Traffic Signal,None Detected,41A76969-20A5-40A2-8FB1-2FD97A34BE45,MD,89EB5046-E039-470E-9192-4F5FA90ED7D8,Twelve O Clock,PassengerCar,MovingConstantSpeed,South,40.0,No,No,2009,TOYOTA,39.04066344,-77.15904134,RAV4_Toyota,7,2025,10,3,7,Friday,2025-10-03,40
3416,MCP3380003P,250045402,Montgomery_County_Police,Property Damage Crash,2025-10-09 12:47:00,Maryland_State_Route,UNIVERSITY BLVD W,SPUR FR MD 355,Sideswipe (Same Direction),Lane Violation,Clear,Dry,Daylight,No Control,None Detected,92C71767-1156-488C-BC5D-95DBB81BB6E3,MD,DA071374-79AC-46C3-AA06-BF626A8DACC9,VehicleNotAtScene,PassengerCar,ChangingLanes,Eastbound,30.0,No,No,2014,KIA,39.04136496,-77.05202922,Optima_Kia,12,2025,10,9,12,Thursday,2025-10-09,41
3417,MCP2782005M,250044976,Montgomery_County_Police,Injury Crash,2025-10-06 19:06:00,Maryland_State_Route,DAMASCUS RD,GEORGIA AVE GEORGIA AVE (SB/L),Angle Collision,Traffic Control Violation,Clear,Dry,Daylight,Traffic Signal,None Detected,AA9115E5-6A40-4E37-A083-4EA9BDE4F059,MD,6771325C-1D68-431E-9EBF-51C1BBBB4193,Twelve O Clock,SportUtilityVehicle,MovingConstantSpeed,Southbound,30.0,No,No,2010,JEEP,39.22157933,-77.059977,Wrangler_Jeep,19,2025,10,6,19,Monday,2025-10-06,41
3418,MCP3362006N,250048187,Montgomery_County_Police,Property Damage Crash,2025-10-27 10:32:00,County_Route,LOCKWOOD DR,CONNECTICUT AVE,Sideswipe (Same Direction),Passing / Turning,Clear,Dry,Daylight,Traffic Signal,None Detected,D6B0F390-30D5-4312-AD3E-163CDA56482D,MD,026859D6-E2AD-45F9-8489-439EB4422571,Eight O Clock,TransitBus,MakingLeftTurn,Westbound,35.0,No,No,2020,CHEVROLET,39.03381911,-77.00233747,Silverado_Chevrolet,10,2025,10,27,10,Monday,2025-10-27,44
3419,MCP3254004P,250048404,Montgomery_County_Police,Property Damage Crash,2025-10-28 13:46:00,Maryland_State_Route,GOOD HOPE RD,SHAWNEE LA,Rear-End (Same Direction),Tailgating,Clear,Dry,Daylight,No Control,None Detected,5348AF66-419C-418C-B67B-7AE945C4457D,VA,CDF7C1D8-CC56-4741-8776-043226CAA2DF,Eleven O Clock,OtherTruck,MovingConstantSpeed,Northbound,40.0,No,No,2014,BMW,39.27171303,-77.30792334,M2_BMW,13,2025,10,28,13,Tuesday,2025-10-28,44
3420,MCP2743001Q,250047735,Montgomery_County_Police,Property Damage Crash,2025-10-23 22:27:00,County_Route,ROCKLEDGE DR (SB/L),ROCKLEDGE BLVD (SB/L),Angle Collision,Right-of-Way Violation,Clear,Dry,Dark - Lighted,Flashing Traffic Signal,None Detected,312907BE-CACE-4213-A938-0D65B6411871,MD,2F362856-1414-4706-A503-7B254387474C,Twelve O Clock,PassengerCar,SlowingOrStopping,North,30.0,No,No,2025,TESLA,39.0297854,-77.13236426,Model 3_Tesla,22,2025,10,23,22,Thursday,2025-10-23,43
3421,MCP913000LC,250044293,Montgomery_County_Police,Injury Crash,2025-10-02 10:41:00,Maryland_State_Route,UNIVERSITY BLVD E,PINEY BRANCH RD (SB/L),Angle Collision,Traffic Control Violation,Cloudy,Dry,Daylight,Traffic Signal,None Detected,35060EB5-3E4B-4ED5-97D5-AB723BB3DCDF,MD,05755012-F25F-4A56-A1C9-31BC5ABBB509,Eight O Clock,SportUtilityVehicle,MovingConstantSpeed,Westbound,35.0,No,No,2020,TOYOTA,38.99963233,-76.99557433,Camry_Toyota,10,2025,10,2,10,Thursday,2025-10-02,40
3423,MCP3374003S,250045171,Montgomery_County_Police,Injury Crash,2025-10-08 05:48:00,Maryland_State_Route,ROCKVILLE PIKE (SB/L),DEMETRIAS WAY,Angle Collision,Right-of-Way Violation,Rain,Wet,Dark - Not Lighted,No Control,None Detected,23AAC9B5-0E1F-4A73-B28B-CCF2E5C6668E,MD,967257D9-B8F7-4DEE-BB68-3100A910EDD9,Five O Clock,PassengerCar,ChangingLanes,Southbound,35.0,No,No,2015,NISSAN,39.00399917,-77.09747717,Sentra_Nissan,5,2025,10,8,5,Wednesday,2025-10-08,41
3424,EJ7884007G,250046921,Gaithersburg_Police_Department,Injury Crash,2025-10-18 22:28:00,Municipality_Route,PARKVIEW AVE,RAMP 8 FR IS 270 SB TO WATKINS MILL RD W WATKINS MILL RD (SB/L),Angle Collision,Right-of-Way Violation,Clear,Dry,Dark - Lighted,Traffic Signal,None Detected,A3711877-F13B-426E-9348-64CBE97644F5,MD,670D7749-FAE4-4230-9668-95254ABC0519,Twelve O Clock,SportUtilityVehicle,MovingConstantSpeed,Westbound,35.0,No,No,2023,HONDA,39.15564532,-77.22726177,CR-V_Honda,22,2025,10,18,22,Saturday,2025-10-18,42
3427,MCP2974005Y,250048072,Montgomery_County_Police,Property Damage Crash,2025-10-26 12:09:00,County_Route,PRELUDE DR,COLUMBIA PIKE (SB/L),Rear-End (Same Direction),Tailgating,Clear,Dry,Daylight,Traffic Signal,None Detected,80065E4F-6AC1-4007-8AEA-850F1C332CD7,MD,EDCB3A13-2D47-4C61-8A49-8196D6A5D6BB,One O Clock,PassengerCar,SlowingOrStopping,Southbound,45.0,No,No,2021,TOYOTA,39.03950364,-76.99781399,Corolla_Toyota,12,2025,10,26,12,Sunday,2025-10-26,43
3428,MCP25920051,250045908,Montgomery_County_Police,Injury Crash,2025-10-12 23:50:00,County_Route,WIGHTMAN RD,OLD COLUMBIA PIKE,Sideswipe (Opposite Direction),Driver Inattention,Clear,Wet,Dark - Not Lighted,No Control,None Detected,3A732DED-BADD-4614-95C2-0D1E9238DB54,MD,997E771E-B1D4-4DFB-9BE1-A6E76E0B81D4,Eleven O Clock,PassengerCar,NegotiatingCurve,Northbound,30.0,No,No,2009,NISSAN,39.20031933,-77.2038345,Versa_Nissan,23,2025,10,12,23,Sunday,2025-10-12,41
3429,MCP3473000Z,250047681,Montgomery_County_Police,Property Damage Crash,2025-10-23 17:07:00,US_State_Route,GEORGIA AVE,DEXTER AVE METRORAIL TRACK B2 RAIL,Angle Collision,Congestion / Backup,Clear,Dry,Daylight,No Control,None Detected,7F33AE8B-542A-4839-B8CE-2B55529124E1,MD,1E6F4774-7EDE-4DFD-81F7-3EFDD8903967,Seven O Clock,PassengerCar,Parked,East,35.0,No,Yes,2020,TOYOTA,38.99501897,-77.02696675,Camry_Toyota,17,2025,10,23,17,Thursday,2025-10-23,43
3430,MCP26030070,250045201,Montgomery_County_Police,Property Damage Crash,2025-10-08 10:00:00,County_Route,LOST KNIFE RD (NB/L),CONTOUR RD,Angle Collision,Right-of-Way Violation,Cloudy,Dry,Daylight,Traffic Signal,None Detected,692984D8-A02B-4B01-89EC-EFE17DA1A5C3,MD,60C69071-790A-4587-9BE1-BFC6A4835302,Eleven O Clock,PassengerCar,MakingLeftTurn,West,35.0,No,No,2024,KIA,39.15508933,-77.20111983,Optima_Kia,10,2025,10,8,10,Wednesday,2025-10-08,41
3432,MCP3162006C,250047592,Montgomery_County_Police,Injury Crash,2025-10-23 07:45:00,Maryland_State_Route,GEORGIA AVE,BOWIE MILL RD,Rear-End (Same Direction),Congestion / Backup,Clear,Dry,Daylight,Lane Use Control,None Detected,8094FDEC-32BB-4AC0-BBB0-62AEB157B1AE,MD,72522B5B-195B-4C7D-9E20-E9A6257E310D,Six O Clock,PassengerCar,SlowingOrStopping,Northbound,35.0,No,No,2019,TOYOTA,39.00766787,-77.03979935,RAV4_Toyota,7,2025,10,23,7,Thursday,2025-10-23,43
3433,MCP31710030,250048393,Montgomery_County_Police,Property Damage Crash,2025-10-28 12:10:00,Maryland_State_Route,ARCTIC AVE,CRABBS BRANCH WAY,Angle Collision,Right-of-Way Violation,Clear,Dry,Daylight,Traffic Signal,None Detected,74504750-0AF1-4458-B712-1228F445573B,MD,6531E5A1-73C7-4A43-A8CB-BD21AF4291F2,Two O Clock,PassengerCar,Accelerating,Westbound,2.5,No,No,2022,HONDA,39.17987995,-77.26921815,Civic_Honda,12,2025,10,28,12,Tuesday,2025-10-28,44
3434,MCP3396002K,250047376,Montgomery_County_Police,Injury Crash,2025-10-21 19:45:00,Maryland_State_Route,GEORGIA AVE,FREDERICK RD,Rear-End (Same Direction),Tailgating,Clear,Dry,Dark - Not Lighted,No Control,None Detected,56CDA27D-81F0-4F5D-B79D-51ECE29E9537,MD,43571C62-5704-44E2-B69B-041524A5F040,Five O Clock,PassengerCar,SlowingOrStopping,Southbound,35.0,No,No,2012,HONDA,39.0514405,-77.05147767,Civic_Honda,19,2025,10,21,19,Tuesday,2025-10-21,43
3435,MCP26220059,250044965,Montgomery_County_Police,Property Damage Crash,2025-10-06 16:12:00,County_Route,BLUE VALLEY PL,KIRKLYNN AVE,Single Vehicle,Driver Inattention,Clear,Dry,Daylight,No Control,None Detected,97B7BD35-5A00-4EED-87E8-83EF890373AF,MD,4A35ACDD-F3C3-4918-A57D-147B010FE1D5,RoofTop,SchoolBus,MakingLeftTurn,Northbound,15.0,No,No,2024,HONDA,39.07008009,-76.96445321,CR-V_Honda,16,2025,10,6,16,Monday,2025-10-06,41
3436,MCP25520087,250045175,Montgomery_County_Police,Injury Crash,2025-10-08 07:05:00,County_Route,TRAVILAH RD,RIVER RD RIVERS EDGE DR,Angle Collision,Right-of-Way Violation,Cloudy,Wet,Daylight,Stop Sign,None Detected,687BB35A-8434-40EC-AEEA-294B5A0765A8,MD,7DE1BB09-5A24-4C13-89FB-DEEB63A59FA3,Three O Clock,PassengerCar,Accelerating,Northbound,30.0,No,No,2018,FORD,39.06075994,-77.28218381,F-150_Ford,7,2025,10,8,7,Wednesday,2025-10-08,41
3437,DM8528000V,250047738,Takoma_Park_Police_Department,Injury Crash,2025-10-23 23:00:00,Maryland_State_Route,UNIVERSITY BLVD,THOMPSON DAIRY WAY,Single Vehicle,Driver Inattention,Clear,Dry,Dark - Lighted,Flashing Traffic Signal,None Detected,2C346FCE-B9EE-49B1-9CCB-5BF6DF4A2C0F,MD,FC5B5549-046B-49F5-8CA2-A5CD4E402BB2,Twelve O Clock,PassengerCar,MovingConstantSpeed,Eastbound,35.0,No,No,2002,FORD,38.98863987,-76.98746783,Mustang_Ford,23,2025,10,23,23,Thursday,2025-10-23,43
3438,MCP3452001Q,250047598,Montgomery_County_Police,Property Damage Crash,2025-10-23 08:20:00,Maryland_State_Route,VEIRS MILL RD (WB/L),CLARIDGE RD,Other,Road Obstruction,Clear,Dry,Daylight,Traffic Signal,None Detected,0FBB50BE-DDBB-4F27-A9D4-B7F3F1A7F1E9,MD,32258046-96BE-4572-97B4-F37F0190BEFE,Eight O Clock,PassengerCar,MakingRightTurn,West,25.0,No,No,2018,LEXUS,39.04861333,-77.06929083,IS_Lexus,8,2025,10,23,8,Thursday,2025-10-23,43
3439,DD5604005W,250047665,Rockville_Police_Department,Property Damage Crash,2025-10-23 16:02:00,Maryland_State_Route,E JEFFERSON ST,MONROE ST,Sideswipe (Same Direction),Lane Violation,Clear,Dry,Daylight,Traffic Signal,None Detected,F03443A0-354B-4B1C-9199-537FA3C33A4C,MD,43859C3D-17BB-43FE-AD8D-F8C266B20DCE,One O Clock,TransitBus,SlowingOrStopping,Westbound,30.0,No,No,2009,HONDA,39.08193277,-77.14924276,Civic_Honda,16,2025,10,23,16,Thursday,2025-10-23,43
3440,MCP3452001N,250046134,Montgomery_County_Police,Injury Crash,2025-10-14 09:40:00,Maryland_State_Route,VEIRS MILL RD,CELEBRATION WAY,Other,Right-of-Way Violation,Clear,Dry,Daylight,Traffic Signal,None Detected,AF63D816-871A-4543-BBBF-ADBF62402F86,MD,48C4949F-9ED0-41DF-B333-B7CBEB97A0F1,Eleven O Clock,PassengerCar,MakingRightTurn,Eastbound,25.0,No,No,2008,HONDA,39.05297953,-77.07696354,Civic_Honda,9,2025,10,14,9,Tuesday,2025-10-14,42
3441,MCP22980192,250045740,Montgomery_County_Police,Property Damage Crash,2025-10-11 15:44:00,County_Route,CENTURY BLVD,FAIRCHILD DR,Sideswipe (Same Direction),Right-of-Way Violation,Cloudy,Dry,Daylight,Stop Sign,None Detected,8FAA129C-7251-4A9B-940B-00B69B9A588A,MD,9617B2DE-43D9-46DB-B152-FC6FF13FFFDA,Two O Clock,SportUtilityVehicle,MakingLeftTurn,Southbound,30.0,No,No,2020,FORD,39.19221002,-77.26527511,Explorer_Ford,15,2025,10,11,15,Saturday,2025-10-11,41
3442,MCP3230007N,250046613,Montgomery_County_Police,Injury Crash,2025-10-16 21:00:00,Maryland_State_Route,VEIRS MILL RD (WB/L),GERMANTOWN RD,Rear-End (Same Direction),Driver Inattention,Clear,Dry,Dark - Lighted,No Control,None Detected,59EC03AC-4CDF-4DA7-AD70-A40A27991919,MD,95A19904-5476-47C8-809B-7706C87D8A2D,Six O Clock,PassengerCar,MovingConstantSpeed,Westbound,35.0,No,No,2010,TOYOTA,39.06215667,-77.09284367,Corolla_Toyota,21,2025,10,16,21,Thursday,2025-10-16,42
3443,MCP2717010X,250047351,Montgomery_County_Police,Property Damage Crash,2025-10-21 16:23:00,County_Route,CLOPPER RD,WHETSTONE GLEN ST,Other,Road Obstruction,Clear,Dry,Daylight,Stop Sign,None Detected,82128B54-DA00-418C-8D15-4ED6BAE72DFA,MD,05AF478E-D23E-47DD-B815-BC65F2568025,Eleven O Clock,PassengerCar,MovingConstantSpeed,Unknown,2.5,No,No,2009,TOYOTA,39.13174459,-77.2319938,Corolla_Toyota,16,2025,10,21,16,Tuesday,2025-10-21,43
3444,EJ7884007F,250045781,Gaithersburg_Police_Department,Injury Crash,2025-10-11 20:40:00,Municipality_Route,CHRISTOPHER AVE,DORSEY RD,Angle Collision,Right-of-Way Violation,Clear,Dry,Dark - Lighted,No Control,None Detected,8F181D15-8A00-4C52-83D3-FC3590D04E73,MD,3C039E9F-A840-4FF5-BA0C-71DC4881CC5C,Twelve O Clock,PassengerCar,MovingConstantSpeed,Westbound,30.0,No,No,2009,TOYOTA,39.15881716,-77.21175441,Prius_Toyota,20,2025,10,11,20,Saturday,2025-10-11,41
3445,MCP3398001S,250045166,Montgomery_County_Police,Injury Crash,2025-10-08 03:00:00,County_Route,MILL RUN DR,KEMP MILL RD,Sideswipe (Opposite Direction),Right-of-Way Violation,Rain,Wet,Dark - Lighted,Traffic Signal,None Detected,E09CA8B5-F731-4704-BC3B-8398C20442B5,MD,6C2072C6-55FB-4FA9-BE67-496E379D0848,Nine O Clock,PassengerCar,MovingConstantSpeed,Eastbound,35.0,No,No,2023,MERCEDES-BENZ,39.1451954,-77.1503058,GLA_Mercedes-Benz,3,2025,10,8,3,Wednesday,2025-10-08,41
3446,MCP2683007F,250045328,Montgomery_County_Police,Property Damage Crash,2025-10-08 21:22:00,County_Route,NEBEL ST,NEBEL ST RANDOLPH RD RANDOLPH RD (WB/L),Head-On,Traffic Control Violation,Clear,Dry,Dark - Lighted,Traffic Signal,None Detected,31EEBDEB-E5FD-4A49-AE0A-65F6E545BD0D,MD,9F35A0E7-BC2D-49B7-96B7-4F56D433457D,Eleven O Clock,PassengerCar,MovingConstantSpeed,Eastbound,35.0,No,No,2016,CHEVROLET,39.05333311,-77.11100231,Camaro_Chevrolet,21,2025,10,8,21,Wednesday,2025-10-08,41
3447,MCP137801F4,250048385,Montgomery_County_Police,Injury Crash,2025-10-28 12:50:00,Maryland_State_Route,CONNECTICUT AVE,NO NAME,Rear-End (Same Direction),Congestion / Backup,Cloudy,Dry,Daylight,Yield Sign,None Detected,1383DC2F-12FE-43D8-9990-3E7767A9D7C9,MD,58DD6A11-54F8-45EA-BEB9-CCC22A3F029C,Six O Clock,PassengerCar,SlowingOrStopping,Northbound,35.0,No,No,2012,BUICK,39.05187407,-77.07460293,Verano_Buick,12,2025,10,28,12,Tuesday,2025-10-28,44
3448,MCP3339005M,250047531,Montgomery_County_Police,Property Damage Crash,2025-10-22 17:43:00,Crossover,CINNAMON DR,NORBECK RD,Rear-End (Same Direction),Driver Inattention,Clear,Dry,Dusk,Traffic Signal,None Detected,DF20191B-02B7-4421-A1CF-0CED74C314B3,PA,002325CC-DE55-4C93-A31B-94465540B4F8,Twelve O Clock,PassengerCar,SlowingOrStopping,Westbound,35.0,No,No,2019,HONDA,39.09693283,-77.10769319,Civic_Honda,17,2025,10,22,17,Wednesday,2025-10-22,43
3450,MCP31930073,250047390,Montgomery_County_Police,Property Damage Crash,2025-10-16 19:30:00,County_Route,BLUHILL RD,CLAY ST,Rear-End (Same Direction),Right-of-Way Violation,Clear,Dry,Dark - Lighted,Stop Sign,None Detected,A4154372-C2B2-4B4B-AB00-CB2E523FD7F1,MD,5B60A117-2730-4644-B566-0F2B7E73DD90,NonCollision,PassengerCar,MakingLeftTurn,Southbound,25.0,No,No,2010,KIA,39.05731506,-77.0661471,Optima_Kia,19,2025,10,16,19,Thursday,2025-10-16,42
3451,MCP21020050,250045280,Montgomery_County_Police,Property Damage Crash,2025-10-08 17:16:00,Maryland_State_Route,WHEATFIELD DR,DORSEY RD FAIRWAY VIEW DRIVE,Rear-End (Same Direction),Congestion / Backup,Clear,Dry,Daylight,Stop Sign,None Detected,101DB7F3-DBDE-4652-A129-F76BD352330C,MD,48F661C8-F8E2-4C36-8C32-E478DD8FC6BB,Six O Clock,PassengerCar,StoppedInTrafficLane,Eastbound,30.0,No,No,2010,HONDA,39.19635949,-77.12984655,Civic_Honda,17,2025,10,8,17,Wednesday,2025-10-08,41
3452,MCP32320074,250046717,Montgomery_County_Police,Property Damage Crash,2025-10-17 14:43:00,Maryland_State_Route,NORBECK RD,GAME PRESERVE RD (BACK),Sideswipe (Same Direction),Lane Violation,Clear,Dry,Daylight,No Control,None Detected,8E382B5A-DAED-4AF4-8324-022F411A50F3,MD,741774BE-9AE7-416E-AF76-62D788D05EA9,Ten O Clock,SportUtilityVehicle,MovingConstantSpeed,Eastbound,35.0,No,No,2019,ACURA,39.11470567,-77.05336867,MDX_Acura,14,2025,10,17,14,Friday,2025-10-17,42
3453,MCP3171002Z,250048352,Montgomery_County_Police,Injury Crash,2025-10-28 08:45:00,County_Route,CENTURY BLVD (SB/L),WHEATRIDGE DR,Angle Collision,Road Obstruction,Clear,Dry,Daylight,No Control,None Detected,644BEFF5-9B1F-47D4-A159-5B69D8918E7E,MD,22A060AA-1FA9-49E7-AF58-961BAD560978,Twelve O Clock,SportUtilityVehicle,MovingConstantSpeed,North,35.0,No,No,2020,FORD,39.19214487,-77.2654854,F-150_Ford,8,2025,10,28,8,Tuesday,2025-10-28,44
3454,MCP913000LJ,250048569,Montgomery_County_Police,Injury Crash,2025-10-29 13:46:00,County_Route,MERRIMAC DR,SPUR TO MD 355,Angle Collision,Right-of-Way Violation,Cloudy,Dry,Daylight,No Control,None Detected,B5068A74-5C9D-4211-9BB9-415D17FCF7DD,MD,9C87578D-986D-41C5-8706-77B5FA4FFFA9,Ten O Clock,PassengerCar,MakingLeftTurn,Eastbound,25.0,No,No,2022,TOYOTA,38.99296114,-76.99091678,Prius_Toyota,13,2025,10,29,13,Wednesday,2025-10-29,44