Unnamed: 0,Report Number,Local Case Number,Agency Name,ACRS Report Type,Crash Date/Time,Route Type,Road Name,Cross-Street Name,Collision Type,Circumstance_Category,Weather,Surface Condition,Light,Traffic Control,Driver Substance Abuse,Person ID,Drivers License State,Vehicle ID,Vehicle First Impact Location,Vehicle Body Type,Vehicle Movement,Vehicle Going Dir,Speed Limit,Driverless Vehicle,Parked Vehicle,Vehicle Year,Vehicle Make,Latitude,Longitude,Vehicle Model,hour,Crash_year,Crash_month,Crash_day,Crash_hour,Crash_day_name,Crash_date,Crash_week
3455,MCP30380086,250046874,Montgomery_County_Police,Property Damage Crash,2025-10-18 15:59:00,Maryland_State_Route,CAPITAL BELTWAY,KINGS VALLEY RD,Sideswipe (Same Direction),Lane Violation,Clear,Dry,Daylight,No Control,None Detected,7DFB04A7-A5BC-43CC-9F50-317E5590B465,MD,C06B0463-B187-4734-B2CE-39066C62A7DC,Nine O Clock,SportUtilityVehicle,MovingConstantSpeed,Eastbound,30.0,No,No,2020,TOYOTA,38.99496286,-77.04556622,Camry_Toyota,15,2025,10,18,15,Saturday,2025-10-18,42
3456,EJ7905003R,250048281,Gaithersburg_Police_Department,Injury Crash,2025-10-27 17:28:00,Ramp_Route,RAMP 7 FR MD 117 WB TO RAMP 6 (TO IS270),BRADLEY BLVD,Rear-End (Same Direction),Tailgating,Clear,Dry,Daylight,No Control,None Detected,064BC832-6E6B-42AE-948B-660CAA492399,MD,8D823EDB-7E16-470B-914A-D8035E5C1F16,Twelve O Clock,PassengerCar,SlowingOrStopping,North,25.0,No,No,2018,HONDA,39.14052809,-77.21426256,Odyssey_Honda,17,2025,10,27,17,Monday,2025-10-27,44
3457,EJ78980072,250045704,Gaithersburg_Police_Department,Injury Crash,2025-10-11 10:20:00,County_Route,S WESTLAND DR,S WESTLAND DR,Other,Traffic Control Violation,Cloudy,Dry,Daylight,Traffic Signal,None Detected,8D7E5855-A95C-4350-A63A-6C55A330A4E9,MD,872449FC-8CDC-494E-8120-81575E4EBDA3,Twelve O Clock,PassengerCar,Accelerating,Southbound,40.0,No,No,2017,MERCEDES-BENZ,39.12604878,-77.18282331,E-Class_Mercedes-Benz,10,2025,10,11,10,Saturday,2025-10-11,41
3459,MCP1465006J,250045525,Montgomery_County_Police,Property Damage Crash,2025-10-10 06:56:00,Maryland_State_Route,VEIRS MILL RD,R/R #CSX 140 511 V,Rear-End (Same Direction),Tailgating,Clear,Dry,Dark - Lighted,Traffic Signal,Alcohol Present,3FE0C4D3-6CDE-4077-8EE2-714E2C3B10DD,MD,E361D47A-54DB-40D1-B685-1D708AFF0F7F,VehicleNotAtScene,SportUtilityVehicle,SlowingOrStopping,Eastbound,35.0,No,No,2013,CHEVROLET,39.05193197,-77.07541746,Equinox_Chevrolet,6,2025,10,10,6,Friday,2025-10-10,41
3460,MCP3197004T,250045431,Montgomery_County_Police,Injury Crash,2025-10-09 15:35:00,Maryland_State_Route,LAYHILL RD (SB/L),FOREST GLEN RD,Single Vehicle,Right-of-Way Violation,Clear,Dry,Daylight,Traffic Signal,None Detected,FAC9B2E4-C22C-4DC7-AAF8-6EA44361600A,DC,34A6280A-2FE6-46F2-9105-3B3A65B6A570,Nine O Clock,SingleUnitTruck,MakingRightTurn,Westbound,40.0,No,No,2002,TOYOTA,39.09888531,-77.04280338,RAV4_Toyota,15,2025,10,9,15,Thursday,2025-10-09,41
3461,MCP3436001F,250044143,Montgomery_County_Police,Injury Crash,2025-10-01 13:26:00,Maryland_State_Route,GEORGIA AVE (SB/L),ENT TO MONT CO DEPT OF TRANS,Single Vehicle,Right-of-Way Violation,Clear,Dry,Daylight,Pedestrian Crossing,None Detected,DE286126-8804-4AD8-AB30-5F8C63813B93,MD,1EB39148-1B76-40B3-B6DD-BAE1C5575029,Twelve O Clock,PassengerCar,MovingConstantSpeed,Southbound,30.0,No,No,2017,TOYOTA,38.99822937,-77.03064285,Sequoia_Toyota,13,2025,10,1,13,Wednesday,2025-10-01,40
3462,MCP34530014,250048150,Montgomery_County_Police,Injury Crash,2025-10-27 06:56:00,County_Route,E RANDOLPH RD (WB/L),FAIRLAND RD (WB/L),Angle Collision,Right-of-Way Violation,Clear,Dry,Dark - Lighted,Traffic Signal,None Detected,1DB0C6D0-A79A-44DA-8788-95DF29FC0461,MD,7D8291F6-051F-4E54-8F89-0579282F99F7,Nine O Clock,SportUtilityVehicle,MovingConstantSpeed,Westbound,35.0,No,No,2024,HONDA,39.0755093,-76.99394114,Civic_Honda,6,2025,10,27,6,Monday,2025-10-27,44
3463,MCP27980072,250044174,Montgomery_County_Police,Injury Crash,2025-10-01 15:30:00,County_Route,FATHER HURLEY BLVD (NB/L),WATERS LANDING DR,Angle Collision,Right-of-Way Violation,Clear,Dry,Daylight,Traffic Signal,None Detected,3A736A4E-B8E7-4726-8867-506F214EDAD9,MD,04578870-4F4C-4988-A64F-68F3994204CE,Eleven O Clock,SingleUnitTruck,MakingLeftTurn,North,25.0,No,No,2024,CHEVROLET,39.19169311,-77.27194794,Silverado_Chevrolet,15,2025,10,1,15,Wednesday,2025-10-01,40
3464,MCP30770029,250044401,Montgomery_County_Police,Property Damage Crash,2025-10-03 01:57:00,County_Route,CENTURY BLVD,MIDDLEBROOK RD,Other,Right-of-Way Violation,Clear,Dry,Dark - Lighted,Flashing Traffic Signal,None Detected,45CB3386-3562-48DB-B188-1850CB22DAA5,MD,239512E7-377A-42BD-9368-615A518B828E,RoofTop,PassengerCar,MovingConstantSpeed,Westbound,20.0,No,No,2021,TOYOTA,39.18021767,-77.26867333,RAV4_Toyota,1,2025,10,3,1,Friday,2025-10-03,40
3465,DD5648004L,250047921,Rockville_Police_Department,Property Damage Crash,2025-10-25 06:30:00,Maryland_State_Route,NORBECK RD (WB/L),MUDDY BRANCH RD,Single Vehicle,Lane Violation,Clear,Dry,Dark - Lighted,No Control,None Detected,37B78F00-742E-4611-9950-9A89C31A567A,MD,6B150B75-4A88-41E8-A194-2AAE5288ED4F,Twelve O Clock,PassengerCar,MovingConstantSpeed,Westbound,40.0,No,No,2018,CHRYSLER,39.08965731,-77.13029338,Pacifica_Chrysler,6,2025,10,25,6,Saturday,2025-10-25,43
3466,MCP2940008H,250044897,Montgomery_County_Police,Property Damage Crash,2025-10-06 12:00:00,Maryland_State_Route,16TH ST (SB/L),ENT TO GOVT FACILITY,Rear-End (Same Direction),Tailgating,Clear,Dry,Daylight,Pedestrian Crossing,None Detected,DA84FB29-252E-426E-A3A1-0979CD0DCFD9,DC,DC4802A4-8B66-4A8E-866C-62CC8FD892DE,Twelve O Clock,SportUtilityVehicle,SlowingOrStopping,Southbound,35.0,No,No,2020,JEEP,38.9993959,-77.03999159,Compass_Jeep,12,2025,10,6,12,Monday,2025-10-06,41
3467,MCP3170004F,250047717,Montgomery_County_Police,Property Damage Crash,2025-10-23 19:54:00,County_Route,RICHTER FARM RD (EB/L),KINGS CROSSING BLVD KINGS CROSSING BLVD (EB/L),Angle Collision,Right-of-Way Violation,Clear,Dry,Dark - Not Lighted,Stop Sign,None Detected,23C617EC-AD6B-47D6-B686-2636253961B5,MD,CF86BAEC-2108-4717-B309-69230D8298C8,Four O Clock,PassengerCar,Accelerating,Southbound,40.0,No,No,2006,HONDA,39.16423808,-77.29620428,CR-V_Honda,19,2025,10,23,19,Thursday,2025-10-23,43
3468,MCP34380013,250047056,Montgomery_County_Police,Injury Crash,2025-10-20 05:12:00,Maryland_State_Route,ROCKVILLE PIKE,BRADLEY LA,Sideswipe (Same Direction),Speed Related,Clear,Wet,Dark - Lighted,Traffic Signal,None Detected,FFCE0478-FC4B-4BC4-92B0-50AE4191E900,MD,C502CDEB-C042-4B91-B312-2CAEEFE24E17,Ten O Clock,PassengerCar,MovingConstantSpeed,Northbound,45.0,No,No,2023,TESLA,39.014913,-77.09956917,Model S_Tesla,5,2025,10,20,5,Monday,2025-10-20,43
3469,MCP34080025,250045248,Montgomery_County_Police,Property Damage Crash,2025-10-08 14:47:00,US_State_Route,COLESVILLE RD,ROWEN RD,Angle Collision,Lane Violation,Clear,Dry,Daylight,No Control,None Detected,E6B5E6EC-5961-46C2-AC21-E7E1BD29FB98,MD,7B27D95D-F689-4AAA-B0F0-6DCC9325B77C,Ten O Clock,PassengerCar,ChangingLanes,Northbound,30.0,No,No,2013,FORD,38.9962422,-77.0279267,Fusion_Ford,14,2025,10,8,14,Wednesday,2025-10-08,41
3470,MCP32920031,250045610,Montgomery_County_Police,Injury Crash,2025-10-10 15:33:00,County_Route,MINERAL SPRINGS DR,WASHINGTON GROVE LA,Head-On,Right-of-Way Violation,Clear,Dry,Daylight,No Control,None Detected,D81C03CC-CBD4-4E56-B0BE-D6CE30FCC25E,MD,25667947-9E3E-49E7-AF1B-BEEF78E3573B,One O Clock,PassengerCar,MakingLeftTurn,Southbound,35.0,No,No,2021,HONDA,39.15229633,-77.16485617,Civic_Honda,15,2025,10,10,15,Friday,2025-10-10,41
3471,MCP2940008J,250045716,Montgomery_County_Police,Injury Crash,2025-10-11 12:35:00,Maryland_State_Route,CONNECTICUT AVE,TOWER OAKS BLVD,Rear-End (Same Direction),Tailgating,Cloudy,Dry,Daylight,No Control,None Detected,763B0223-6653-4B2B-B72D-35541C648548,DC,68EF3530-901C-4E56-A8F4-2DDDA25C19B4,Twelve O Clock,SportUtilityVehicle,MovingConstantSpeed,Northbound,35.0,No,No,2017,AUDI,39.00341155,-77.07732056,Q5_Audi,12,2025,10,11,12,Saturday,2025-10-11,41
3472,MCP220300B3,250046982,Montgomery_County_Police,Injury Crash,2025-10-19 15:10:00,Maryland_State_Route,UNIVERSITY BLVD W (WB/L),WOODGLEN DR,Rear-End (Same Direction),Tailgating,Clear,Dry,Daylight,No Control,None Detected,16D7FFB2-012C-42EE-BCC8-4EFDAE18C19A,MD,D2790A81-FAA8-406E-BAA1-EA6498D2E4CD,Six O Clock,PassengerCar,StoppedInTrafficLane,Westbound,35.0,No,No,2023,TESLA,39.03196367,-77.02247783,Model Y_Tesla,15,2025,10,19,15,Sunday,2025-10-19,42
3473,MCP3433000W,250047853,Montgomery_County_Police,Property Damage Crash,2025-10-24 16:32:00,County_Route,WISTERIA DR,PEBBLESTONE DR,Angle Collision,Right-of-Way Violation,Clear,Dry,Daylight,No Control,None Detected,8F25D5ED-A449-4404-A6E3-115A23BC2A96,MD,FD0980BA-AB43-45BA-919F-492529AC61DF,Four O Clock,PassengerCar,MovingConstantSpeed,Northbound,30.0,No,No,2016,MAZDA,39.17768367,-77.27129867,Mazda3_Mazda,16,2025,10,24,16,Friday,2025-10-24,43
3474,MCP26370069,250044426,Montgomery_County_Police,Property Damage Crash,2025-10-03 08:58:00,County_Route,POMMEL DR,YEARLING DR,Angle Collision,Right-of-Way Violation,Clear,Dry,Daylight,Yield Sign,None Detected,B58462A3-9476-4074-8404-39F61117BE76,MD,BC482D15-4DA6-43F9-89CA-8DF10243FEFB,One O Clock,PassengerCar,Accelerating,Eastbound,30.0,No,No,2025,TOYOTA,39.09753,-77.212518,Corolla_Toyota,8,2025,10,3,8,Friday,2025-10-03,40
3475,MCP137801DT,250045375,Montgomery_County_Police,Property Damage Crash,2025-10-09 11:04:00,County_Route,SHADY GROVE RD,FREDERICK RD (SB/L),Rear-End (Same Direction),Tailgating,Clear,Dry,Daylight,Traffic Signal,None Detected,6A0F15DA-6793-4A61-8441-91B3DA775CD6,MD,704A86F0-425D-4D38-B322-4D96D304BABD,Six O Clock,SportUtilityVehicle,SlowingOrStopping,Southbound,35.0,No,No,2025,NISSAN,39.12242576,-77.17761272,Pathfinder_Nissan,11,2025,10,9,11,Thursday,2025-10-09,41
3476,EJ7904003D,250045027,Gaithersburg_Police_Department,Property Damage Crash,2025-10-07 09:14:00,County_Route,ODENDHAL AVE (EB/L),GOSHEN RD ODENDHAL AVE,Sideswipe (Same Direction),Road Obstruction,Clear,Dry,Daylight,Traffic Signal,None Detected,D73D3237-22D8-4BAF-B3E7-2CA4F68EEF51,MD,C9B5748B-50A8-47D6-8A84-02C7083DA519,Twelve O Clock,PassengerCar,MovingConstantSpeed,West,25.0,No,No,2022,NISSAN,39.15236373,-77.19243899,Altima_Nissan,9,2025,10,7,9,Tuesday,2025-10-07,41
3477,MCP3396002K,250047376,Montgomery_County_Police,Injury Crash,2025-10-21 19:45:00,Maryland_State_Route,GEORGIA AVE,N WESTLAND DR,Rear-End (Same Direction),Tailgating,Clear,Dry,Dark - Not Lighted,No Control,None Detected,8222019D-F928-4B62-9516-EB9247FF6118,DC,6E56EFDD-7F74-4D85-AC2A-B31E0B63C626,Six O Clock,PassengerCar,SlowingOrStopping,Southbound,35.0,No,No,2020,TOYOTA,39.0514405,-77.05147767,Corolla_Toyota,19,2025,10,21,19,Tuesday,2025-10-21,43
3478,EJ7904003D,250045027,Gaithersburg_Police_Department,Property Damage Crash,2025-10-07 09:14:00,County_Route,ODENDHAL AVE (EB/L),GOSHEN RD ODENDHAL AVE,Sideswipe (Same Direction),Right-of-Way Violation,Clear,Dry,Daylight,Traffic Signal,None Detected,3753954E-7B74-464A-88BF-070F11D65160,MD,08AFA56A-5A5C-4EA0-A8A3-C697C914ECFE,Seven O Clock,PassengerCar,EnteringTrafficLane,West,25.0,No,No,2023,TOYOTA,39.15236373,-77.19243899,RAV4_Toyota,9,2025,10,7,9,Tuesday,2025-10-07,41
3479,MCP32710068,250045593,Montgomery_County_Police,Property Damage Crash,2025-10-10 14:46:00,County_Route,MONTROSE AVE,WISCONSIN AVE,Rear-End (Same Direction),Right-of-Way Violation,Clear,Dry,Daylight,No Control,None Detected,AED7A427-5243-4A26-AF25-A46C4902FEFF,MD,597D92DC-4478-477E-AAB3-9D284471D6FD,Eleven O Clock,PassengerCar,MakingUTurn,Northbound,25.0,No,No,2025,NISSAN,39.02549897,-77.10095679,Versa_Nissan,14,2025,10,10,14,Friday,2025-10-10,41
3480,MCP233900BY,250044691,Montgomery_County_Police,Injury Crash,2025-10-04 19:47:00,County_Route,ROCKVILLE PIKE,SHADY GROVE RD (SB/L),Angle Collision,Driver Inattention,Clear,Dry,Dark - Lighted,Traffic Signal,None Detected,B2D369C5-477A-4B29-B549-9AA5BDCF86BD,MD,773427D2-220C-45CE-BF9B-4D5173C30552,Twelve O Clock,PassengerCar,MovingConstantSpeed,Westbound,35.0,No,No,2013,HYUNDAI,39.12886507,-77.16756924,Elantra_Hyundai,19,2025,10,4,19,Saturday,2025-10-04,40
3481,MCP2160003V,250048260,Montgomery_County_Police,Property Damage Crash,2025-10-27 15:00:00,County_Route,CLUB HOUSE RD,MONTGOMERY VILLAGE AVE (SB/L),Rear-End (Same Direction),Tailgating,Clear,Dry,Daylight,Traffic Signal,Suspect Alcohol (Unclear),6B72923F-F74F-449C-AF44-15CAF2D2BCC0,MD,1FFE9833-2C40-4A49-A078-A0E5870C088F,Twelve O Clock,PassengerCar,StoppedInTrafficLane,Westbound,35.0,No,No,2004,LEXUS,39.17459313,-77.20379685,ES_Lexus,15,2025,10,27,15,Monday,2025-10-27,44
3483,MCP3037007K,250045446,Montgomery_County_Police,Injury Crash,2025-10-09 16:37:00,County_Route,SHAWNEE LA,NEEDWOOD RD,Rear-End (Same Direction),Tailgating,Clear,Dry,Daylight,No Control,None Detected,A7A28CC8-036F-43E2-9BF9-AF385526D7D6,MD,38F13D29-41A3-4BE9-B434-792F42BD0FE3,Six O Clock,PassengerCar,StoppedInTrafficLane,Westbound,35.0,No,No,2005,TOYOTA,39.228521,-77.27124283,Camry_Toyota,16,2025,10,9,16,Thursday,2025-10-09,41
3484,MCP2181005N,250044731,Montgomery_County_Police,Fatal Crash,2025-10-05 08:31:00,County_Route,MONTROSE RD (WB/L),TILDENWOOD DR,Angle Collision,Right-of-Way Violation,Clear,Dry,Daylight,Traffic Signal,None Detected,D22D5942-B57A-44CE-BDB3-1493220D5E77,VA,694182A1-DE9F-49EB-AB3E-36B749B142FF,One O Clock,PassengerCar,MakingLeftTurn,Eastbound,40.0,No,No,2014,TOYOTA,39.05405761,-77.13805883,Camry_Toyota,8,2025,10,5,8,Sunday,2025-10-05,40
3485,MCP9301005X,250048515,Montgomery_County_Police,Injury Crash,2025-10-29 07:00:00,Maryland_State_Route,ROLLINS AVE,PHEASANT RUN DR (WB/L) W WATKINS MILL RD (SB/L),Angle Collision,Road Obstruction,Clear,Dry,Dark - Lighted,Traffic Signal,None Detected,0033BA1D-7CBD-4C37-906B-4DE5CDAE4C62,MD,821C6C9B-8D62-49D7-9C02-1895C3E84ABB,Twelve O Clock,SportUtilityVehicle,MovingConstantSpeed,East,35.0,No,No,2005,JEEP,39.14758647,-77.23295822,Grand Cherokee_Jeep,7,2025,10,29,7,Wednesday,2025-10-29,44
3486,DD5653005T,250028421,Rockville_Police_Department,Property Damage Crash,2025-10-28 14:30:00,US_State_Route,NEW HAMPSHIRE AVE,NEW HAMPSHIRE AVE,Angle Collision,Passing / Turning,Cloudy,Dry,Daylight,No Control,None Detected,A020979A-860C-4927-92A4-80185FA242C9,MD,1163FE66-20AE-4B15-A993-37C0B02938C8,Four O Clock,PassengerCar,Parked,Southbound,2.5,No,Yes,2024,HYUNDAI,39.06270891,-77.12975821,Elantra_Hyundai,14,2025,10,28,14,Tuesday,2025-10-28,44
3487,MCP2528002N,250047529,Montgomery_County_Police,Injury Crash,2025-10-22 17:42:00,Maryland_State_Route,MARYLAND AVE,QUINCE ORCHARD RD,Sideswipe (Opposite Direction),Right-of-Way Violation,Clear,Dry,Daylight,No Control,None Detected,FAC3E295-42EA-49F1-844A-9873DF0886FE,MD,AC907ABE-E461-4E07-90A2-48310A1808BB,Two O Clock,PassengerCar,EnteringTrafficLane,Southbound,25.0,No,No,2025,MAZDA,39.1088306,-76.93592805,Mazda3_Mazda,17,2025,10,22,17,Wednesday,2025-10-22,43
3488,MCP3397001L,250045874,Montgomery_County_Police,Property Damage Crash,2025-10-12 17:28:00,Maryland_State_Route,E RANDOLPH RD (WB/L),GREAT SENECA HWY (SB/L),Sideswipe (Same Direction),Lane Violation,Cloudy,Dry,Daylight,No Control,None Detected,AABFCFA2-4751-4A48-8ED6-C91458F28086,MD,5D5E72FC-D210-4B90-BFFB-23C980DED2BD,Eleven O Clock,PassengerCar,MovingConstantSpeed,Westbound,40.0,No,No,2010,LEXUS,39.06348385,-76.96600908,RX 350_Lexus,17,2025,10,12,17,Sunday,2025-10-12,41
3489,EJ786600GS,250047852,Gaithersburg_Police_Department,Property Damage Crash,2025-10-24 16:30:00,Municipality_Route,MONTGOMERY AVE,FREDERICK RD,Rear vs Side,Lane Violation,Cloudy,Dry,Daylight,No Control,None Detected,0920BF07-D736-4C44-999B-81305AAA3763,MD,46DC2C15-61D8-4277-8389-94CB6C1551C4,One O Clock,PassengerCar,MovingConstantSpeed,Northbound,35.0,No,No,2016,TOYOTA,39.14572005,-77.20373357,Avalon_Toyota,16,2025,10,24,16,Friday,2025-10-24,43
3490,MCP137801DP,250044169,Montgomery_County_Police,Property Damage Crash,2025-10-01 15:08:00,County_Route,BEL PRE RD,GREGG RD,Rear-End (Same Direction),Passing / Turning,Clear,Dry,Daylight,No Control,None Detected,8C4839C1-EF99-44F2-98E6-5F0D6671397A,MD,5F29D7DC-DDE4-495C-A833-BBF54DD28380,Five O Clock,PassengerCar,MakingUTurn,Westbound,35.0,No,No,2019,DODGE,39.0913292,-77.06727884,Charger_Dodge,15,2025,10,1,15,Wednesday,2025-10-01,40
3491,DD56810011,250046264,Rockville_Police_Department,Injury Crash,2025-10-14 21:55:00,Municipality_Route,N WASHINGTON ST,HUNGERFORD DR (SB/L),Angle Collision,Surface Condition,Clear,Dry,Dark - Lighted,Traffic Signal,None Detected,2B3F0214-7657-43F2-AF43-B1A564A3473C,MD,107D1F4A-D84C-49AF-B202-69DD8041A8CA,Ten O Clock,PassengerCar,MovingConstantSpeed,South,35.0,No,No,2015,CHEVROLET,39.09188622,-77.15323779,Silverado_Chevrolet,21,2025,10,14,21,Tuesday,2025-10-14,42
3492,MCP2717010R,250046006,Montgomery_County_Police,Injury Crash,2025-10-13 15:15:00,County_Route,ORCHARD WAY,16TH ST,Single Vehicle,Speed Related,Cloudy,Dry,Daylight,No Control,None Detected,DD522042-AF68-4685-80AF-EAE99D8BC755,MD,64410D51-88CF-4E58-9886-8A988236C804,Twelve O Clock,PassengerCar,Accelerating,Not On Roadway,2.5,No,No,2000,TOYOTA,39.082887,-76.99447054,Avalon_Toyota,15,2025,10,13,15,Monday,2025-10-13,42
3493,MCP2940008J,250045716,Montgomery_County_Police,Injury Crash,2025-10-11 12:35:00,Maryland_State_Route,CONNECTICUT AVE,SELFRIDGE RD,Rear-End (Same Direction),Congestion / Backup,Cloudy,Dry,Daylight,No Control,None Detected,057EE0C6-761C-421C-94D9-7DEEFA9439A3,MD,03583C29-CCE3-40FD-BDB8-91066F1271ED,Six O Clock,PassengerCar,SlowingOrStopping,Northbound,35.0,No,No,2019,HONDA,39.00341155,-77.07732056,Accord_Honda,12,2025,10,11,12,Saturday,2025-10-11,41
3494,MCP33940023,250046177,Montgomery_County_Police,Property Damage Crash,2025-10-14 12:45:00,Maryland_State_Route,EAST WEST HWY (WB/L),DUPONT AVE,Sideswipe (Same Direction),Lane Violation,Cloudy,Dry,Daylight,Traffic Signal,None Detected,743C1CB4-C4B6-4C5F-A2CB-1DA7F6046F1C,VA,5768AECD-0490-40D3-853E-CD34670866ED,Five O Clock,Other,SlowingOrStopping,Northbound,25.0,No,No,2019,CHEVROLET,38.98476741,-77.09381096,Silverado_Chevrolet,12,2025,10,14,12,Tuesday,2025-10-14,42
3495,MCP2732001J,250044306,Montgomery_County_Police,Injury Crash,2025-10-02 12:35:00,County_Route,WINTERGATE DR,NO NAME NORBECK RD,Rear-End (Same Direction),Tailgating,Clear,Dry,Daylight,Traffic Signal,None Detected,451D2D41-FAEF-461B-B5C8-AF5D03C0731E,MD,DF63327F-E0CF-45F9-B2B7-9D7A118190E8,Six O Clock,PassengerCar,SlowingOrStopping,Westbound,35.0,No,No,2017,HYUNDAI,39.11246417,-77.05904479,Santa Fe_Hyundai,12,2025,10,2,12,Thursday,2025-10-02,40
3496,DD55940039,250046049,Rockville_Police_Department,Property Damage Crash,2025-10-13 18:18:00,Maryland_State_Route,NORBECK RD (WB/L),RAMP 7 FR DEMOCRACY BLVD WB TO RAMP 6,Rear-End (Same Direction),Lane Violation,Rain,Wet,Dark - Lighted,No Control,None Detected,63BA8281-3435-42B8-96DD-CF6256F3AB1F,MD,B18818DE-CADB-4D22-B07E-76288360D9AD,CargoLoss,PassengerCar,MovingConstantSpeed,Westbound,35.0,No,No,2002,TOYOTA,39.09061982,-77.12820824,Tacoma_Toyota,18,2025,10,13,18,Monday,2025-10-13,42
3499,EJ786600GL,250044969,Gaithersburg_Police_Department,Injury Crash,2025-10-06 17:50:00,Maryland_State_Route,FREDERICK RD,CENTURY BLVD,Sideswipe (Same Direction),Right-of-Way Violation,Clear,Dry,Daylight,No Control,None Detected,03800186-AAD8-464C-9E7B-0A137FC12ECB,MD,1C6F73C7-9184-42A4-955B-C8D8175367C8,Nine O Clock,Van - Passenger (&lt;9 Seats),EnteringTrafficLane,Northbound,35.0,No,No,2025,TOYOTA,39.1514665,-77.21068467,Sienna_Toyota,17,2025,10,6,17,Monday,2025-10-06,41
3500,MCP3436001J,250047762,Montgomery_County_Police,Property Damage Crash,2025-10-24 07:22:00,Maryland_State_Route,GEORGIA AVE,EASLEY ST,Angle Collision,Right-of-Way Violation,Clear,Dry,Daylight,No Control,None Detected,F645BE20-6C79-4C79-9FEB-16708B66B93E,VA,C8CC18AA-0E72-46CC-A866-66206F39D4AF,One O Clock,PassengerCar,MakingLeftTurn,Eastbound,30.0,No,No,2018,SUBARU,39.00791517,-77.039846,Impreza_Subaru,7,2025,10,24,7,Friday,2025-10-24,43
3501,MCP2450005Z,250045125,Montgomery_County_Police,Property Damage Crash,2025-10-07 17:30:00,Maryland_State_Route,FREDERICK RD,GREAT OAK LA,Sideswipe (Same Direction),Lane Violation,Clear,Dry,Daylight,Traffic Signal,None Detected,93D3D1C5-11B9-44CE-AB86-7107B11F63F4,MD,EF92FEA9-7795-42BF-A767-2B45E72824BC,Ten O Clock,PickupTruck,MovingConstantSpeed,Northbound,40.0,No,No,2002,TOYOTA,39.12428866,-77.18005836,Tacoma_Toyota,17,2025,10,7,17,Tuesday,2025-10-07,41
3502,MCP285900JV,250045490,Montgomery_County_Police,Injury Crash,2025-10-09 20:45:00,County_Route,APPLE RIDGE RD,WATKINS MILL RD,Head-On,Lane Violation,Clear,Dry,Dark - Lighted,Traffic Signal,None Detected,403CB5BE-782C-4450-A00E-C15427F69DCC,MD,9556EFB2-D81C-4460-8BF0-F1E385615B78,Twelve O Clock,PassengerCar,MovingConstantSpeed,Southbound,35.0,No,No,2021,KIA,39.1843605,-77.210987,Rio_Kia,20,2025,10,9,20,Thursday,2025-10-09,41
3503,MCP268900D7,250044971,Montgomery_County_Police,Property Damage Crash,2025-10-06 16:34:00,Maryland_State_Route,RIVER RD,SAGE WAY,Sideswipe (Same Direction),Lane Violation,Clear,Dry,Daylight,Traffic Signal,None Detected,5A56221E-DD23-4844-9DEB-5C52E7E4468D,MD,39DD12B4-76AC-4586-BD78-942C9C9A27C2,VehicleNotAtScene,PassengerCar,Passing,Eastbound,40.0,No,No,2025,HONDA,38.99264499,-77.16198177,Civic_Honda,16,2025,10,6,16,Monday,2025-10-06,41
3504,MCP3452001N,250046134,Montgomery_County_Police,Injury Crash,2025-10-14 09:40:00,Maryland_State_Route,VEIRS MILL RD,DECATUR AVE,Other,Lane Violation,Clear,Dry,Daylight,Traffic Signal,None Detected,7DD35D44-889D-4DB5-9DDB-BCDAC61A5D2D,MD,078F43C5-CC45-4DCE-8AB7-C1CB11FF6E8B,One O Clock,SportUtilityVehicle,MovingConstantSpeed,Southbound,35.0,No,No,2015,TOYOTA,39.05297953,-77.07696354,RAV4_Toyota,9,2025,10,14,9,Tuesday,2025-10-14,42
3505,DD56810011,250046264,Rockville_Police_Department,Injury Crash,2025-10-14 21:55:00,Municipality_Route,N WASHINGTON ST,HUNGERFORD DR (SB/L),Angle Collision,Right-of-Way Violation,Clear,Dry,Dark - Lighted,Traffic Signal,None Detected,7DB062BA-84AE-4299-A13D-580C90F0AA78,MD,EC7870B3-3C5E-43E1-BF48-E59EE027D797,Eleven O Clock,SportUtilityVehicle,MakingLeftTurn,North,35.0,No,No,2015,TOYOTA,39.09188622,-77.15323779,RAV4_Toyota,21,2025,10,14,21,Tuesday,2025-10-14,42
3506,MCP285900JV,250045490,Montgomery_County_Police,Injury Crash,2025-10-09 20:45:00,County_Route,APPLE RIDGE RD,WATKINS MILL RD,Head-On,Right-of-Way Violation,Clear,Dry,Dark - Lighted,Traffic Signal,None Detected,CFA274AC-7850-43B2-8C66-D3EA192174FA,MD,D88F8B66-54BB-457E-8E86-70F8EFB7CB46,Twelve O Clock,PassengerCar,MakingLeftTurn,Northbound,35.0,No,No,2015,HONDA,39.1843605,-77.210987,Accord_Honda,20,2025,10,9,20,Thursday,2025-10-09,41