Unnamed: 0,Report Number,Local Case Number,Agency Name,ACRS Report Type,Crash Date/Time,Route Type,Road Name,Cross-Street Name,Collision Type,Circumstance_Category,Weather,Surface Condition,Light,Traffic Control,Driver Substance Abuse,Person ID,Drivers License State,Vehicle ID,Vehicle First Impact Location,Vehicle Body Type,Vehicle Movement,Vehicle Going Dir,Speed Limit,Driverless Vehicle,Parked Vehicle,Vehicle Year,Vehicle Make,Latitude,Longitude,Vehicle Model,hour,Crash_year,Crash_month,Crash_day,Crash_hour,Crash_day_name,Crash_date,Crash_week
3507,MCP3436001G,250045566,Montgomery_County_Police,Injury Crash,2025-10-10 11:50:00,US_State_Route,FREDERICK RD,DALE DR,Angle Collision,Right-of-Way Violation,Clear,Dry,Daylight,Traffic Signal,None Detected,BB53AF8D-952D-42BC-B99E-F8B3AEE7E53B,MD,2120C4F7-3D11-4AF4-9EF6-B8D5E4DBB83D,Four O Clock,PassengerCar,MakingLeftTurn,North,35.0,No,No,2019,NISSAN,39.00524469,-77.0228435,Versa Note_Nissan,11,2025,10,10,11,Friday,2025-10-10,41
3508,EJ7904003G,250047613,Gaithersburg_Police_Department,Injury Crash,2025-10-23 10:35:00,Maryland_State_Route,COLESVILLE RD,SWANSONG WAY,Single Vehicle,Backing Error,Clear,Dry,Daylight,No Control,None Detected,51118C44-A433-46C8-B326-1164C54985F3,MD,FBB0F235-CC54-4CF2-B820-0088FB704FED,VehicleNotAtScene,PassengerCar,Backing,Not On Roadway,2.5,No,No,2011,TESLA,39.14967717,-77.19967817,Model 3_Tesla,10,2025,10,23,10,Thursday,2025-10-23,43
3509,MCP32990055,250045190,Montgomery_County_Police,Injury Crash,2025-10-08 08:07:00,Local_Route,PUNCH ST,CLAUDE LA,Single Vehicle,Driver Inattention,Rain,Wet,Daylight,No Control,None Detected,B6BD6065-4B3C-4253-B4FF-4A14F0D7B951,MD,251E45E9-DB1C-486D-B97D-26FD67C9FC09,Twelve O Clock,PassengerCar,MovingConstantSpeed,Eastbound,10.0,No,No,2012,TOYOTA,39.0883045,-77.04220983,Sienna_Toyota,8,2025,10,8,8,Wednesday,2025-10-08,41
3510,DM85260006,250044178,Takoma_Park_Police_Department,Property Damage Crash,2025-10-02 14:41:00,Maryland_State_Route,UNIVERSITY BLVD,COLESVILLE RD,Rear-End (Same Direction),Tailgating,Clear,Dry,Daylight,No Control,None Detected,317EC818-B8FC-4E6D-AE87-FB4BF43EC7C1,DC,7EB8A063-CADE-4179-8772-E3D91BE4F8A7,Twelve O Clock,PassengerCar,MovingConstantSpeed,Westbound,15.0,No,No,2002,NISSAN,38.98702804,-76.98481838,Altima_Nissan,14,2025,10,2,14,Thursday,2025-10-02,40
3511,DD57010009,250047876,Rockville_Police_Department,Injury Crash,2025-10-24 19:12:00,Maryland_State_Route,HUNGERFORD DR,FIRST ST,Rear-End (Same Direction),Tailgating,Clear,Dry,Dark - Lighted,No Control,None Detected,4D758DFD-780D-4DD0-A821-1CA6F77ECC05,MD,9AA6025A-1906-4B6E-B6B2-8228C949496B,Six O Clock,PassengerCar,SlowingOrStopping,Northbound,35.0,No,No,2013,HONDA,39.08586977,-77.14873423,Accord_Honda,19,2025,10,24,19,Friday,2025-10-24,43
3512,DD57060005,250045184,Rockville_Police_Department,Property Damage Crash,2025-10-08 07:45:00,Maryland_State_Route,ROCKVILLE PIKE (SB/L),BAILEYS LA,Rear vs Side,Weather Related,Rain,Wet,Daylight,No Control,None Detected,62715548-1B95-469F-AD62-C2EF57D1BF3E,MD,8967ED75-5279-46A9-9BC0-46D2AADDAA96,One O Clock,PassengerCar,MovingConstantSpeed,West,45.0,No,No,2024,TESLA,39.0754037,-77.13721339,Model Y_Tesla,7,2025,10,8,7,Wednesday,2025-10-08,41
3513,EJ78880088,250047534,Gaithersburg_Police_Department,Property Damage Crash,2025-10-22 17:53:00,Municipality_Route,WATKINS MILL RD (SB/L),TRAVIS AVE,Rear-End (Same Direction),Tailgating,Clear,Dry,Dusk,Stop Sign,None Detected,13CF5A9F-3DAA-440D-AE9B-09E4DD758D9D,MD,1BF484F5-F22D-46D6-AF3D-5079A5EC2265,Six O Clock,PassengerCar,StoppedInTrafficLane,Westbound,30.0,No,No,2012,HYUNDAI,39.16222947,-77.21443792,Accent_Hyundai,17,2025,10,22,17,Wednesday,2025-10-22,43
3514,MCP3094006S,250048248,Montgomery_County_Police,Property Damage Crash,2025-10-27 15:08:00,Maryland_State_Route,EAST WEST HWY,LAYTONIA CREST TERR,Sideswipe (Same Direction),Passing / Turning,Clear,Dry,Daylight,No Control,None Detected,6C5A87F6-EF53-447F-A6BC-DF3890285491,VA,958147FD-1C70-4AC3-BFA5-E3DD3EB07A46,One O Clock,PassengerCar,EnteringTrafficLane,Northbound,35.0,No,No,2010,TOYOTA,39.15478633,-77.15476024,Prius_Toyota,15,2025,10,27,15,Monday,2025-10-27,44
3515,MCP3068006S,250046015,Montgomery_County_Police,Property Damage Crash,2025-10-06 09:30:00,Local_Route,KENWOOD FOREST LA,BAILEYS LA,Sideswipe (Same Direction),Lane Violation,Clear,Dry,Daylight,No Control,None Detected,89B7EEBE-E7D3-4667-B24D-63926A66C937,MD,D0D51FFB-5A59-496A-A884-5E759F5EF073,VehicleNotAtScene,SportUtilityVehicle,MovingConstantSpeed,Southbound,25.0,No,No,2020,MERCEDES-BENZ,38.97634839,-77.09996591,GLE_Mercedes-Benz,9,2025,10,6,9,Monday,2025-10-06,41
3516,MCP34080028,250046504,Montgomery_County_Police,Injury Crash,2025-10-16 12:20:00,Other_Public_Roadway,JESSUP BLAIR DR,VEIRS MILL RD,Angle Collision,Speed Related,Clear,Dry,Daylight,No Control,None Detected,69C724EF-6D92-430F-9B03-0DAA1ADF51E5,DC,747A6201-DE37-4687-90B4-49FC1074D034,Twelve O Clock,Motorcycle2Wheeled,MovingConstantSpeed,Northbound,30.0,No,No,2020,HONDA,38.985771,-77.02659467,Civic_Honda,12,2025,10,16,12,Thursday,2025-10-16,42
3517,MCP2881006Y,250048351,Montgomery_County_Police,Property Damage Crash,2025-10-28 08:15:00,County_Route,NEWCUT RD,SHADY GROVE RD,Single Vehicle,Driver Inattention,Clear,Dry,Daylight,No Control,None Detected,D9F8A009-38F5-42EA-A8AD-76240A7B9856,MD,1F4CB631-FE3F-4623-AFF6-A54C1776D754,One O Clock,SchoolBus,MovingConstantSpeed,Eastbound,10.0,No,No,2022,MERCEDES-BENZ,39.22217167,-77.25667,E350_Mercedes-Benz,8,2025,10,28,8,Tuesday,2025-10-28,44
3518,MCP22980191,250045732,Montgomery_County_Police,Injury Crash,2025-10-11 14:50:00,County_Route,FATHER HURLEY BLVD (NB/L),OLD GEORGETOWN RD,Rear-End (Same Direction),Congestion / Backup,Cloudy,Dry,Daylight,Traffic Signal,None Detected,441208D9-6CA9-42CE-A6CA-A949EB237C05,MD,0CF46AF8-154A-4DD1-AE66-A561CABBE97F,Six O Clock,SportUtilityVehicle,StoppedInTrafficLane,Northbound,30.0,No,No,2020,HONDA,39.18437251,-77.27338131,Pilot_Honda,14,2025,10,11,14,Saturday,2025-10-11,41
3519,MCP3136007P,250044902,Montgomery_County_Police,Property Damage Crash,2025-10-06 12:08:00,Maryland_State_Route,EAST WEST HWY,MANNAKEE ST,Rear-End (Same Direction),Tailgating,Clear,Dry,Daylight,Pedestrian Crossing,None Detected,EE5C56BE-1EFD-4A0F-AAD6-D2181906114A,MD,A9BC7A1C-272B-4F80-A0B2-C23ECC41BF9F,VehicleNotAtScene,PassengerCar,MovingConstantSpeed,Eastbound,30.0,No,No,2018,FORD,38.99130586,-77.03018006,Escape_Ford,12,2025,10,6,12,Monday,2025-10-06,41
3520,MCP2782005Q,250047710,Montgomery_County_Police,Injury Crash,2025-10-23 19:18:00,Maryland_State_Route,NORBECK RD,SEMINARY RD,Rear-End (Same Direction),Tailgating,Clear,Dry,Dark - Lighted,No Control,None Detected,8F3D10C1-DDE5-4707-B912-29A445C650E3,MD,9E9283BD-2C1F-4ABF-9832-D8E11F0CB1DB,Twelve O Clock,PassengerCar,SlowingOrStopping,Eastbound,35.0,No,No,2014,LEXUS,39.10937906,-77.07714008,ES_Lexus,19,2025,10,23,19,Thursday,2025-10-23,43
3521,MCP219800J1,250045524,Montgomery_County_Police,Property Damage Crash,2025-10-10 05:59:00,Bicycle_Route,BEL PRE RD (EB/L),RAMP 8 FR MD 97 SB TO IS 495 WB,Single Vehicle,Speed Related,Clear,Dry,Dark - Lighted,Traffic Signal,None Detected,CD236158-1C28-4500-A3A6-DC8377FD9117,MD,F85E9FC4-2E16-480D-B7B9-490EC922A39E,Twelve O Clock,PassengerCar,MovingConstantSpeed,Southbound,40.0,No,No,2019,TOYOTA,39.2332885,-77.23770217,Corolla_Toyota,5,2025,10,10,5,Friday,2025-10-10,41
3522,MCP268900D6,250044966,Montgomery_County_Police,Property Damage Crash,2025-10-06 16:00:00,Maryland_State_Route,RIVER RD (WB/L),WASHINGTON ST,Sideswipe (Same Direction),Lane Violation,Clear,Dry,Daylight,Traffic Signal,None Detected,839349D9-3C01-4EDF-BF5E-347499FAE1CD,MD,E4DAD717-06C5-4F31-8CC3-4E58FA84CDA5,Five O Clock,VanCargo,StoppedInTrafficLane,Westbound,35.0,No,No,2023,CHEVROLET,38.99224022,-77.16105332,Express_Chevrolet,16,2025,10,6,16,Monday,2025-10-06,41
3523,MCP3396002K,250047376,Montgomery_County_Police,Injury Crash,2025-10-21 19:45:00,Maryland_State_Route,GEORGIA AVE,TWINBROOK PKWY,Rear-End (Same Direction),Tailgating,Clear,Dry,Dark - Not Lighted,No Control,None Detected,FD110C09-83D3-462B-8CA0-9BE09DD6281F,FL,E1AA2D3F-7DC6-4E32-8194-6A56A9E3CCBA,Eleven O Clock,PassengerCar,MovingConstantSpeed,Southbound,35.0,No,No,2022,FORD,39.0514405,-77.05147767,F-250_Ford,19,2025,10,21,19,Tuesday,2025-10-21,43
3524,MCP3275003C,250044392,Montgomery_County_Police,Property Damage Crash,2025-10-02 22:43:00,County_Route,CALVERTON BLVD,BROADBIRCH DR                 CHERRY HILL RD,Angle Collision,Road Obstruction,Clear,Dry,Dark - Lighted,Traffic Signal,None Detected,122CBBDB-55B3-4122-9EA3-0FCADA2D495D,VA,D592CAF7-A2DB-4B0E-B509-B4AD39F1A011,Twelve O Clock,PassengerCar,MovingConstantSpeed,West,40.0,No,No,2007,ACURA,39.05609492,-76.95427082,TL_Acura,22,2025,10,2,22,Thursday,2025-10-02,40
3525,MCP233900C1,250046914,Montgomery_County_Police,Property Damage Crash,2025-10-18 20:32:00,Municipality_Route,MARYLAND AVE,BLUNT RD,Sideswipe (Same Direction),Lane Violation,Clear,Dry,Dark - Lighted,No Control,None Detected,90FAA2B0-DA8C-4D9E-BB20-79D6C6F7308D,MD,CCA7FEA5-4763-45DC-9438-8CD5613DA2A6,Three O Clock,Other,MovingConstantSpeed,Northbound,15.0,No,No,2023,FORD,39.08693017,-77.15111967,Transit_Ford,20,2025,10,18,20,Saturday,2025-10-18,42
3526,MCP3417001B,250045381,Montgomery_County_Police,Property Damage Crash,2025-10-07 11:41:00,Maryland_State_Route,EAST WEST HWY (WB/L),UNIVERSITY BLVD W,Other,Passing / Turning,Clear,Dry,Daylight,No Control,None Detected,04BD322C-09D6-493A-AE79-0100C6027422,MD,45D2CEB9-63EC-4B88-97A6-96A27B6DD8D2,Eleven O Clock,PickupTruck,StoppedInTrafficLane,Northbound,15.0,No,No,2022,GMC,38.98488192,-77.09270135,Canyon_GMC,11,2025,10,7,11,Tuesday,2025-10-07,41
3527,MCP9429001Q,250046910,Montgomery_County_Police,Injury Crash,2025-10-18 20:11:00,US_State_Route,COLESVILLE RD,FENTON ST,Rear-End (Same Direction),Surface Condition,Clear,Dry,Dark - Lighted,Other Pavement Marking,None Detected,912D17B9-77B0-40A3-AEF0-2CDE28557479,WV,4816A2CB-8DD0-4F6A-97DC-7697B751975F,One O Clock,PassengerCar,MovingConstantSpeed,East,35.0,No,No,2020,CHEVROLET,38.99770804,-77.02703955,Silverado_Chevrolet,20,2025,10,18,20,Saturday,2025-10-18,42
3529,MCP1534001T,250045347,Montgomery_County_Police,Injury Crash,2025-10-09 06:26:00,Maryland_State_Route,RIDGE RD,S MANOR CIR,Rear-End (Same Direction),Driver Inattention,Clear,Dry,Dawn,No Control,None Detected,9A884DB4-7720-4927-82D9-87F2CB22E854,MD,2FB8FFBC-FC77-4CAC-95D5-79EEA7B6ED80,Eleven O Clock,SportUtilityVehicle,MovingConstantSpeed,Southbound,35.0,No,No,2013,TOYOTA,39.30918574,-77.19775742,Camry_Toyota,6,2025,10,9,6,Thursday,2025-10-09,41
3530,MCP3387003D,250045440,Montgomery_County_Police,Property Damage Crash,2025-10-09 16:20:00,County_Route,SLIGO AVE,RAMP 6 FR MIDDLEBROOK RD EB TO IS 270 SB,Angle Collision,Right-of-Way Violation,Clear,Dry,Daylight,No Control,None Detected,355F9DC1-9B3B-4599-85E2-BF1E9355819E,MD,D5BFB770-6D50-4255-9296-D6E025BF51AF,Eleven O Clock,PassengerCar,EnteringTrafficLane,Southbound,25.0,No,No,2019,TOYOTA,38.99021957,-77.02355567,C-HR_Toyota,16,2025,10,9,16,Thursday,2025-10-09,41
3531,EJ79060033,250047684,Gaithersburg_Police_Department,Property Damage Crash,2025-10-23 17:04:00,Spur_Route,RANDOLPH RD,GREAT SENECA HWY (SB/L),Other,Traffic Control Violation,Clear,Dry,Daylight,Traffic Signal,None Detected,9ACA805B-FDD1-4FE0-8FD7-1D1485084E79,MD,F4BA0332-EE08-4892-BCC7-6C9068AA8245,Twelve O Clock,PassengerCar,MovingConstantSpeed,North,50.0,No,No,2015,NISSAN,39.10995383,-77.21691117,Sentra_Nissan,17,2025,10,23,17,Thursday,2025-10-23,43
3532,DD5657002S,250045598,Rockville_Police_Department,Property Damage Crash,2025-10-10 15:30:00,Municipality_Route,REDLAND BLVD,RAMP 9 FR RAMP 1 TO REDLAND BLVD,Angle Collision,Right-of-Way Violation,Cloudy,Dry,Daylight,Traffic Signal,None Detected,6F81DEA6-98EC-4C13-B327-E9A621E78465,MD,A786A3B0-42D0-4529-8E8F-C7761E3C32D7,One O Clock,PassengerCar,Accelerating,Northbound,40.0,No,No,2011,CHEVROLET,39.11569494,-77.16617241,Silverado_Chevrolet,15,2025,10,10,15,Friday,2025-10-10,41
3533,MCP32920034,250047344,Montgomery_County_Police,Property Damage Crash,2025-10-21 15:55:00,Local_Route,TRAMS WAY,CONNECTICUT AVE,Rear-End (Same Direction),Tailgating,Clear,Dry,Daylight,No Control,None Detected,CAC9ED57-2039-4BB7-BE02-6CC5CA46B0E0,MD,47EB4CF0-6ED4-4E55-810A-978855FA3F8E,Eleven O Clock,PassengerCar,MovingConstantSpeed,Northbound,35.0,No,No,2017,HONDA,39.17729909,-77.1894422,Civic_Honda,15,2025,10,21,15,Tuesday,2025-10-21,43
3535,MCP3031007H,250047492,Montgomery_County_Police,Property Damage Crash,2025-10-22 14:15:00,Maryland_State_Route,GEORGIA AVE (SB/L),EMORY LA,Rear-End (Same Direction),Congestion / Backup,Clear,Dry,Daylight,Traffic Signal,None Detected,2EA08E49-BB89-43A9-9482-6795A7643A00,MD,E4236028-CDD1-4F7B-8C8C-093DDECD34E7,Six O Clock,PassengerCar,SlowingOrStopping,North,40.0,No,No,2012,BMW,39.12612959,-77.07247198,M37_BMW,14,2025,10,22,14,Wednesday,2025-10-22,43
3537,DD558300BL,250045459,Rockville_Police_Department,Injury Crash,2025-10-09 17:23:00,Maryland_State_Route,FALLS RD (SB/L),WOOTTON PKWY (EB/L),Rear vs Side,Right-of-Way Violation,Clear,Dry,Daylight,Traffic Signal,None Detected,DB8563C1-5C52-44BE-9B14-47A727ED8B9F,MD,EE9FFDFB-4CA0-40FE-9FFA-354247D51E7F,One O Clock,SportUtilityVehicle,MakingLeftTurn,West,35.0,No,No,2019,FORD,39.06982805,-77.17010926,Escape_Ford,17,2025,10,9,17,Thursday,2025-10-09,41
3538,MCP2738005V,250045811,Montgomery_County_Police,Injury Crash,2025-10-12 02:59:00,County_Route,BROADBIRCH DR,LOST KNIFE RD,Single Vehicle,Lane Violation,Rain,Wet,Dark - Lighted,No Control,None Detected,E4C7DE7D-DDB1-4A05-8293-777B40B24CAB,MD,33F52B41-9243-4C73-B240-5DF38961D05A,Twelve O Clock,PassengerCar,MovingConstantSpeed,Westbound,30.0,No,No,2020,ACURA,39.05580933,-76.96217517,TLX_Acura,2,2025,10,12,2,Sunday,2025-10-12,41
3539,MCP2989003C,250047655,Montgomery_County_Police,Property Damage Crash,2025-10-23 14:56:00,County_Route,TWINBROOK PKWY,WOODFIELD RD,Rear-End (Same Direction),Tailgating,Clear,Dry,Daylight,No Control,None Detected,105BA00A-BDFF-4763-A7A2-0696020D3A4D,MD,70DBE38B-6886-4E37-B9A9-11B4FCDF284D,Twelve O Clock,PassengerCar,MovingConstantSpeed,Westbound,30.0,No,No,2010,NISSAN,39.068515,-77.11410767,Rogue_Nissan,14,2025,10,23,14,Thursday,2025-10-23,43
3540,MCP3171002Y,250045967,Montgomery_County_Police,Property Damage Crash,2025-10-13 11:51:00,Local_Route,BALTUSROL DR,INDUSTRIAL PKWY,Angle Collision,Speed Related,Clear,Dry,Daylight,No Control,None Detected,85C6FDA9-C217-4593-84FF-8C81D8455033,WV,F3B270A7-DDD7-4B7C-8A13-818077082A35,Twelve O Clock,PassengerCar,MovingConstantSpeed,Westbound,10.0,No,No,2016,MAZDA,39.20039833,-77.27372,Mazda6_Mazda,11,2025,10,13,11,Monday,2025-10-13,42
3541,MCP3400002V,250045782,Montgomery_County_Police,Property Damage Crash,2025-10-11 20:40:00,County_Route,GRACEFIELD RD,CALVERTON BLVD,Sideswipe (Same Direction),Traffic Control Violation,Rain,Wet,Dark - Lighted,Stop Sign,None Detected,40389156-AE9A-444B-B4CC-DB450D7EBF39,MD,B6A984D4-4306-45D4-844E-DAE02A547201,VehicleNotAtScene,PassengerCar,MovingConstantSpeed,Northbound,15.0,No,No,2005,HONDA,39.05692306,-76.95123663,Civic_Honda,20,2025,10,11,20,Saturday,2025-10-11,41
3542,MCP2704002J,250047737,Montgomery_County_Police,Property Damage Crash,2025-10-23 22:32:00,County_Route,SAMPSON RD,GREENTREE RD,Sideswipe (Same Direction),Passing / Turning,Clear,Dry,Dark - Lighted,No Control,None Detected,91DB5F7F-E652-42D7-8F48-30C66EDB1C4D,MD,1BA77274-1D5C-4E82-BA74-CF2447086C3D,One O Clock,PassengerCar,Backing,Westbound,25.0,No,No,2015,HONDA,39.05337237,-77.07916552,Civic_Honda,22,2025,10,23,22,Thursday,2025-10-23,43
3543,MCP3389001G,250046821,Montgomery_County_Police,Injury Crash,2025-10-18 09:33:00,Crossover,PINEY BRANCH RD,GEORGIA AVE,Rear-End (Same Direction),Congestion / Backup,Clear,Dry,Daylight,Traffic Signal,None Detected,D16A5F09-B66A-4F07-BE69-4ADCC7482532,DC,A21FC18C-52D4-42F2-BA15-92F67BB4A29C,Six O Clock,PassengerCar,SlowingOrStopping,Northbound,30.0,No,No,2022,VOLVO,38.99087279,-77.02655185,XC40_Volvo,9,2025,10,18,9,Saturday,2025-10-18,42
3544,MCP3138008C,250046303,Montgomery_County_Police,Property Damage Crash,2025-10-15 09:16:00,County_Route,RANDOLPH RD (WB/L),MERRIMAC DR,Sideswipe (Same Direction),Lane Violation,Clear,Dry,Daylight,Traffic Signal,None Detected,0E9B9645-F57D-4A25-840A-A15161226F3B,MD,837E4545-8CB7-45AE-A76B-5E45E7BE04E5,Two O Clock,SchoolBus,MovingConstantSpeed,Westbound,35.0,No,No,2020,CHEVROLET,39.0574175,-77.07266783,Silverado_Chevrolet,9,2025,10,15,9,Wednesday,2025-10-15,42
3545,MCP3170004F,250047717,Montgomery_County_Police,Property Damage Crash,2025-10-23 19:54:00,County_Route,RICHTER FARM RD (EB/L),KINGS CROSSING BLVD KINGS CROSSING BLVD (EB/L),Angle Collision,Traffic Control Violation,Clear,Dry,Dark - Not Lighted,Stop Sign,None Detected,E5619EE2-E799-49A9-9F1F-E2B070F8F8B8,MD,141E0346-2869-488D-9A0A-EB5773179533,VehicleNotAtScene,PassengerCar,MakingLeftTurn,Eastbound,40.0,No,No,2020,JEEP,39.16423808,-77.29620428,Grand Cherokee_Jeep,19,2025,10,23,19,Thursday,2025-10-23,43
3546,MCP34080028,250046504,Montgomery_County_Police,Injury Crash,2025-10-16 12:20:00,Other_Public_Roadway,JESSUP BLAIR DR,NORBECK RD,Angle Collision,Right-of-Way Violation,Clear,Dry,Daylight,No Control,None Detected,42BC02D4-AC7F-48A7-AC5E-6B9283EE515E,MD,6EE2FEA4-04BD-4A1F-B266-783F77B4BD7E,Twelve O Clock,PassengerCar,MakingLeftTurn,Southbound,30.0,No,No,2010,VOLVO,38.985771,-77.02659467,XC60_Volvo,12,2025,10,16,12,Thursday,2025-10-16,42
3547,MCP3192006H,250045784,Montgomery_County_Police,Property Damage Crash,2025-10-11 20:51:00,County_Route,RANDOLPH RD (WB/L),RAYBURN RD,Rear-End (Same Direction),Tailgating,Rain,Wet,Dark - Lighted,Traffic Signal,None Detected,9459EE67-A542-4032-96C1-3A38853B08BB,MD,2DD12A6C-F7D1-4C36-92FD-BFF65CD23DC6,Twelve O Clock,PassengerCar,SlowingOrStopping,Westbound,35.0,No,No,2006,HYUNDAI,39.05757063,-77.07972792,Elantra_Hyundai,20,2025,10,11,20,Saturday,2025-10-11,41
3548,MCP2351006H,250046130,Montgomery_County_Police,Property Damage Crash,2025-10-14 09:17:00,Municipality_Route,ROLLINS AVE,CHAPMAN AVE,Rear-End (Same Direction),Weather Related,Rain,Wet,Daylight,No Control,None Detected,468F4042-2E37-4FEB-AE68-FEE5A11227FB,MD,E7868977-0D00-4AB1-BFBF-F21F57B1021F,Six O Clock,SportUtilityVehicle,StoppedInTrafficLane,Southbound,25.0,No,No,2009,NISSAN,39.057749,-77.11814983,Rogue_Nissan,9,2025,10,14,9,Tuesday,2025-10-14,42
3550,MCP34940006,250047702,Montgomery_County_Police,Injury Crash,2025-10-23 17:55:00,County_Route,GRACE CHURCH RD,SECOND AVE,Other,Right-of-Way Violation,Clear,Dry,Daylight,Stop Sign,None Detected,2CB9ECCD-D68E-48B6-A5F1-6D5598317DAA,MD,0869A5CC-E670-4140-9C3F-B9457A873E6F,Twelve O Clock,SportUtilityVehicle,Accelerating,Westbound,20.0,No,No,2023,TOYOTA,39.00416217,-77.04090533,Camry_Toyota,17,2025,10,23,17,Thursday,2025-10-23,43
3551,MCP2987009X,250048396,Montgomery_County_Police,Property Damage Crash,2025-10-28 13:00:00,Maryland_State_Route,NEW HAMPSHIRE AVE (SB/L),CHESTNUT ST,Sideswipe (Same Direction),Driver Inattention,Clear,Dry,Daylight,No Control,None Detected,8CF9E1EC-293A-4A91-AF1D-72AB1F76B6C6,MD,53B94B42-94B2-4005-877F-052F239EB7C9,VehicleNotAtScene,PassengerCar,ChangingLanes,Southbound,40.0,No,No,2019,HYUNDAI,39.04293582,-76.99185548,Santa Fe_Hyundai,13,2025,10,28,13,Tuesday,2025-10-28,44
3552,MCP34450016,250048086,Montgomery_County_Police,Injury Crash,2025-10-26 15:00:00,County_Route,MONTROSE PKWY (WB/L),RANDOLPH RD,Single Vehicle,Lane Violation,Clear,Dry,Daylight,Traffic Signal,None Detected,4F49DD62-AEF9-4261-A8FA-C5B06C513F47,MD,0B6CFDDC-A76B-49AA-A5C1-528A8AE34329,Eleven O Clock,PassengerCar,MovingConstantSpeed,Westbound,40.0,No,No,2025,MAZDA,39.05189067,-77.11900583,CX-5_Mazda,15,2025,10,26,15,Sunday,2025-10-26,43
3553,MCP33940023,250046177,Montgomery_County_Police,Property Damage Crash,2025-10-14 12:45:00,Maryland_State_Route,EAST WEST HWY (WB/L),RAMP 1 FR IS 270 NB TO SHADY GROVE RD WB,Sideswipe (Same Direction),Driver Inattention,Cloudy,Dry,Daylight,Traffic Signal,None Detected,227ACE08-9BFF-4EBC-B57F-D5C612590162,MD,009F4BBE-B41D-458C-AF28-B1205780A01C,Eleven O Clock,PassengerCar,SlowingOrStopping,Northbound,25.0,No,No,2017,SUBARU,38.98476741,-77.09381096,Outback_Subaru,12,2025,10,14,12,Tuesday,2025-10-14,42
3554,MCP2760007H,250046244,Montgomery_County_Police,Injury Crash,2025-10-14 18:50:00,County_Route,GOSHEN RD,KEMPTOWN RD,Rear-End (Same Direction),Tailgating,Clear,Dry,Dark - Lighted,No Control,None Detected,2CEE0259-ABDC-46C9-853B-6F7972C09DAE,MD,372AB449-DCAE-4962-B9FB-75BEF1279BD8,Six O Clock,SportUtilityVehicle,SlowingOrStopping,Northbound,35.0,No,No,2022,TOYOTA,39.15854,-77.19209033,Camry_Toyota,18,2025,10,14,18,Tuesday,2025-10-14,42
3555,MCP24870045,250045917,Montgomery_County_Police,Injury Crash,2025-10-13 06:00:00,County_Route,WHITES FERRY RD,ELMER SCHOOL RD,Single Vehicle,Speed Related,Rain,Wet,Dark - Not Lighted,Stop Sign,None Detected,7ABD6BC7-1919-40A3-92C0-79A4B1DB5DC7,MD,BB47F6A7-33A4-44D9-B58C-070CA1FFD17B,One O Clock,SportUtilityVehicle,MovingConstantSpeed,Northbound,35.0,No,No,2016,JEEP,39.16476467,-77.41438358,Renegade_Jeep,6,2025,10,13,6,Monday,2025-10-13,42
3556,MCP284500B1,250045026,Montgomery_County_Police,Injury Crash,2025-10-07 09:17:00,US_State_Route,COLUMBIA PIKE (SB/L),BLACKBURN RD,Angle Collision,Road Obstruction,Clear,Dry,Daylight,Traffic Signal,None Detected,F6A385B7-E58D-4E28-A7DF-B86856067C14,MD,05DF0EC4-BC1C-4305-8CD8-79367B0FED71,Nine O Clock,SportUtilityVehicle,MovingConstantSpeed,East,55.0,No,No,2019,LAND ROVER,39.10430511,-76.93331833,Range Rover Sport_Land Rover,9,2025,10,7,9,Tuesday,2025-10-07,41
3557,MCP27980072,250044174,Montgomery_County_Police,Injury Crash,2025-10-01 15:30:00,County_Route,FATHER HURLEY BLVD (NB/L),WATERS LANDING DR,Angle Collision,Road Obstruction,Clear,Dry,Daylight,Traffic Signal,None Detected,67469283-D90E-4DE1-8F9E-128538FF4476,GA,DE33D9EB-8237-4AB9-89D8-3F581641E337,Eleven O Clock,Van - Passenger (&lt;9 Seats),Accelerating,North,25.0,No,No,2005,CHEVROLET,39.19169311,-77.27194794,Silverado_Chevrolet,15,2025,10,1,15,Wednesday,2025-10-01,40
3558,MCP3079007L,250047593,Montgomery_County_Police,Injury Crash,2025-10-23 07:50:00,Maryland_State_Route,GERMANTOWN RD,CLOPPER RD,Rear-End (Same Direction),Tailgating,Clear,Dry,Daylight,Traffic Signal,None Detected,ECEF873F-F0FE-44D6-834D-07E89A6E8183,MD,96A54A0A-99AE-4099-9AD7-D8CE51F1F57C,Twelve O Clock,PassengerCar,Accelerating,Northbound,40.0,No,No,2012,VOLKSWAGEN,39.16254593,-77.28294716,Jetta_Volkswagen,7,2025,10,23,7,Thursday,2025-10-23,43