Unnamed: 0,Report Number,Local Case Number,Agency Name,ACRS Report Type,Crash Date/Time,Route Type,Road Name,Cross-Street Name,Collision Type,Circumstance_Category,Weather,Surface Condition,Light,Traffic Control,Driver Substance Abuse,Person ID,Drivers License State,Vehicle ID,Vehicle First Impact Location,Vehicle Body Type,Vehicle Movement,Vehicle Going Dir,Speed Limit,Driverless Vehicle,Parked Vehicle,Vehicle Year,Vehicle Make,Latitude,Longitude,Vehicle Model,hour,Crash_year,Crash_month,Crash_day,Crash_hour,Crash_day_name,Crash_date,Crash_week
3560,MCP34290015,250044465,Montgomery_County_Police,Property Damage Crash,2025-10-03 12:35:00,County_Route,PARKLAND DR,FRANKLIN AVE,Sideswipe (Same Direction),Tailgating,Clear,Dry,Daylight,No Control,None Detected,B36F787D-9662-496A-90E7-B98323A1E456,MD,958C97EC-0E76-4406-BD5A-DB927D346E7E,Three O Clock,Van - Passenger (&lt;9 Seats),MovingConstantSpeed,Eastbound,25.0,No,No,2024,FORD,39.06379602,-77.09090097,Transit_Ford,12,2025,10,3,12,Friday,2025-10-03,40
3561,MCP3430000S,250045530,Montgomery_County_Police,Property Damage Crash,2025-10-10 07:45:00,Maryland_State_Route,GEORGIA AVE (SB/L),WALDORF DR,Rear-End (Same Direction),Tailgating,Clear,Dry,Daylight,Traffic Signal,Alcohol Present,A610B470-99F9-47A7-91B8-0AFFC7335FCE,MD,EC3E0FB6-5834-4784-A706-CE4394E3614F,VehicleNotAtScene,PassengerCar,MakingRightTurn,Southbound,30.0,No,No,2012,BMW,38.99750593,-77.02982442,3 Series_BMW,7,2025,10,10,7,Friday,2025-10-10,41
3562,DD5653005R,250048230,Rockville_Police_Department,Property Damage Crash,2025-10-27 13:52:00,Maryland_State_Route,ROCKVILLE PIKE,HALPINE RD,Angle Collision,Right-of-Way Violation,Clear,Dry,Daylight,Traffic Signal,None Detected,F542EFC1-0176-439C-990D-99522F588E7C,MD,E1D3C22D-52A6-452B-BE30-9821A66511E7,Seven O Clock,PassengerCar,MakingLeftTurn,South,35.0,No,No,2010,FORD,39.06188159,-77.12390021,Fusion_Ford,13,2025,10,27,13,Monday,2025-10-27,44
3563,MCP3433000W,250047853,Montgomery_County_Police,Property Damage Crash,2025-10-24 16:32:00,County_Route,WISTERIA DR,FOREST GLEN RD,Angle Collision,Right-of-Way Violation,Clear,Dry,Daylight,Stop Sign,None Detected,9CB8E49D-BD6A-4280-AB22-CF1989A27008,MD,63DF3323-39C4-418D-BA4B-99CCB82C1EB8,Twelve O Clock,PassengerCar,MakingLeftTurn,Southbound,30.0,No,No,2010,TOYOTA,39.17768367,-77.27129867,RAV4_Toyota,16,2025,10,24,16,Friday,2025-10-24,43
3564,MCP2195007M,250045392,Montgomery_County_Police,Property Damage Crash,2025-10-09 12:13:00,Interstate_Route,EISENHOWER MEMORIAL HWY,OAKVIEW DR,Rear-End (Same Direction),Tailgating,Clear,Dry,Daylight,No Control,None Detected,17F5CE40-5EB7-429B-A109-81E58FDA198F,MD,51ABC7CB-6399-4836-AD6E-F25B10614F16,Five O Clock,PassengerCar,SlowingOrStopping,Northbound,55.0,No,No,2023,HYUNDAI,39.26039091,-77.30794731,Tucson_Hyundai,12,2025,10,9,12,Thursday,2025-10-09,41
3565,MCP24500060,250045614,Montgomery_County_Police,Property Damage Crash,2025-10-10 16:00:00,Municipality_Route,MARKET ST,BEL PRE RD,Angle Collision,Passing / Turning,Clear,Dry,Daylight,No Control,None Detected,8B3DDAE0-7468-4292-88E0-10234CE5E529,VA,C2F78DF2-8692-4FF3-BEBA-9EC6BC3F2E49,Five O Clock,Other,SlowingOrStopping,Northbound,25.0,No,No,2023,FORD,39.12258851,-77.23493237,E-Series_Ford,16,2025,10,10,16,Friday,2025-10-10,41
3566,MCP3074006W,250047884,Montgomery_County_Police,Property Damage Crash,2025-10-24 20:22:00,County_Route,SEMINARY PL,GEORGIA AVE GEORGIA AVE (SB/L),Rear-End (Same Direction),Surface Condition,Clear,Dry,Dark - Lighted,Traffic Signal,None Detected,D42640A7-1697-4C7E-A15C-67B9A5DF9A40,MD,AC49730A-2435-42C5-8A25-06A10B42C3A9,Twelve O Clock,TransitBus,MovingConstantSpeed,West,30.0,No,No,2013,TOYOTA,39.00962994,-77.04055539,Camry_Toyota,20,2025,10,24,20,Friday,2025-10-24,43
3568,MCP137801DS,250045259,Montgomery_County_Police,Property Damage Crash,2025-10-08 15:48:00,Maryland_State_Route,RIDGE RD,WESTFIELD S ENT/WMATA ENT,Rear-End (Same Direction),Congestion / Backup,Cloudy,Dry,Daylight,No Control,None Detected,9E45C8BC-3A76-4AF1-B9CF-6B33FF6009FC,MD,008ACB54-EEEF-4D18-9005-01C2FFB2CA4D,Six O Clock,SportUtilityVehicle,StoppedInTrafficLane,Northbound,45.0,No,No,2020,DODGE,39.18951517,-77.15164435,Durango_Dodge,15,2025,10,8,15,Wednesday,2025-10-08,41
3569,MCP2816004T,250047781,Montgomery_County_Police,Property Damage Crash,2025-10-24 10:12:00,Municipality_Route,URBANA DR,ENT TO SHOPPING CENTER,Angle Collision,Driver Inattention,Clear,Dry,Daylight,Traffic Signal,None Detected,330A42ED-04C2-4461-9CF8-C56B67D2708D,MD,7E93BB07-F1E4-468A-9CC4-D47BB7C20A4D,One O Clock,PassengerCar,MovingConstantSpeed,Not On Roadway,2.5,No,No,2021,SUBARU,39.10026833,-77.13941833,Impreza_Subaru,10,2025,10,24,10,Friday,2025-10-24,43
3570,MCP3192006K,250047010,Montgomery_County_Police,Property Damage Crash,2025-10-19 18:31:00,County_Route,WINDHAM PL,FAIRLAND RD,Rear-End (Same Direction),Lane Violation,Clear,Dry,Dark - Not Lighted,No Control,None Detected,B5040E75-5FBF-4AA2-AA43-86B6CE8A97D7,VA,D9FC0818-1454-44C9-B360-14B0018274A7,Twelve O Clock,PassengerCar,Accelerating,Westbound,25.0,No,No,2017,HYUNDAI,39.03118983,-77.04688517,IONIQ_Hyundai,18,2025,10,19,18,Sunday,2025-10-19,42
3571,MCP9428005M,250045457,Montgomery_County_Police,Property Damage Crash,2025-10-09 17:30:00,Maryland_State_Route,UNIVERSITY BLVD E,W MONTGOMERY AVE,Rear-End (Same Direction),Congestion / Backup,Clear,Dry,Daylight,No Control,None Detected,A2C186DB-1DFE-427E-9FD3-9543900965EA,MD,A0D32C18-53D7-4814-910E-0F3A8137E826,Six O Clock,SportUtilityVehicle,StoppedInTrafficLane,Northbound,40.0,No,No,2023,HONDA,39.27200667,-77.20458,Pilot_Honda,17,2025,10,9,17,Thursday,2025-10-09,41
3572,MCP120500D8,250045532,Montgomery_County_Police,Injury Crash,2025-10-10 08:05:00,Maryland_State_Route,EAST WEST HWY (WB/L),DALE DR,Rear-End (Same Direction),Tailgating,Clear,Dry,Daylight,No Control,None Detected,46DF52D9-C293-4B6B-AC47-69F5F53D0E75,MD,0501A0CF-BF1E-4BA8-B6FC-047959288B62,Six O Clock,PassengerCar,SlowingOrStopping,Westbound,30.0,No,No,2014,TOYOTA,38.99457851,-77.03521658,RAV4_Toyota,8,2025,10,10,8,Friday,2025-10-10,41
3573,MCP913000LC,250044293,Montgomery_County_Police,Injury Crash,2025-10-02 10:41:00,Maryland_State_Route,UNIVERSITY BLVD E,PINEY BRANCH RD (SB/L),Angle Collision,Traffic Control Violation,Cloudy,Dry,Daylight,Traffic Signal,None Detected,C2824451-5224-402E-9FAB-D7FDE8BECBFC,MD,F3965025-C4C7-4B80-9F88-D553DDB0D595,Twelve O Clock,PassengerCar,MovingConstantSpeed,West,40.0,No,No,2008,HONDA,38.99963233,-76.99557433,Accord_Honda,10,2025,10,2,10,Thursday,2025-10-02,40
3574,MCP3289004F,250044768,Montgomery_County_Police,Property Damage Crash,2025-10-05 13:19:00,Maryland_State_Route,SANDY SPRING RD (WB/L),UNIVERSITY BLVD W,Sideswipe (Same Direction),Right-of-Way Violation,Clear,Dry,Daylight,No Control,None Detected,0CAE8353-20CF-44D5-8AD5-CB1657FCE5B9,MD,0A6F49E1-9797-4FC1-B499-AAEB4784B94A,Seven O Clock,PassengerCar,ChangingLanes,Westbound,45.0,No,No,2016,HONDA,39.10637,-76.9145575,Pilot_Honda,13,2025,10,5,13,Sunday,2025-10-05,40
3575,MCP3429001G,250048160,Montgomery_County_Police,Property Damage Crash,2025-10-27 08:00:00,County_Route,BONIFANT RD,CONNECTICUT AVE,Sideswipe (Same Direction),Lane Violation,Clear,Dry,Daylight,Traffic Signal,None Detected,5BE55DF2-9808-46CB-8F3D-EB554C12D978,MD,25141AD7-627D-4439-8C23-A00A3B9B97E3,Three O Clock,SchoolBus,MakingLeftTurn,Northbound,35.0,No,No,2016,BMW,39.08016177,-77.08044123,M4_BMW,8,2025,10,27,8,Monday,2025-10-27,44
3577,MCP1235006N,250045720,Montgomery_County_Police,Injury Crash,2025-10-11 13:00:00,Maryland_State_Route,UNIVERSITY BLVD W (WB/L),HOBSON ST,Sideswipe (Same Direction),Lane Violation,Clear,Dry,Daylight,No Control,None Detected,E475E6E7-F05F-4874-8913-DDAC8E47830F,MD,5E53F597-A396-4A10-AA5B-70CC3CD6B9B4,Six O Clock,SportUtilityVehicle,ChangingLanes,Westbound,40.0,No,No,2022,VOLKSWAGEN,39.0211925,-77.0144215,Tiguan_Volkswagen,13,2025,10,11,13,Saturday,2025-10-11,41
3578,MCP2940008H,250044897,Montgomery_County_Police,Property Damage Crash,2025-10-06 12:00:00,Maryland_State_Route,16TH ST (SB/L),ROLLINS AVE,Rear-End (Same Direction),Tailgating,Clear,Dry,Daylight,Pedestrian Crossing,None Detected,14579C4E-E72B-4062-986E-22515B1C6FEF,MD,143C6897-C15C-4272-981E-0946C59E6761,Twelve O Clock,SportUtilityVehicle,MovingConstantSpeed,Southbound,35.0,No,No,1999,HONDA,38.9993959,-77.03999159,CR-V_Honda,12,2025,10,6,12,Monday,2025-10-06,41
3579,MCP3022006F,250045081,Montgomery_County_Police,Injury Crash,2025-10-07 13:54:00,Other_Public_Roadway,SHAKESPEARE BLVD,GERMANTOWN RD,Sideswipe (Same Direction),Lane Violation,Clear,Dry,Daylight,Lane Use Control,None Detected,E40ADFD8-EFCF-4BD1-A6C8-B15D3CC8FA3A,MD,8405F08E-39E7-400C-AED4-BF0E01869BDF,Four O Clock,PickupTruck,ChangingLanes,Southbound,40.0,No,No,2020,FORD,39.19292878,-77.23859371,F-150_Ford,13,2025,10,7,13,Tuesday,2025-10-07,41
3580,DD57060005,250045184,Rockville_Police_Department,Property Damage Crash,2025-10-08 07:45:00,Maryland_State_Route,ROCKVILLE PIKE (SB/L),CARROLL AVE,Rear vs Side,Right-of-Way Violation,Rain,Wet,Daylight,No Control,None Detected,545DE657-D667-478F-BE12-7BBAF485820B,MD,0DCE629A-CCA0-4429-9057-F81FC3A7F865,Four O Clock,PassengerCar,MakingLeftTurn,Westbound,45.0,No,No,2014,NISSAN,39.0754037,-77.13721339,Sentra_Nissan,7,2025,10,8,7,Wednesday,2025-10-08,41
3581,MCP1465006J,250045525,Montgomery_County_Police,Property Damage Crash,2025-10-10 06:56:00,Maryland_State_Route,VEIRS MILL RD,RAMP 5 FR MD 187 SB TO RAMP 4 (TO IS495),Rear-End (Same Direction),Congestion / Backup,Clear,Dry,Dark - Lighted,Traffic Signal,None Detected,C81A638A-8F0E-44E6-8B35-4883A351BC75,MD,B2994234-2FE3-4E5F-9E8C-D1AA27BCFFDA,Six O Clock,SportUtilityVehicle,StoppedInTrafficLane,Eastbound,35.0,No,No,2022,TOYOTA,39.05193197,-77.07541746,RAV4_Toyota,6,2025,10,10,6,Friday,2025-10-10,41
3582,EJ79030052,250044911,Gaithersburg_Police_Department,Property Damage Crash,2025-10-06 13:00:00,Local_Route,SHOP CTR CUT THRU CUT,KENTLANDS BLVD (NB/L) KENTLANDS SQUARE PL,Angle Collision,Right-of-Way Violation,Clear,Dry,Daylight,Stop Sign,None Detected,230C8939-3228-474F-86CE-00763E110A9C,MD,5EAE7C45-D84E-4BD9-A2F5-276F4C3815D3,Twelve O Clock,PassengerCar,MovingConstantSpeed,Eastbound,25.0,No,No,2013,TOYOTA,39.12328189,-77.23646542,Camry_Toyota,13,2025,10,6,13,Monday,2025-10-06,41
3583,DM8505002T,250044329,Takoma_Park_Police_Department,Property Damage Crash,2025-10-02 14:51:00,Maryland_State_Route,ETHAN ALLEN AVE,ELM AVE,Angle Collision,Road Obstruction,Clear,Dry,Daylight,Stop Sign,None Detected,9EA83BE0-6617-4F7A-9D53-EBCC4F3EC362,MD,17C39C0B-A973-4F0A-9F05-E74947625908,Nine O Clock,PassengerCar,MovingConstantSpeed,West,25.0,No,No,2006,HONDA,38.97618123,-76.99683141,Accord_Honda,14,2025,10,2,14,Thursday,2025-10-02,40
3584,MCP2195007M,250045392,Montgomery_County_Police,Property Damage Crash,2025-10-09 12:13:00,Interstate_Route,EISENHOWER MEMORIAL HWY,CELEBRATION WAY,Rear-End (Same Direction),Tailgating,Clear,Dry,Daylight,No Control,None Detected,50E2E9D6-A74E-4150-BB52-4697637D2F63,MD,72919A84-2959-4B0D-AFFB-BBC593F9817B,Twelve O Clock,PassengerCar,MovingConstantSpeed,Northbound,55.0,No,No,2015,ACURA,39.26039091,-77.30794731,RDX_Acura,12,2025,10,9,12,Thursday,2025-10-09,41
3585,MCP2752007C,250045103,Montgomery_County_Police,Property Damage Crash,2025-10-07 16:41:00,Municipality_Route,N PARK AVE,FRIENDSHIP BLVD,Other,Weather Related,Cloudy,Dry,Daylight,Stop Sign,None Detected,9C20ACAD-AC46-4882-B345-D88472A4EE12,MD,D3AE6C83-C38B-48D4-955B-A49598186110,Twelve O Clock,PassengerCar,MakingUTurn,West,25.0,No,No,2000,TOYOTA,38.96369354,-77.08938414,Avalon_Toyota,16,2025,10,7,16,Tuesday,2025-10-07,41
3586,MCP25520088,250045405,Montgomery_County_Police,Injury Crash,2025-10-09 13:01:00,Municipality_Route,FISHER AVE,FISHER AVE WOOTTON AVE,Angle Collision,Right-of-Way Violation,Clear,Dry,Daylight,Stop Sign,None Detected,BFBF604A-E3B8-49E1-92B8-0E6A89041596,DC,17F251B0-83E2-4F20-B391-C5D613ED3279,One O Clock,PassengerCar,Accelerating,Eastbound,25.0,No,No,2005,HONDA,39.14238667,-77.40745333,Accord_Honda,13,2025,10,9,13,Thursday,2025-10-09,41
3587,MCP3423002Q,250048152,Montgomery_County_Police,Injury Crash,2025-10-27 07:20:00,County_Route,COLEFAIR DR,FAIRLAND RD,Rear-End (Same Direction),Tailgating,Clear,Dry,Daylight,No Control,None Detected,78DC5FB8-1D63-414A-9C81-FD98611BE73A,MD,1BBBE453-E0AF-4198-9654-CF151D1A4442,Twelve O Clock,PassengerCar,MovingConstantSpeed,Eastbound,30.0,No,No,2015,TOYOTA,39.07710976,-76.96793758,Prius v_Toyota,7,2025,10,27,7,Monday,2025-10-27,44
3588,DM85030027,250044853,Takoma_Park_Police_Department,Property Damage Crash,2025-10-06 05:17:00,Municipality_Route,HOLTON LA,NEW HAMPSHIRE AVE,Rear-End (Same Direction),Road Obstruction,Clear,Dry,Dark - Lighted,Traffic Signal,None Detected,CDD5D01A-5D8E-4FA1-ADAA-A02E5E8A355F,MD,8DB4996A-E0CE-4C89-B264-F9269DDB4D48,Six O Clock,PassengerCar,Parked,East,35.0,No,Yes,2022,TOYOTA,38.98578896,-76.98810593,Corolla_Toyota,5,2025,10,6,5,Monday,2025-10-06,41
3589,MCP2783006V,250048033,Montgomery_County_Police,Injury Crash,2025-10-25 22:59:00,Maryland_State_Route,NEW HAMPSHIRE AVE,RAMP 4 FR MD650 NB TO RP 5 (TO MD200 EB),Rear-End (Same Direction),Tailgating,Clear,Dry,Dark - Lighted,Traffic Signal,None Detected,284DEF25-8EF2-4D81-A866-EF628602D44A,MD,7DFFFDA2-98CB-4019-BE49-B76A875FE159,Twelve O Clock,PassengerCar,MovingConstantSpeed,Northbound,45.0,No,No,2015,ACURA,39.0877285,-76.999345,TLX_Acura,22,2025,10,25,22,Saturday,2025-10-25,43
3590,EJ79030056,250046947,Gaithersburg_Police_Department,Property Damage Crash,2025-10-19 06:00:00,Ramp_Route,RAMP 4 FR IS 270 NB TO MD 124 EB,SEVEN LOCKS RD,Rear-End (Same Direction),Tailgating,Clear,Dry,Dark - Lighted,Traffic Signal,None Detected,A517F457-7CD3-433C-B6A5-E6F8BC3DCD82,MD,5F4D38C9-64A5-466F-A416-F4EE914E47B6,Twelve O Clock,SportUtilityVehicle,MovingConstantSpeed,Northbound,20.0,No,No,2013,NISSAN,39.15004462,-77.21460005,Rogue_Nissan,6,2025,10,19,6,Sunday,2025-10-19,42
3591,MCP3093006C,250045293,Montgomery_County_Police,Property Damage Crash,2025-10-08 17:38:00,Maryland_State_Route,ROCKVILLE PIKE,MARGOT DR,Rear-End (Same Direction),Congestion / Backup,Clear,Dry,Daylight,No Control,None Detected,5CEF7DFD-23E0-458A-AA2C-74D3AC070284,MD,B9A5891D-96D5-48BD-AE25-F96132A8B4BA,Six O Clock,SportUtilityVehicle,StoppedInTrafficLane,Northbound,35.0,No,No,2020,AUDI,39.04250767,-77.1106245,Q3_Audi,17,2025,10,8,17,Wednesday,2025-10-08,41
3592,MCP3423002J,250044859,Montgomery_County_Police,Injury Crash,2025-10-06 08:05:00,County_Route,WOLF DR,NEW HAMPSHIRE AVE (SB/L),Angle Collision,Road Obstruction,Clear,Dry,Daylight,Traffic Signal,None Detected,6EA2A827-EC8D-46FF-8AD2-8C25E844864F,MD,AFBF6898-C33E-42B6-9F2C-175BC6751367,Two O Clock,PassengerCar,Accelerating,East,30.0,No,No,2017,TOYOTA,39.07322529,-77.0027826,RAV4_Toyota,8,2025,10,6,8,Monday,2025-10-06,41
3594,MCP34110032,250047274,Montgomery_County_Police,Injury Crash,2025-10-21 11:16:00,Maryland_State_Route,WISCONSIN AVE (SB/L),GRIDLEY RD,Rear-End (Same Direction),Congestion / Backup,Clear,Dry,Daylight,Traffic Signal,None Detected,A7616E7E-38E6-4DF9-AE5B-BC3E40105812,MD,EFD1F17E-80E0-423F-AE3D-4FA641158E28,Six O Clock,PassengerCar,StoppedInTrafficLane,Northbound,35.0,No,No,2017,FORD,38.96758581,-77.08880972,Fusion_Ford,11,2025,10,21,11,Tuesday,2025-10-21,43
3596,MCP3446000Q,250044745,Montgomery_County_Police,Injury Crash,2025-10-05 10:55:00,County_Route,GRANDVIEW AVE,W EDMONSTON DR,Angle Collision,Right-of-Way Violation,Clear,Dry,Daylight,No Control,None Detected,73F0CD77-F0A1-44D8-8A50-844D96DFAF50,MD,1304E744-6E36-45F3-A384-BDF8A919AEBE,Ten O Clock,PassengerCar,MovingConstantSpeed,Southbound,25.0,No,No,2022,KIA,39.041572,-77.05309167,Carnival_Kia,10,2025,10,5,10,Sunday,2025-10-05,40
3597,MCP21870031,250044754,Montgomery_County_Police,Injury Crash,2025-10-05 12:00:00,Bicycle_Route,SNOUFFERS SCHOOL RD,CHRISTOPHER AVE,Rear-End (Same Direction),Tailgating,Clear,Dry,Daylight,Warning Sign,None Detected,E2940090-0FD1-442F-85ED-58E12E571289,MD,0EFE3F63-93E3-44CF-BFDA-CF72E8C9D650,Twelve O Clock,StationWagon,MovingConstantSpeed,Northbound,35.0,No,No,2023,TOYOTA,39.10929917,-77.2136785,Sienna_Toyota,12,2025,10,5,12,Sunday,2025-10-05,40
3598,MCP33200041,250045261,Montgomery_County_Police,Property Damage Crash,2025-10-08 16:00:00,County_Route,COLUMBIA BLVD,RAMP 7 FR IS 495 WB TO MD 650 SB,Sideswipe (Same Direction),Passing / Turning,Clear,Dry,Daylight,Traffic Signal,None Detected,F3B73506-4CB3-4467-AADE-5C6EE1801DA0,MD,44AFD18C-A0EC-4B7A-9B2C-0B5338E24C58,Four O Clock,PassengerCar,StoppedInTrafficLane,Southbound,25.0,No,No,2011,MAZDA,39.00872559,-77.0402001,CX-9_Mazda,16,2025,10,8,16,Wednesday,2025-10-08,41
3599,EJ79030058,250047623,Gaithersburg_Police_Department,Property Damage Crash,2025-10-23 11:20:00,Ramp_Route,RAMP 1 FR IS 270 NB TO SHADY GROVE RD WB,CHAPMAN AVE,Angle Collision,Right-of-Way Violation,Clear,Dry,Daylight,Traffic Signal,None Detected,679E53F8-CA71-433B-9D86-548A71F8DF86,MD,EAFFDAE9-7C50-401B-9654-5DCA30BBF01F,Twelve O Clock,SportUtilityVehicle,EnteringTrafficLane,Westbound,35.0,No,No,2016,JEEP,39.11187014,-77.18699737,Cherokee_Jeep,11,2025,10,23,11,Thursday,2025-10-23,43
3600,MCP120500D7,250045187,Montgomery_County_Police,Property Damage Crash,2025-10-08 08:00:00,County_Route,CULVER ST,CONNECTICUT AVE (SB/L),Angle Collision,Right-of-Way Violation,Rain,Wet,Daylight,Stop Sign,None Detected,59A3E7FA-54E2-4518-84E3-1AAE59A9F96A,MD,4AECD6AD-4BB2-4787-9905-04571ADF0769,Eleven O Clock,PassengerCar,MakingLeftTurn,Eastbound,35.0,No,No,2015,HONDA,39.00935599,-77.08088304,Civic_Honda,8,2025,10,8,8,Wednesday,2025-10-08,41
3601,MCP2107006X,250047425,Montgomery_County_Police,Injury Crash,2025-10-22 06:44:00,Maryland_State_Route,RIDGE RD,WATKINS MILL RD,Sideswipe (Same Direction),Speed Related,Clear,Wet,Dawn,No Control,None Detected,854E87F9-BFA7-4796-ACFD-F2EC7088E29F,MD,9482B26A-8D19-4059-A63B-B46C90686DBA,Eleven O Clock,SingleUnitTruck,MovingConstantSpeed,Northbound,30.0,No,No,2019,BMW,39.30521045,-77.19762611,5 Series_BMW,6,2025,10,22,6,Wednesday,2025-10-22,43
3602,MCP30090098,250047064,Montgomery_County_Police,Property Damage Crash,2025-10-20 07:20:00,Maryland_State_Route,FREDERICK RD (SB/L),WHITES FERRY RD,Angle Collision,Right-of-Way Violation,Clear,Dry,Daylight,No Control,None Detected,7B6C512E-166B-44F8-AA2D-236CEB0E6B60,MD,E347B902-6FE2-496D-A768-8939D73293F1,Eleven O Clock,PassengerCar,EnteringTrafficLane,Eastbound,45.0,No,No,2004,HONDA,39.19248364,-77.24284537,Civic_Honda,7,2025,10,20,7,Monday,2025-10-20,43
3603,MCP30580060,250047673,Montgomery_County_Police,Injury Crash,2025-10-23 16:29:00,County_Route,CRABBS BRANCH WAY,E GUDE DR (WB/L),Angle Collision,Right-of-Way Violation,Clear,Dry,Daylight,Traffic Signal,None Detected,4759FAFA-2630-4F60-AE81-F9792D46CAF4,MD,49C63CF0-4A20-4A57-8ADE-F1141CC5EF64,One O Clock,SportUtilityVehicle,MakingLeftTurn,Eastbound,40.0,No,No,2013,NISSAN,39.10644787,-77.15225355,Rogue_Nissan,16,2025,10,23,16,Thursday,2025-10-23,43
3604,DD5663002G,250044913,Rockville_Police_Department,Injury Crash,2025-10-06 13:26:00,Maryland_State_Route,ROCKVILLE PIKE (SB/L),S WASHINGTON ST,Rear-End (Same Direction),Congestion / Backup,Clear,Dry,Daylight,No Control,None Detected,97FD0B8C-2310-4EAE-8A91-55CEC1C1C9ED,MD,6CF4D9CC-420D-45F7-8253-6BCC43FA372B,Six O Clock,SportUtilityVehicle,StoppedInTrafficLane,Southbound,35.0,No,No,2006,TOYOTA,39.05910143,-77.12169798,Camry_Toyota,13,2025,10,6,13,Monday,2025-10-06,41
3605,MCP268900D4,250044947,Montgomery_County_Police,Injury Crash,2025-10-06 15:31:00,Maryland_State_Route,DARNESTOWN RD (WB/L),RAMP 7 FR IS 370 WB TO MD 355 SB,Rear-End (Same Direction),Tailgating,Clear,Dry,Daylight,Traffic Signal,None Detected,022D24EB-DCE5-49FD-8989-8CE8BBFC5C8F,MD,6FAA9DF0-9881-4867-A3C2-0C87667B6B33,Twelve O Clock,PassengerCar,MovingConstantSpeed,Westbound,30.0,No,No,2009,TOYOTA,39.11723117,-77.2505105,Corolla_Toyota,15,2025,10,6,15,Monday,2025-10-06,41
3606,MCP2855005X,250045441,Montgomery_County_Police,Injury Crash,2025-10-09 16:19:00,Ramp_Route,RAMP 3 FR MD 200 EB TO MD 650 NB,WOODMONT AVE,Back-to-Back,Congestion / Backup,Clear,Dry,Daylight,Traffic Signal,None Detected,68387D1D-8EBD-47A8-8B20-409A058435EC,MD,1EAFA121-5A57-4FFD-9902-300C3B4FC3C5,Six O Clock,PassengerCar,StoppedInTrafficLane,Unknown,35.0,No,No,2017,TOYOTA,39.08774744,-77.00082344,Corolla_Toyota,16,2025,10,9,16,Thursday,2025-10-09,41
3607,MCP3312006Y,250048358,Montgomery_County_Police,Property Damage Crash,2025-10-25 11:18:00,Maryland_State_Route,GEORGIA AVE,RANDOLPH RD,Sideswipe (Same Direction),Passing / Turning,Clear,Dry,Daylight,No Control,None Detected,BDD6C5D6-5B3D-48E1-877C-DDE3A9B989D3,MD,C3B95166-142F-4B7F-9FED-C858B337C4DA,Three O Clock,PassengerCar,MakingRightTurn,Northbound,2.5,No,No,2024,FORD,39.08088089,-76.94575524,F-150_Ford,11,2025,10,25,11,Saturday,2025-10-25,43
3608,MCP3290004J,250045019,Montgomery_County_Police,Injury Crash,2025-10-07 08:05:00,County_Route,ROCKVILLE PIKE,GREENRIVER TERR,Rear-End (Same Direction),Lane Violation,Clear,Dry,Daylight,No Control,None Detected,479B6FDC-6A71-478F-B7D0-4BE540A1B39A,MD,F41751C9-CE9F-4BB0-A0C0-A8E1F23B726B,Six O Clock,SportUtilityVehicle,StoppedInTrafficLane,Westbound,30.0,No,No,2020,TOYOTA,39.00261188,-77.00522703,Camry_Toyota,8,2025,10,7,8,Tuesday,2025-10-07,41
3609,MCP3446000S,250046840,Montgomery_County_Police,Property Damage Crash,2025-10-18 12:20:00,County_Route,KENSINGTON BLVD,GRANDVIEW AVE,Angle Collision,Right-of-Way Violation,Clear,Dry,Daylight,No Control,None Detected,0D552144-D96D-47C4-9E33-232C4757E5D6,MD,4E47E465-0BF5-46D7-A7CB-5E26FA7D82FC,VehicleNotAtScene,SportUtilityVehicle,EnteringTrafficLane,Eastbound,30.0,No,No,2007,CHEVROLET,39.04177271,-77.05314012,Suburban_Chevrolet,12,2025,10,18,12,Saturday,2025-10-18,42
3610,MCP3021008D,250044473,Montgomery_County_Police,Property Damage Crash,2025-10-03 13:10:00,County_Route,CORDELL AVE,GLENALLAN AVE,Rear-End (Same Direction),Tailgating,Clear,Dry,Daylight,Traffic Signal,None Detected,D313E94C-0B3F-498C-8FAC-924C79B2801A,MD,3961AE16-2FC9-4F20-8979-76655B0205D9,Twelve O Clock,PassengerCar,MovingConstantSpeed,Eastbound,25.0,No,No,2017,FORD,38.9909158,-77.0961794,Taurus_Ford,13,2025,10,3,13,Friday,2025-10-03,40
3611,MCP3430000S,250045530,Montgomery_County_Police,Property Damage Crash,2025-10-10 07:45:00,Maryland_State_Route,GEORGIA AVE (SB/L),CALHOUN DR,Rear-End (Same Direction),Driver Inattention,Clear,Dry,Daylight,Traffic Signal,None Detected,4F8AD4B8-681F-448F-A83F-74E43CDBF0F7,MD,E20EEAA1-0C32-4EE4-AE93-FECC5D627E5A,Seven O Clock,TransitBus,MovingConstantSpeed,Southbound,30.0,No,No,2013,TOYOTA,38.99750593,-77.02982442,Camry_Toyota,7,2025,10,10,7,Friday,2025-10-10,41