Unnamed: 0,Report Number,Local Case Number,Agency Name,ACRS Report Type,Crash Date/Time,Route Type,Road Name,Cross-Street Name,Collision Type,Circumstance_Category,Weather,Surface Condition,Light,Traffic Control,Driver Substance Abuse,Person ID,Drivers License State,Vehicle ID,Vehicle First Impact Location,Vehicle Body Type,Vehicle Movement,Vehicle Going Dir,Speed Limit,Driverless Vehicle,Parked Vehicle,Vehicle Year,Vehicle Make,Latitude,Longitude,Vehicle Model,hour,Crash_year,Crash_month,Crash_day,Crash_hour,Crash_day_name,Crash_date,Crash_week
3612,MCP2445007J,250045404,Montgomery_County_Police,Property Damage Crash,2025-10-09 13:08:00,Maryland_State_Route,GERMANTOWN RD (SB/L),PEACH TREE RD,Rear-End (Same Direction),Driver Inattention,Clear,Dry,Daylight,No Control,None Detected,E5E8A29F-8D5D-4711-8151-BF750486F56D,MD,99830F49-708F-4F58-B3CF-9242A03D0A30,Twelve O Clock,PassengerCar,MovingConstantSpeed,Southbound,45.0,No,No,2020,CHEVROLET,39.19176667,-77.24466667,Camaro_Chevrolet,13,2025,10,9,13,Thursday,2025-10-09,41
3613,MCP137801F4,250048385,Montgomery_County_Police,Injury Crash,2025-10-28 12:50:00,Maryland_State_Route,CONNECTICUT AVE,NO NAME,Rear-End (Same Direction),Tailgating,Cloudy,Dry,Daylight,Yield Sign,None Detected,66ABCB83-BCC7-439F-9B84-938E0AAE8849,MD,6F672969-423D-48F2-8F69-6C71A19F19A3,Twelve O Clock,PickupTruck,Accelerating,Northbound,35.0,No,No,2021,JEEP,39.05187407,-77.07460293,Gladiator_Jeep,12,2025,10,28,12,Tuesday,2025-10-28,44
3615,MCP2351006H,250046130,Montgomery_County_Police,Property Damage Crash,2025-10-14 09:17:00,Municipality_Route,ROLLINS AVE,CHAPMAN AVE,Rear-End (Same Direction),Tailgating,Rain,Wet,Daylight,No Control,None Detected,18AE40AA-2620-45FF-8FC8-16AC1F105A37,MD,5A13432C-1823-4E36-81F1-14B9E91BF9AB,Twelve O Clock,PassengerCar,SlowingOrStopping,Southbound,25.0,No,No,2017,HYUNDAI,39.057749,-77.11814983,Elantra_Hyundai,9,2025,10,14,9,Tuesday,2025-10-14,42
3616,MCP287500BQ,250047998,Montgomery_County_Police,Property Damage Crash,2025-10-25 18:18:00,County_Route,BROOKEVILLE RD,OLNEY LAYTONSVILLE RD,Rear-End (Same Direction),Tailgating,Cloudy,Dry,Dusk,Stop Sign,None Detected,3411CC05-843F-432A-8682-F89CE4F6D8D3,MD,D65C79DE-28AB-47B9-87A5-51109B8B020E,Twelve O Clock,PassengerCar,Accelerating,Westbound,30.0,No,No,2017,NISSAN,39.18309595,-77.11035604,Sentra_Nissan,18,2025,10,25,18,Saturday,2025-10-25,43
3617,MCP120500D9,250047097,Montgomery_County_Police,Injury Crash,2025-10-20 11:53:00,Government_Route,BEACH DR,WEXFORD DR,Rear-End (Same Direction),Road Obstruction,Cloudy,Dry,Daylight,No Control,None Detected,5A9F2C1A-60D1-4818-A2EA-729EC3C0B164,MD,B49F25DC-252A-418D-8770-8F242A70C512,Six O Clock,PassengerCar,SlowingOrStopping,South,25.0,No,No,1999,TOYOTA,39.035955,-77.08442067,Camry_Toyota,11,2025,10,20,11,Monday,2025-10-20,43
3618,DD57010009,250047876,Rockville_Police_Department,Injury Crash,2025-10-24 19:12:00,Maryland_State_Route,HUNGERFORD DR,CUL DE SAC,Rear-End (Same Direction),Tailgating,Clear,Dry,Dark - Lighted,No Control,None Detected,05BF2D04-54F6-4206-A21D-C571B2291245,MD,0604CE31-01F6-4097-B154-F33E9BB8221C,Twelve O Clock,PassengerCar,SlowingOrStopping,Northbound,35.0,No,No,2003,HONDA,39.08586977,-77.14873423,Accord_Honda,19,2025,10,24,19,Friday,2025-10-24,43
3619,MCP2160003W,250048266,Montgomery_County_Police,Property Damage Crash,2025-10-27 15:01:00,County_Route,CLUB HOUSE RD,HOWARD AVE,Head-On,Lane Violation,Clear,Dry,Daylight,Traffic Signal,None Detected,86C069F0-AB81-44B7-9B62-23D74594463A,MD,8B0E53A4-3E06-45D6-8073-D51D45E61AB1,Seven O Clock,SportUtilityVehicle,StoppedInTrafficLane,Westbound,35.0,No,No,2012,HYUNDAI,39.17418728,-77.20739969,Santa Fe_Hyundai,15,2025,10,27,15,Monday,2025-10-27,44
3620,DD5604005V,250046032,Rockville_Police_Department,Injury Crash,2025-10-13 16:47:00,Municipality_Route,CONNECTICUT AVE,ROCKVILLE PIKE (SB/L),Single Vehicle,Right-of-Way Violation,Clear,Dry,Daylight,Traffic Signal,None Detected,8B265017-B85F-4AE3-A3DB-82A1B8F28ED6,VA,89B9E2FE-7D0F-4BCD-A00C-50F9160C4C6C,One O Clock,SportUtilityVehicle,MakingRightTurn,South,25.0,No,No,2021,VOLKSWAGEN,39.06420372,-77.12613616,Jetta_Volkswagen,16,2025,10,13,16,Monday,2025-10-13,42
3621,MCP2881006W,250044864,Montgomery_County_Police,Property Damage Crash,2025-10-06 08:40:00,Maryland_State_Route,RIDGE RD (SB/L),AUTOMOBILE BLVD,Rear-End (Same Direction),Tailgating,Clear,Dry,Daylight,Traffic Signal,None Detected,B8315388-23C4-42E1-BFF7-2ED51FAF4666,MD,46B5BF37-DA6D-4981-AB98-51424C01DC40,Twelve O Clock,PassengerCar,MovingConstantSpeed,Southbound,40.0,No,No,2007,TOYOTA,39.25362833,-77.229055,Avalon_Toyota,8,2025,10,6,8,Monday,2025-10-06,41
3622,MCP287500BQ,250047998,Montgomery_County_Police,Property Damage Crash,2025-10-25 18:18:00,County_Route,BROOKEVILLE RD,OLNEY LAYTONSVILLE RD,Rear-End (Same Direction),Tailgating,Cloudy,Dry,Dusk,Stop Sign,None Detected,DCFF062A-6007-4F7E-A554-6A56382C184D,MD,F9C25648-B60D-4C85-AD12-EFCDEF6C84DB,Six O Clock,PickupTruck,StoppedInTrafficLane,Westbound,30.0,No,No,2022,GMC,39.18309595,-77.11035604,Canyon_GMC,18,2025,10,25,18,Saturday,2025-10-25,43
3623,MCP34420013,250045425,Montgomery_County_Police,Injury Crash,2025-10-09 14:44:00,Maryland_State_Route,CONNECTICUT AVE (SB/L),JONES BRIDGE RD (WB/L),Angle Collision,Traffic Control Violation,Clear,Dry,Daylight,Traffic Signal,None Detected,54B3BEA4-F1BC-48F8-8511-9CBF19658CB0,MD,D95E8DC1-C45A-466F-B684-41B7EED25303,Twelve O Clock,PassengerCar,MovingConstantSpeed,Eastbound,30.0,No,No,2012,NISSAN,38.99992164,-77.07699269,Murano_Nissan,14,2025,10,9,14,Thursday,2025-10-09,41
3624,MCP2738005T,250044702,Montgomery_County_Police,Property Damage Crash,2025-10-04 22:10:00,Spur_Route,RANDOLPH RD,COLUMBIA PIKE,Rear-End (Same Direction),Tailgating,Clear,Dry,Dark - Lighted,Traffic Signal,None Detected,FD0BE403-D69A-4AB3-92EE-98D650DF2F4A,MD,9E2248E4-308C-4C02-ABC7-CC7A1891CEB8,Twelve O Clock,PassengerCar,SlowingOrStopping,Northbound,55.0,No,No,2013,BMW,39.0727705,-76.95581933,3 Series_BMW,22,2025,10,4,22,Saturday,2025-10-04,40
3625,MCP2760007G,250045310,Montgomery_County_Police,Property Damage Crash,2025-10-08 19:39:00,County_Route,SNOUFFERS SCHOOL RD,CORRIGAN SQ ACCESS RD,Rear-End (Same Direction),Driver Inattention,Clear,Dry,Dark - Lighted,Stop Sign,None Detected,3976998E-04A4-4A08-A7B5-313C4EB20353,MD,F0FBDB18-F11C-4F5B-87F9-799619552490,Twelve O Clock,PassengerCar,Accelerating,North,45.0,No,No,2007,BMW,39.169273,-77.17618367,5 Series_BMW,19,2025,10,8,19,Wednesday,2025-10-08,41
3626,MCP2445007J,250045404,Montgomery_County_Police,Property Damage Crash,2025-10-09 13:08:00,Maryland_State_Route,GERMANTOWN RD (SB/L),RAMP 8 FR US 29 SB TO MD 200 WB,Rear-End (Same Direction),Congestion / Backup,Clear,Dry,Daylight,No Control,None Detected,EF76ECF1-EE01-46EC-8A7E-B50009F86F72,MD,F8CFF674-B62B-441C-8C46-5C3E75755304,Six O Clock,PassengerCar,StoppedInTrafficLane,Southbound,45.0,No,No,2015,TOYOTA,39.19176667,-77.24466667,Camry_Toyota,13,2025,10,9,13,Thursday,2025-10-09,41
3627,DM8490003L,250045480,Takoma_Park_Police_Department,Injury Crash,2025-10-09 19:47:00,Maryland_State_Route,UNIVERSITY BLVD,PINEY BRANCH RD,Sideswipe (Same Direction),Passing / Turning,Clear,Dry,Dark - Lighted,No Control,None Detected,CFE2EDA1-5C23-447C-9357-76658DFFDBC0,MD,E6886AF6-F675-4C38-834D-010CDC5B1859,Three O Clock,FireVehicleEmergency,Parked,Eastbound,25.0,No,No,2024,TOYOTA,38.98717173,-76.98508264,Camry_Toyota,19,2025,10,9,19,Thursday,2025-10-09,41
3628,MCP2683007F,250045328,Montgomery_County_Police,Property Damage Crash,2025-10-08 21:22:00,County_Route,NEBEL ST,NEBEL ST RANDOLPH RD RANDOLPH RD (WB/L),Head-On,Right-of-Way Violation,Clear,Dry,Dark - Lighted,Flashing Traffic Signal,None Detected,D21ADFEB-7229-459B-BF6E-2A12EC2AA282,MD,384E623E-9335-4327-9B32-7B2F5D41EBBA,Twelve O Clock,PassengerCar,MakingLeftTurn,Westbound,35.0,No,No,2007,TOYOTA,39.05333311,-77.11100231,Avalon_Toyota,21,2025,10,8,21,Wednesday,2025-10-08,41
3629,MCP3181002X,250047754,Montgomery_County_Police,Injury Crash,2025-10-24 02:30:00,Maryland_State_Route,GEORGIA AVE (SB/L),MONTGOMERY AVE,Single Vehicle,Driver Inattention,Clear,Dry,Dark - Lighted,No Control,None Detected,31F62858-DFDE-4AAD-94F4-3203C15746E4,NJ,099D5515-53EB-420D-BB44-29D9C38334FB,Twelve O Clock,PassengerCar,MovingConstantSpeed,Southbound,35.0,No,No,2007,HONDA,39.08000417,-77.07451033,Civic_Honda,2,2025,10,24,2,Friday,2025-10-24,43
3630,MCP283200C8,250045059,Montgomery_County_Police,Injury Crash,2025-10-07 11:57:00,Maryland_State_Route,CONNECTICUT AVE (SB/L),CHARLTON DR,Rear-End (Same Direction),Tailgating,Clear,Dry,Daylight,No Control,None Detected,C203E0B8-99C3-4C53-9804-D34EFA4B77CA,MD,3C48B26A-13C4-41A5-A882-C18455C91437,Six O Clock,PassengerCar,SlowingOrStopping,Southbound,30.0,No,No,2020,TOYOTA,39.03105117,-77.07553967,Camry_Toyota,11,2025,10,7,11,Tuesday,2025-10-07,41
3631,MCP22980191,250045732,Montgomery_County_Police,Injury Crash,2025-10-11 14:50:00,County_Route,FATHER HURLEY BLVD (NB/L),ENT TO SHOPPING CENTER,Rear-End (Same Direction),Tailgating,Cloudy,Dry,Daylight,Traffic Signal,None Detected,2D80617F-FBCF-4342-A7A6-530A40A1B333,MD,119DB517-64E5-48BA-8C29-BA9AFC941CEA,Twelve O Clock,SportUtilityVehicle,MakingRightTurn,Northbound,30.0,No,No,2013,TOYOTA,39.18437251,-77.27338131,RAV4_Toyota,14,2025,10,11,14,Saturday,2025-10-11,41
3632,MCP3030008C,250048454,Montgomery_County_Police,Property Damage Crash,2025-10-28 17:23:00,Municipality_Route,MEADOW LA,HIGH GABLES DR,Sideswipe (Same Direction),Lane Violation,Clear,Dry,Daylight,No Control,None Detected,DF30BCA2-D74B-4230-B239-2B90A25D8AD5,DC,32962C77-3594-487C-9BE6-6A2321936E6D,Five O Clock,PassengerCar,Accelerating,Northbound,25.0,No,No,2018,TESLA,38.97857043,-77.07819484,Model 3_Tesla,17,2025,10,28,17,Tuesday,2025-10-28,44
3633,MCP32920031,250045610,Montgomery_County_Police,Injury Crash,2025-10-10 15:33:00,County_Route,MINERAL SPRINGS DR,WASHINGTON GROVE LA,Head-On,Lane Violation,Clear,Dry,Daylight,No Control,None Detected,0514DBF9-934A-4023-AB21-1E1820E9E93A,MD,AF4EC957-1AF7-478A-87F7-E037B74C8216,Eleven O Clock,PassengerCar,MovingConstantSpeed,Northbound,35.0,No,No,2020,BMW,39.15229633,-77.16485617,3 Series_BMW,15,2025,10,10,15,Friday,2025-10-10,41
3634,MCP287500BM,240046251,Montgomery_County_Police,Property Damage Crash,2025-10-14 19:18:00,Maryland_State_Route,RIDGE RD (SB/L),VALLEY PARK DR,Other,Tailgating,Clear,Dry,Dark - Lighted,No Control,None Detected,296F0C10-BBF3-4483-A0BC-1F469CB8AE79,MD,0D76A90B-9386-4F21-B459-3E9C64D3AABB,Twelve O Clock,PickupTruck,MovingConstantSpeed,Northbound,40.0,No,No,2021,FORD,39.274055,-77.215105,F-150_Ford,19,2025,10,14,19,Tuesday,2025-10-14,42
3635,MCP2159003S,250047633,Montgomery_County_Police,Injury Crash,2025-10-23 12:29:00,Maryland_State_Route,RIDGE RD (SB/L),KINGS VALLEY RD,Rear-End (Same Direction),Tailgating,Clear,Dry,Daylight,Traffic Signal,None Detected,954AAEA2-A461-4B4D-A4FF-41EC28C7046B,MD,92C3E208-8D21-4EE1-BA34-05A609341FEF,Twelve O Clock,PickupTruck,Accelerating,Southbound,40.0,No,No,2019,NISSAN,39.25323264,-77.22966418,Altima_Nissan,12,2025,10,23,12,Thursday,2025-10-23,43
3636,MCP1465006J,250045525,Montgomery_County_Police,Property Damage Crash,2025-10-10 06:56:00,Maryland_State_Route,VEIRS MILL RD,ENT TO FEDERAL PLAZA SC,Rear-End (Same Direction),Congestion / Backup,Clear,Dry,Dark - Lighted,Traffic Signal,None Detected,559BB0DE-BAA9-4DD7-8780-B0FBC6068928,MD,B9643F26-0FCC-403C-8E02-2E7700AD6411,Six O Clock,PassengerCar,StoppedInTrafficLane,Eastbound,35.0,No,No,2008,TOYOTA,39.05193197,-77.07541746,Corolla_Toyota,6,2025,10,10,6,Friday,2025-10-10,41
3637,MCP3138008C,250046303,Montgomery_County_Police,Property Damage Crash,2025-10-15 09:16:00,County_Route,RANDOLPH RD (WB/L),OLNEY LAYTONSVILLE RD,Sideswipe (Same Direction),Lane Violation,Clear,Dry,Daylight,Traffic Signal,None Detected,70C2F315-74F0-413C-9223-B580556ED6A5,VA,C215A490-4E45-428B-885E-9BD48AEE4FEB,Ten O Clock,OtherTruck,StoppedInTrafficLane,Westbound,35.0,No,No,2010,TOYOTA,39.0574175,-77.07266783,Camry_Toyota,9,2025,10,15,9,Wednesday,2025-10-15,42
3638,MCP283200C8,250045059,Montgomery_County_Police,Injury Crash,2025-10-07 11:57:00,Maryland_State_Route,CONNECTICUT AVE (SB/L),BROADBIRCH DR                 CHERRY HILL RD,Rear-End (Same Direction),Tailgating,Clear,Dry,Daylight,No Control,None Detected,4450B3FC-821A-4A6C-99B2-8D2DAD4DCFEC,MD,9E108A6E-0C08-4806-8E87-0C2EAD9A53D1,Twelve O Clock,PassengerCar,SlowingOrStopping,Southbound,30.0,No,No,2006,BMW,39.03105117,-77.07553967,3 Series_BMW,11,2025,10,7,11,Tuesday,2025-10-07,41
3639,MCP1235006N,250045720,Montgomery_County_Police,Injury Crash,2025-10-11 13:00:00,Maryland_State_Route,UNIVERSITY BLVD W (WB/L),SPUR FR MIDDLEBROOK RD,Sideswipe (Same Direction),Lane Violation,Clear,Dry,Daylight,No Control,None Detected,D35D3C6D-EBF3-44DC-B8A7-E510D67E8DC5,MD,D029F3A5-36C9-48FB-BA0B-68D89A913DC4,Eleven O Clock,PassengerCar,MovingConstantSpeed,Westbound,40.0,No,No,2019,HONDA,39.0211925,-77.0144215,Accord_Honda,13,2025,10,11,13,Saturday,2025-10-11,41
3640,MCP3094006S,250048248,Montgomery_County_Police,Property Damage Crash,2025-10-27 15:08:00,Maryland_State_Route,OLD COLUMBIA PIKE,LAYTONIA CREST TERR,Sideswipe (Same Direction),Lane Violation,Clear,Dry,Daylight,No Control,None Detected,B93C111E-9B84-4002-9B36-5F7C183941A6,MD,D15CC4DA-BB1F-49CB-A780-16A400170119,Nine O Clock,PassengerCar,MovingConstantSpeed,Northbound,35.0,No,No,2022,HYUNDAI,39.15478633,-77.15476024,Accent_Hyundai,15,2025,10,27,15,Monday,2025-10-27,44
3641,MCP2503002G,250047760,Montgomery_County_Police,Property Damage Crash,2025-10-24 05:52:00,Municipality_Route,GREAT FALLS RD,KODIAK DR,Single Vehicle,Lane Violation,Clear,Dry,Dark - Lighted,Traffic Signal,None Detected,7EE38870-B64A-44EE-AE2A-C81E88C1A3C7,MD,891F9AC4-CA49-4D13-AB6C-02E51A3CE20B,Ten O Clock,SportUtilityVehicle,MovingConstantSpeed,Eastbound,35.0,No,No,2024,DODGE,39.07620667,-77.16225667,Durango_Dodge,5,2025,10,24,5,Friday,2025-10-24,43
3642,MCP2159003P,250045966,Montgomery_County_Police,Property Damage Crash,2025-10-13 11:00:00,Maryland_State_Route,RIDGE RD (SB/L),KEMP MILL RD,Angle Collision,Backing Error,Cloudy,Dry,Daylight,No Control,None Detected,07D73E4F-7F1C-42CF-9805-334D7DC25680,VA,D354793D-3A9A-450F-A083-E1F9A2F248F3,VehicleNotAtScene,SingleUnitTruck,Backing,Southbound,40.0,No,No,2010,TOYOTA,39.23461289,-77.23752408,Camry_Toyota,11,2025,10,13,11,Monday,2025-10-13,42
3643,MCP3230007N,250046613,Montgomery_County_Police,Injury Crash,2025-10-16 21:00:00,Maryland_State_Route,VEIRS MILL RD (WB/L),ARCOLA AVE,Rear-End (Same Direction),Tailgating,Clear,Dry,Dark - Lighted,No Control,None Detected,EDBABAFA-B527-4F6F-9765-14A50BA562BE,MD,9C4C462A-C820-4D6F-9A09-543BB595F930,Twelve O Clock,PassengerCar,MovingConstantSpeed,Westbound,35.0,No,No,2014,HYUNDAI,39.06215667,-77.09284367,Elantra_Hyundai,21,2025,10,16,21,Thursday,2025-10-16,42
3644,DD5663002H,250047841,Rockville_Police_Department,Injury Crash,2025-10-24 15:18:00,Municipality_Route,TOWER OAKS BLVD,NO NAME,Angle Collision,Right-of-Way Violation,Clear,Dry,Daylight,No Control,None Detected,B9385E75-AA05-4C66-AB28-218996769027,US,B9C7BD1B-0710-430B-93A5-6400ADEAFF0A,Twelve O Clock,SportUtilityVehicle,EnteringTrafficLane,Westbound,25.0,No,No,2023,TOYOTA,39.05714052,-77.15055051,Camry_Toyota,15,2025,10,24,15,Friday,2025-10-24,43
3645,MCP3430000V,250045580,Montgomery_County_Police,Property Damage Crash,2025-10-10 13:00:00,Maryland_State_Route,GEORGIA AVE (SB/L),STRATHMORE AVE,Sideswipe (Same Direction),Passing / Turning,Clear,Dry,Daylight,No Control,None Detected,F3123181-0F7D-45FA-B87E-AA3477E32F36,MD,1F12BC39-1814-4A6C-BFC9-59D7224FC1B3,One O Clock,PassengerCar,ChangingLanes,Southbound,30.0,No,No,2025,LEXUS,38.99910684,-77.03139083,IS_Lexus,13,2025,10,10,13,Friday,2025-10-10,41
3646,MCP2181005N,250044731,Montgomery_County_Police,Fatal Crash,2025-10-05 08:31:00,County_Route,MONTROSE RD (WB/L),TILDENWOOD DR,Angle Collision,Traffic Control Violation,Clear,Dry,Daylight,Traffic Signal,None Detected,164D80A8-67FE-4504-8AE7-1DAB50F33543,MD,AFB3CE80-7C84-4673-BEAB-54FDFD58F01C,Ten O Clock,Motorcycle2Wheeled,MovingConstantSpeed,Westbound,40.0,No,No,1993,FORD,39.05405761,-77.13805883,F-150_Ford,8,2025,10,5,8,Sunday,2025-10-05,40
3647,MCP3423002P,250047481,Montgomery_County_Police,Property Damage Crash,2025-10-22 12:35:00,County_Route,FAIRLAND RD,RANDOLPH RD,Angle Collision,Driver Inattention,Clear,Dry,Daylight,Traffic Signal,None Detected,D0EAF0D8-3C7E-4B6B-A89B-A180BC3C9419,MD,D9819BBC-B071-4111-9A12-E464CD744E1B,Eleven O Clock,PassengerCar,SlowingOrStopping,Northbound,30.0,No,No,2014,TOYOTA,39.07305233,-76.95550929,Corolla_Toyota,12,2025,10,22,12,Wednesday,2025-10-22,43
3648,MCP33200042,250045433,Montgomery_County_Police,Injury Crash,2025-10-09 15:50:00,County_Route,BALLARD ST,GEORGIA AVE,Rear-End (Same Direction),Tailgating,Clear,Dry,Daylight,No Control,None Detected,5F043B15-2731-4408-94BD-6E9FE29FB7BB,MD,081E9341-C566-45A6-90B2-19BAF4C918D4,Twelve O Clock,PassengerCar,SlowingOrStopping,Northbound,30.0,No,No,2006,ACURA,39.00082283,-77.03319183,TL_Acura,15,2025,10,9,15,Thursday,2025-10-09,41
3650,EJ7871008Q,250046271,Gaithersburg_Police_Department,Injury Crash,2025-10-14 23:21:00,Municipality_Route,FIRSTFIELD RD (EB/L),UNIVERSITY BLVD E,Rear-End (Same Direction),Tailgating,Clear,Dry,Dark - Lighted,No Control,Suspect Alcohol Only,74B8EBD3-5F1C-4EFE-9341-14880DD7A8E3,MD,485FA49D-C856-473D-AA8D-D818A9A13D7A,Twelve O Clock,PassengerCar,MovingConstantSpeed,Eastbound,25.0,No,No,2008,VOLKSWAGEN,39.14548917,-77.221333,Jetta_Volkswagen,23,2025,10,14,23,Tuesday,2025-10-14,42
3651,MCP3329004S,250045072,Montgomery_County_Police,Property Damage Crash,2025-10-07 13:30:00,Interstate_Route,CAPITAL BELTWAY,RIVER RD,Other,Right-of-Way Violation,Clear,Dry,Daylight,No Control,None Detected,A5423882-0923-4EDF-871C-10BB2D10C4F0,TX,FE75CAF0-7854-4A8F-AF5D-78F859802940,Ten O Clock,PassengerCar,EnteringTrafficLane,Eastbound,55.0,No,No,2022,SUBARU,39.0055125,-77.07601533,Ascent_Subaru,13,2025,10,7,13,Tuesday,2025-10-07,41
3652,MCP3053009D,250044985,Montgomery_County_Police,Property Damage Crash,2025-10-06 19:49:00,Maryland_State_Route,SHADY GROVE RD,MCKENNEY AVE,Rear-End (Same Direction),Backing Error,Clear,Dry,Dark - Lighted,No Control,None Detected,51E2AE75-84E8-41A0-94BE-1F0E6EEFDCE9,MD,59504932-DAFB-4996-8F84-D2A30E3ECDA9,VehicleNotAtScene,PassengerCar,Backing,Unknown,2.5,No,No,2006,FORD,39.06078717,-77.05139594,F-150_Ford,19,2025,10,6,19,Monday,2025-10-06,41
3654,MCP3031007F,250046011,Montgomery_County_Police,Property Damage Crash,2025-10-13 15:30:00,Maryland_State_Route,NORBECK RD,LAYHILL RD (SB/L),Angle Collision,Right-of-Way Violation,Rain,Wet,Daylight,Traffic Signal,None Detected,E554B0D3-4D76-4F01-BF2B-80F339A59C7D,MD,7B2949DF-72CC-4360-86F9-C4EE14F3AE4B,Ten O Clock,PassengerCar,MakingLeftTurn,South,40.0,No,No,2021,LEXUS,39.12051483,-77.03403761,RX 350_Lexus,15,2025,10,13,15,Monday,2025-10-13,42
3655,MCP3162006C,250047592,Montgomery_County_Police,Injury Crash,2025-10-23 07:45:00,Maryland_State_Route,GEORGIA AVE,STANDISH PL,Rear-End (Same Direction),Tailgating,Clear,Dry,Daylight,Lane Use Control,None Detected,E81C2E61-7722-466F-9F42-1F883BE65EB2,MD,04A7B14F-D92D-402A-AE00-9E3737AD4F44,Twelve O Clock,PassengerCar,MovingConstantSpeed,Northbound,35.0,No,No,2019,SUBARU,39.00766787,-77.03979935,Forester_Subaru,7,2025,10,23,7,Thursday,2025-10-23,43
3656,MCP21020051,250045361,Montgomery_County_Police,Property Damage Crash,2025-10-09 09:32:00,Maryland_State_Route,RIDGE RD (SB/L),W EDMONSTON DR,Rear-End (Same Direction),Congestion / Backup,Clear,Dry,Daylight,Other,None Detected,5ADD902C-5962-4FC4-BEC2-6B19E6754C8B,MD,CC9B1B4B-2D30-4FA1-98D1-7EC73392F107,Six O Clock,PassengerCar,StoppedInTrafficLane,Southbound,40.0,No,No,2024,BMW,39.24220167,-77.23481667,3 Series_BMW,9,2025,10,9,9,Thursday,2025-10-09,41
3657,DD5680001S,250045333,Rockville_Police_Department,Property Damage Crash,2025-10-08 21:58:00,Maryland_State_Route,ROCKVILLE PIKE,PARK RD,Sideswipe (Same Direction),Passing / Turning,Clear,Dry,Dark - Lighted,Traffic Signal,None Detected,0322D6D8-2AAA-4839-826C-2AB53901E55C,MD,701C86E0-9494-45D4-BF29-52F921B33D24,Eleven O Clock,TransitBus,Parked,North,35.0,No,Yes,2024,HONDA,39.08502762,-77.14793641,Pilot_Honda,21,2025,10,8,21,Wednesday,2025-10-08,41
3658,DM84940044,250044454,Takoma_Park_Police_Department,Property Damage Crash,2025-10-03 11:50:00,Maryland_State_Route,UNIVERSITY BLVD,GOSHEN RD,Angle Collision,Road Obstruction,Clear,Dry,Daylight,No Control,None Detected,30C4B1F1-DAAC-4D50-BA39-D1E5112E6154,MD,C5EBB5BE-D5B2-45BF-BDFF-A0802C849E27,Eleven O Clock,PassengerCar,MovingConstantSpeed,West,5.0,No,No,2016,SUBARU,38.99002645,-76.9889806,Forester_Subaru,11,2025,10,3,11,Friday,2025-10-03,40
3659,DD5673002B,250048616,Rockville_Police_Department,Property Damage Crash,2025-10-29 18:10:00,Maryland_State_Route,ROCKVILLE PIKE (SB/L),FARMINGHAM CT,Angle Collision,Lane Violation,Clear,Dry,Daylight,No Control,None Detected,2828B497-702F-4798-80EB-60DAE2C72412,MD,988E21B8-03DE-44B5-852D-F0F2455B52E4,Five O Clock,PassengerCar,MovingConstantSpeed,Southbound,35.0,No,No,2011,HYUNDAI,39.0779596,-77.14083918,Sonata_Hyundai,18,2025,10,29,18,Wednesday,2025-10-29,44
3661,EJ79160011,250048883,Gaithersburg_Police_Department,Injury Crash,2025-10-31 13:14:00,County_Route,DIAMONDBACK DR,ROWEN RD,Rear-End (Same Direction),Tailgating,Clear,Dry,Daylight,Flashing Traffic Signal,None Detected,6FCC464E-E2AD-4DF9-9A1C-4AAC0D962DFB,MD,1D7EA068-5F82-4B6A-AFAD-E7B79611CA7F,Twelve O Clock,PassengerCar,MovingConstantSpeed,Eastbound,30.0,No,No,2015,HONDA,39.11485533,-77.21110817,Odyssey_Honda,13,2025,10,31,13,Friday,2025-10-31,44
3662,MCP268900D9,250048685,Montgomery_County_Police,Injury Crash,2025-10-30 08:42:00,County_Route,TRAVILAH RD,RAMP 3 FR DEMOCRACY BLVD TO IS 270Y NB,Rear-End (Same Direction),Tailgating,Rain,Wet,Daylight,No Control,None Detected,A26FB62A-9386-4645-94B9-4CBF8D7BE63C,MD,71421046-6664-49AC-B36D-981D8394BA27,Six O Clock,PassengerCar,SlowingOrStopping,Southbound,30.0,No,No,2024,KIA,39.08033419,-77.25238138,Optima_Kia,8,2025,10,30,8,Thursday,2025-10-30,44