Unnamed: 0,Report Number,Local Case Number,Agency Name,ACRS Report Type,Crash Date/Time,Route Type,Road Name,Cross-Street Name,Collision Type,Circumstance_Category,Weather,Surface Condition,Light,Traffic Control,Driver Substance Abuse,Person ID,Drivers License State,Vehicle ID,Vehicle First Impact Location,Vehicle Body Type,Vehicle Movement,Vehicle Going Dir,Speed Limit,Driverless Vehicle,Parked Vehicle,Vehicle Year,Vehicle Make,Latitude,Longitude,Vehicle Model,hour,Crash_year,Crash_month,Crash_day,Crash_hour,Crash_day_name,Crash_date,Crash_week
3664,MCP3113007L,250047034,Montgomery_County_Police,Property Damage Crash,2025-10-19 21:00:00,US_State_Route,COLUMBIA PIKE (SB/L),ENT TO WINTERGREEN PLAZA,Sideswipe (Same Direction),Lane Violation,Clear,Dry,Dark - Lighted,No Control,None Detected,4641DEAD-D4F4-48C9-9D24-899775042FD0,MD,A4A07694-AE6F-49C1-BAB9-A3D41154A282,Eleven O Clock,PassengerCar,MovingConstantSpeed,Southbound,40.0,No,No,2013,TOYOTA,39.09643295,-76.93756563,Corolla_Toyota,21,2025,10,19,21,Sunday,2025-10-19,42
3665,EJ7903005C,250044083,Gaithersburg_Police_Department,Injury Crash,2025-10-01 08:00:00,Municipality_Route,FIRSTFIELD RD (EB/L),BRADLEY BLVD,Angle Collision,Right-of-Way Violation,Clear,Dry,Daylight,Stop Sign,None Detected,CEC6A7D7-1918-4992-AB99-F8C375F3254C,MD,FE7BF398-66EC-4895-B0F7-4666787C4298,Twelve O Clock,SportUtilityVehicle,MakingLeftTurn,Eastbound,25.0,No,No,2008,HONDA,39.14183018,-77.2244968,Civic_Honda,8,2025,10,1,8,Wednesday,2025-10-01,40
3666,MCP137801F2,250047504,Montgomery_County_Police,Property Damage Crash,2025-10-22 15:06:00,Maryland_State_Route,NORBECK RD (WB/L),BAUER DR,Angle Collision,Lane Violation,Cloudy,Dry,Daylight,Traffic Signal,None Detected,FC2655BF-6330-45AD-B612-CEAE03F17C96,MD,68402411-7BC6-49F5-AF5F-9A527AAD40CA,One O Clock,TransitBus,ChangingLanes,Westbound,35.0,No,No,2013,BMW,39.09618882,-77.10989971,3 Series_BMW,15,2025,10,22,15,Wednesday,2025-10-22,43
3669,MCP3275003H,250048039,Montgomery_County_Police,Injury Crash,2025-10-26 00:00:00,County_Route,CALVERTON BLVD,BROADBIRCH DR                 CHERRY HILL RD,Head-On,Road Obstruction,Clear,Dry,Dark - Lighted,Flashing Traffic Signal,None Detected,2E3F96AD-6108-4A6D-84B4-94D9E5F73073,MD,3144A6CB-85FC-48D9-84E5-896083485B57,Twelve O Clock,PassengerCar,MovingConstantSpeed,East,40.0,No,No,2016,HYUNDAI,39.0560696,-76.95413541,Sonata_Hyundai,0,2025,10,26,0,Sunday,2025-10-26,43
3670,MCP3436001Q,250048853,Montgomery_County_Police,Injury Crash,2025-10-31 10:00:00,Maryland_State_Route,GEORGIA AVE,NEW HAMPSHIRE AVE,Rear-End (Same Direction),Congestion / Backup,Clear,Dry,Daylight,No Control,None Detected,B78B14D0-4DFA-4ED3-9EDF-4E02BC393BD8,MD,C96BDD6B-EAD3-491B-B250-1A1FD6A52FAA,Six O Clock,PassengerCar,StoppedInTrafficLane,Northbound,35.0,No,No,2023,HYUNDAI,39.01956367,-77.04402967,Sonata_Hyundai,10,2025,10,31,10,Friday,2025-10-31,44
3672,MCP3107003L,250048041,Montgomery_County_Police,Property Damage Crash,2025-10-26 00:46:00,Local_Route,CENTERWAY RD,CENTERWAY RD RETAIL PL,Angle Collision,Traffic Control Violation,Clear,Dry,Dark - Lighted,Stop Sign,None Detected,07A2844C-DB8E-4582-8EFC-811C0E0FE0F1,MD,2E0C28D0-A39F-41A6-B672-F0BE5EF8216E,Twelve O Clock,PassengerCar,EnteringTrafficLane,Southbound,10.0,No,No,2020,HONDA,39.172653,-77.20495633,Civic_Honda,0,2025,10,26,0,Sunday,2025-10-26,43
3673,MCP3031007K,250048620,Montgomery_County_Police,Property Damage Crash,2025-10-29 18:10:00,County_Route,OLD COLUMBIA PIKE,NEW HAMPSHIRE AVE,Angle Collision,Right-of-Way Violation,Clear,Dry,Dark - Lighted,Traffic Signal,None Detected,27B56AED-D3A6-4834-9D2E-15C4CFB5B1D3,MD,D7676FA8-D9C9-4F34-ACBB-7D1A6AC7A101,Six O Clock,PassengerCar,MakingUTurn,Southbound,45.0,No,No,2021,ACURA,39.10609268,-77.00136615,TLX_Acura,18,2025,10,29,18,Wednesday,2025-10-29,44
3677,MCP3107003L,250048041,Montgomery_County_Police,Property Damage Crash,2025-10-26 00:46:00,Local_Route,CENTERWAY RD,CENTERWAY RD RETAIL PL,Angle Collision,Right-of-Way Violation,Clear,Dry,Dark - Lighted,Stop Sign,None Detected,64006647-91F9-4A44-ABBD-A10038793309,MD,99DEF1E6-EFEE-4E48-BD7C-A471F9432301,Four O Clock,SportUtilityVehicle,MovingConstantSpeed,Westbound,10.0,No,No,2013,HYUNDAI,39.172653,-77.20495633,Santa Fe_Hyundai,0,2025,10,26,0,Sunday,2025-10-26,43
3678,MCP3079007R,250048867,Montgomery_County_Police,Property Damage Crash,2025-10-31 11:34:00,Ramp_Route,RAMP 6 FR MIDDLEBROOK RD EB TO IS 270 SB,CROSSOVER,Rear-End (Same Direction),Tailgating,Clear,Dry,Daylight,No Control,None Detected,15B12265-D684-41C8-9329-085CDAF6DDED,MD,C451A2F7-E906-436F-9F8E-98730DE8B72C,Six O Clock,PassengerCar,SlowingOrStopping,Eastbound,40.0,No,No,2017,CHEVROLET,39.17408117,-77.2492355,Silverado_Chevrolet,11,2025,10,31,11,Friday,2025-10-31,44
3682,MCP137801F2,250047504,Montgomery_County_Police,Property Damage Crash,2025-10-22 15:06:00,Maryland_State_Route,NORBECK RD (WB/L),BAUER DR,Angle Collision,Passing / Turning,Cloudy,Dry,Daylight,Traffic Signal,None Detected,41490B2B-40DD-4D93-B5CF-506976203523,PA,DA1EC683-D528-4EEC-860C-EB64016E310E,Six O Clock,TruckTractor,MakingRightTurn,Westbound,35.0,No,No,2022,VOLVO,39.09618882,-77.10989971,S60_Volvo,15,2025,10,22,15,Wednesday,2025-10-22,43
3683,MCP23260006,250048636,Montgomery_County_Police,Injury Crash,2025-10-29 20:32:00,County_Route,STEWART LA,COLUMBIA PIKE,Rear-End (Same Direction),Tailgating,Cloudy,Dry,Dark - Lighted,Traffic Signal,Suspect Alcohol Only,38A7B900-8EA5-4357-BAD4-D2CA9AB36A82,MD,A3FC3161-699B-4525-9CCE-D042AE6DD1D2,Twelve O Clock,PassengerCar,Accelerating,Northbound,40.0,No,No,2020,TOYOTA,39.04632123,-76.98707835,RAV4_Toyota,20,2025,10,29,20,Wednesday,2025-10-29,44
3684,MCP33070039,250047922,Montgomery_County_Police,Injury Crash,2025-10-25 06:36:00,County_Route,ASPEN HILL RD,DAMASCUS RD,Rear-End (Same Direction),Lane Violation,Clear,Dry,Dawn,No Control,None Detected,50FC78B7-E507-4B71-9EB5-4E07AC4AF4C9,MD,7588E480-83C4-4B47-BA13-C10210D7A0B8,One O Clock,SportUtilityVehicle,MovingConstantSpeed,Westbound,30.0,No,No,2025,TOYOTA,39.07927933,-77.08563167,RAV4_Toyota,6,2025,10,25,6,Saturday,2025-10-25,43
3686,MCP23260005,250048321,Montgomery_County_Police,Property Damage Crash,2025-10-27 21:35:00,County_Route,MCKNEW RD,SANDY SPRING RD,Rear-End (Same Direction),Tailgating,Clear,Dry,Dark - Not Lighted,Traffic Signal,None Detected,A73CA3E6-A7BD-4984-874C-B9159F14698D,MD,6BE06C1D-83A1-4419-9083-E82D482DEC29,Six O Clock,PassengerCar,StoppedInTrafficLane,Northbound,25.0,No,No,2023,KIA,39.10620907,-76.91871367,Niro_Kia,21,2025,10,27,21,Monday,2025-10-27,44
3687,MCP3113007N,250048010,Montgomery_County_Police,Property Damage Crash,2025-10-25 20:00:00,County_Route,BRIGGS CHANEY RD (WB/L),SHADY GROVE RD,Rear-End (Same Direction),Tailgating,Clear,Dry,Dark - Lighted,No Control,None Detected,7DCBB040-E989-4E9A-874C-F20FA3C58993,MD,61353BA2-6518-42F3-A0AB-35853324C797,Six O Clock,PassengerCar,StoppedInTrafficLane,Westbound,40.0,No,No,2019,NISSAN,39.08220986,-76.94722158,Rogue_Nissan,20,2025,10,25,20,Saturday,2025-10-25,43
3690,HA24430003,25002171,Takoma_Park_Police_Department,Property Damage Crash,2025-10-08 07:05:00,Maryland_State_Route,FREDERICK RD,CHASE AVE,Rear-End (Same Direction),Tailgating,Rain,Wet,Dawn,Traffic Signal,None Detected,CE11B784-96A4-4F0E-8D0F-E08D1AA6126F,WV,8170A732-8901-4996-AD1E-D4331C207121,Twelve O Clock,SportUtilityVehicle,SlowingOrStopping,Southbound,40.0,No,No,2018,CHEVROLET,39.21584229,-77.25296641,Tahoe_Chevrolet,7,2025,10,8,7,Wednesday,2025-10-08,41
3691,MCP2932009H,250048657,Montgomery_County_Police,Property Damage Crash,2025-10-29 23:48:00,Maryland_State_Route,NEW HAMPSHIRE AVE,HILLENDALE FIRE DEPARTMENT,Single Vehicle,Speed Related,Rain,Wet,Dark - Lighted,No Control,None Detected,D8222425-6BD8-443E-A20D-DF776A24992F,MD,82E00F13-382D-4A72-B31A-34FB217EF369,Ten O Clock,PassengerCar,MovingConstantSpeed,Northbound,35.0,No,No,2011,TOYOTA,39.0322579,-76.98479433,Camry_Toyota,23,2025,10,29,23,Wednesday,2025-10-29,44
3692,MCP34940008,250048779,Montgomery_County_Police,Property Damage Crash,2025-10-30 16:50:00,County_Route,BELVEDERE BLVD,OAK KNOLL TERR,Sideswipe (Same Direction),Lane Violation,Clear,Dry,Daylight,No Control,None Detected,788A1FDA-B481-4A5D-A1D5-D5150555B257,MD,0B83117E-8767-4574-91DD-13390C79AF41,Two O Clock,PickupTruck,StoppedInTrafficLane,Northbound,30.0,No,No,2013,FORD,39.01940646,-77.04396825,F-150_Ford,16,2025,10,30,16,Thursday,2025-10-30,44
3695,MCP3382002T,250047132,Montgomery_County_Police,Property Damage Crash,2025-10-20 14:59:00,County_Route,ENNALLS AVE,VEIRS MILL RD,Angle Collision,Right-of-Way Violation,Clear,Dry,Daylight,No Control,None Detected,0845E060-3AB4-42CF-AE0F-35CEB8CD7D2F,MD,E24374FC-BC8A-480C-B448-93D3EE339815,Twelve O Clock,PassengerCar,MakingLeftTurn,South,35.0,No,No,2006,HONDA,39.03942335,-77.05424231,Accord_Honda,14,2025,10,20,14,Monday,2025-10-20,43
3696,MCP3079007R,250048867,Montgomery_County_Police,Property Damage Crash,2025-10-31 11:34:00,Ramp_Route,RAMP 6 FR MIDDLEBROOK RD EB TO IS 270 SB,GARLAND AVE,Rear-End (Same Direction),Tailgating,Clear,Dry,Daylight,No Control,None Detected,7295D5AE-090B-424E-8F14-C944D2D6DF91,MD,B901F925-50B4-43C8-A735-518A98CCE678,Twelve O Clock,PassengerCar,MovingConstantSpeed,Eastbound,40.0,No,No,2016,TOYOTA,39.17408117,-77.2492355,Camry_Toyota,11,2025,10,31,11,Friday,2025-10-31,44
3699,MCP26990024,250048609,Montgomery_County_Police,Property Damage Crash,2025-10-29 16:21:00,Maryland_State_Route,DARNESTOWN RD,NADINE DR,Sideswipe (Same Direction),Driver Inattention,Cloudy,Dry,Daylight,No Control,None Detected,462A97C6-F072-4540-BC7E-EE289DCA5DDC,MD,DF002E16-3CBC-4CD0-A2FB-7729CA8A125F,Three O Clock,PassengerCar,ChangingLanes,Eastbound,40.0,No,No,2020,LEXUS,39.11809049,-77.25989307,ES_Lexus,16,2025,10,29,16,Wednesday,2025-10-29,44
3700,MCP34560010,250048686,Montgomery_County_Police,Property Damage Crash,2025-10-30 08:50:00,Maryland_State_Route,NORBECK RD (WB/L),E FRANKLIN AVE,Sideswipe (Same Direction),Right-of-Way Violation,Rain,Wet,Daylight,Traffic Signal,None Detected,BC90FB46-0350-41A2-9DA1-70928CB48191,MD,DE04468A-7B15-4E65-9FBC-C262E968551C,One O Clock,PassengerCar,MakingLeftTurn,Westbound,35.0,No,No,2017,HONDA,39.10951918,-77.07611473,Civic_Honda,8,2025,10,30,8,Thursday,2025-10-30,44
3701,MCP2107006Y,250048584,Montgomery_County_Police,Property Damage Crash,2025-10-29 12:18:00,County_Route,SWEEPSTAKES RD,OBSERVATION DR,Rear-End (Same Direction),Driver Inattention,Clear,Dry,Daylight,No Control,None Detected,A2ED7E10-0037-457E-803F-9BD4194104D9,MD,B4C6F3E7-5049-4F23-88C4-BC84A988C558,Six O Clock,PassengerCar,SlowingOrStopping,Eastbound,30.0,No,No,2025,HONDA,39.25974573,-77.21394016,Civic_Honda,12,2025,10,29,12,Wednesday,2025-10-29,44
3705,EJ7871008S,250048940,Gaithersburg_Police_Department,Property Damage Crash,2025-10-31 18:21:00,Private_Route,NEW HAMPSHIRE AVE (SB/L),WATKINS MILL RD,Rear-End (Same Direction),Tailgating,Clear,Dry,Dark - Lighted,No Control,None Detected,5053CCA7-F3B6-47C9-B746-EFC743C61885,MD,3E12FE91-60FB-4CF1-9499-49A3B245AF13,Twelve O Clock,PassengerCar,MovingConstantSpeed,Northbound,25.0,No,No,2017,HYUNDAI,39.16522583,-77.21505883,Elantra_Hyundai,18,2025,10,31,18,Friday,2025-10-31,44
3706,MCP34940009,250048763,Montgomery_County_Police,Property Damage Crash,2025-10-30 15:55:00,Maryland_State_Route,GREAT SENECA HWY,SENECA MEADOWS PKWY SENECA MEADOWS PKWY (SB/L),Single Vehicle,Driver Inattention,Clear,Dry,Daylight,Stop Sign,None Detected,621B4BDA-7ADE-45F6-AD36-08895EC0E892,DC,EF7D4A2A-C214-4DAA-B458-1F49EE5AA919,VehicleNotAtScene,PassengerCar,MovingConstantSpeed,Unknown,2.5,No,No,2021,NISSAN,39.00467366,-77.01282152,Sentra_Nissan,15,2025,10,30,15,Thursday,2025-10-30,44
3707,MCP2077006H,250048881,Montgomery_County_Police,Property Damage Crash,2025-10-31 12:00:00,County_Route,SLIGO CREEK PKWY,PEACH ORCHARD RD,Head-On,Lane Violation,Clear,Wet,Daylight,No Control,None Detected,04B68FCD-2775-4470-A392-EA8C652DAF9C,MD,23D65F2B-57F7-480C-966D-77C631754B52,Twelve O Clock,SportUtilityVehicle,MovingConstantSpeed,Westbound,2.5,No,No,2016,HONDA,39.02803572,-77.07704498,Pilot_Honda,12,2025,10,31,12,Friday,2025-10-31,44
3708,EJ79160012,250048845,Gaithersburg_Police_Department,Property Damage Crash,2025-10-31 08:52:00,Municipality_Route,KENT GARDENS CIR,GEORGIA AVE,Angle Collision,Right-of-Way Violation,Clear,Dry,Daylight,Stop Sign,None Detected,B8C017DB-3774-45F3-BFD3-82A25B218F59,MD,53118CE5-E72A-4819-A241-82F14C994FA9,Three O Clock,PassengerCar,MakingRightTurn,Unknown,30.0,No,No,2016,HONDA,39.11737293,-77.24577165,Accord_Honda,8,2025,10,31,8,Friday,2025-10-31,44
3709,MCP23470064,250048839,Montgomery_County_Police,Injury Crash,2025-10-31 08:18:00,County_Route,MONTGOMERY VILLAGE AVE,COLUMBIA PIKE,Rear-End (Same Direction),Road Obstruction,Clear,Dry,Daylight,Traffic Signal,None Detected,89C3F41B-7EFD-4670-82FF-D2E4FBECDEC2,MD,42629C87-B8AA-4F1C-B7EE-A0B7A36346AE,Six O Clock,PassengerCar,MakingUTurn,South,30.0,No,No,2017,FORD,39.03373532,-77.0022277,Transit_Ford,8,2025,10,31,8,Friday,2025-10-31,44
3710,MCP23260006,250048636,Montgomery_County_Police,Injury Crash,2025-10-29 20:32:00,County_Route,STEWART LA,COLUMBIA PIKE,Rear-End (Same Direction),Congestion / Backup,Cloudy,Dry,Dark - Lighted,Traffic Signal,None Detected,45593FED-3B1E-47D7-A5A8-9EC9A7918D9D,MD,C089C465-0B94-4DDE-A73E-E3B6052742C2,Six O Clock,PassengerCar,StoppedInTrafficLane,Northbound,40.0,No,No,2021,TOYOTA,39.04632123,-76.98707835,RAV4_Toyota,20,2025,10,29,20,Wednesday,2025-10-29,44
3711,EJ7905003S,250048460,Gaithersburg_Police_Department,Injury Crash,2025-10-28 18:09:00,Maryland_State_Route,S FREDERICK RD,EDUCATION BLVD (NB/L),Rear vs Side,Traffic Control Violation,Cloudy,Dry,Dusk,Traffic Signal,None Detected,6F9D8193-5FD1-430E-A6FE-DC0D792B76C9,MD,522AB4F6-94A1-4011-A4E5-AA039AE93CF5,Two O Clock,PassengerCar,MovingConstantSpeed,North,35.0,No,No,2005,CHEVROLET,39.13590004,-77.19211467,Express_Chevrolet,18,2025,10,28,18,Tuesday,2025-10-28,44
3712,MCP3288003C,250048670,Montgomery_County_Police,Property Damage Crash,2025-10-30 05:38:00,County_Route,CLUB HOUSE RD,MONTGOMERY VILLAGE AVE (SB/L),Rear vs Side,Weather Related,Rain,Wet,Dark - Lighted,Flashing Traffic Signal,None Detected,D9027777-AEFE-433E-927D-93612011E594,MD,2E711934-87AC-41A1-8B88-4A569B67DB5D,Twelve O Clock,PassengerCar,MovingConstantSpeed,South,35.0,No,No,2012,HONDA,39.17452405,-77.20363419,Civic_Honda,5,2025,10,30,5,Thursday,2025-10-30,44
3713,MCP3076004M,250048753,Montgomery_County_Police,Property Damage Crash,2025-10-30 15:40:00,County_Route,SHADY GROVE RD (SB/L),ENT SCHOOL,Angle Collision,Right-of-Way Violation,Clear,Dry,Daylight,Traffic Signal,None Detected,064AA17E-2DE8-40FB-9E93-87F65F295738,MD,2454608E-DF5F-41E3-B591-417F6B57A160,Nine O Clock,PassengerCar,Accelerating,Southbound,35.0,No,No,2013,VOLKSWAGEN,39.10497342,-77.1905678,Passat_Volkswagen,15,2025,10,30,15,Thursday,2025-10-30,44
3714,MCP3341005L,250047926,Montgomery_County_Police,Property Damage Crash,2025-10-25 08:20:00,Maryland_State_Route,CONNECTICUT AVE (SB/L),WELLER RD,Angle Collision,Right-of-Way Violation,Clear,Dry,Daylight,Traffic Signal,None Detected,FD1BC5F5-1370-422B-BA40-EEFE5F459ECE,MD,8A39CABC-E47F-402F-BC53-74203B5BB2BD,Nine O Clock,PassengerCar,MakingLeftTurn,Eastbound,35.0,No,No,2020,TOYOTA,39.06321846,-77.07356478,RAV4_Toyota,8,2025,10,25,8,Saturday,2025-10-25,43
3715,MCP2940008M,250048860,Montgomery_County_Police,Property Damage Crash,2025-10-31 10:45:00,County_Route,JONES BRIDGE RD,CONNECTICUT AVE (SB/L),Angle Collision,Right-of-Way Violation,Clear,Dry,Daylight,Traffic Signal,None Detected,450643B5-5FDE-4D04-92CE-0FC6956B6E68,MD,2C24A78E-26A0-447A-9E8A-27218CDFD424,Two O Clock,SportUtilityVehicle,MovingConstantSpeed,Southbound,35.0,No,No,2022,TOYOTA,38.99965125,-77.07700942,RAV4_Toyota,10,2025,10,31,10,Friday,2025-10-31,44
3716,MCP2528002R,250048765,Montgomery_County_Police,Injury Crash,2025-10-30 16:39:00,US_State_Route,COLUMBIA PIKE (SB/L),GREENCASTLE RD (NB/L),Angle Collision,Right-of-Way Violation,Clear,Dry,Daylight,Traffic Signal,None Detected,276FAFA9-DD56-4F63-B984-414C303A14D2,MD,B3CDB28F-EC19-43EA-92E7-E6EB3DBDA399,Three O Clock,SportUtilityVehicle,MakingLeftTurn,North,55.0,No,No,2017,LEXUS,39.0956956,-76.93812344,RX_Lexus,16,2025,10,30,16,Thursday,2025-10-30,44
3718,MCP34530016,250048679,Montgomery_County_Police,Property Damage Crash,2025-10-30 07:58:00,County_Route,RANDOLPH RD (WB/L),FLOWER HILL WAY,Rear-End (Same Direction),Tailgating,Rain,Wet,Daylight,No Control,None Detected,D67E1378-39B9-4DFF-A4E3-C26B26BF3EB8,MD,ACF0A506-ACC2-406A-985E-749D9B08A5A9,Twelve O Clock,PassengerCar,MovingConstantSpeed,Westbound,40.0,No,No,2016,FORD,39.07331046,-77.00821918,Fusion_Ford,7,2025,10,30,7,Thursday,2025-10-30,44
3719,MCP28660097,250048389,Montgomery_County_Police,Injury Crash,2025-10-27 19:15:00,County_Route,ARLINGTON RD,OLNEY SANDY SPRING RD,Single Vehicle,Right-of-Way Violation,Clear,Dry,Dark - Lighted,No Control,None Detected,EC038A84-A6F8-4E81-BBEA-2197EDBA1C15,FL,5C1560CA-9591-4FDB-8B20-9AED97798DC9,VehicleNotAtScene,PassengerCar,EnteringTrafficLane,Not On Roadway,5.0,No,No,2011,NISSAN,38.98011882,-77.09832152,Maxima_Nissan,19,2025,10,27,19,Monday,2025-10-27,44
3724,MCP3426002X,250048710,Montgomery_County_Police,Property Damage Crash,2025-10-30 12:20:00,Maryland_State_Route,JANET RD,TWINS OAKS DR,Rear-End (Same Direction),Weather Related,Rain,Wet,Daylight,No Control,None Detected,7D7B0796-8318-4E16-ABDC-AC1A609C2A82,MD,77BA1FA0-2E6B-4A11-9997-5BB5511209F6,Seven O Clock,PassengerCar,Parked,West,2.5,No,Yes,2025,TOYOTA,38.96270767,-77.10730117,Camry_Toyota,12,2025,10,30,12,Thursday,2025-10-30,44
3725,MCP23470064,250048839,Montgomery_County_Police,Injury Crash,2025-10-31 08:18:00,County_Route,ELKIN ST,COLUMBIA PIKE,Rear-End (Same Direction),Tailgating,Clear,Dry,Daylight,Traffic Signal,None Detected,F828A063-B345-4B22-AA34-D8AE899E21E0,MD,CABF9907-93EC-4E69-86E8-9B1658B6DA38,Twelve O Clock,PassengerCar,SlowingOrStopping,North,30.0,No,No,2007,HONDA,39.03373532,-77.0022277,Pilot_Honda,8,2025,10,31,8,Friday,2025-10-31,44
3726,MCP93110054,250048858,Montgomery_County_Police,Injury Crash,2025-10-31 10:36:00,County_Route,DORSET AVE,BROOKSIDE DR,Angle Collision,Right-of-Way Violation,Clear,Dry,Daylight,Stop Sign,None Detected,3AA356A1-1B8F-4EF4-82ED-1B51EB4988E8,DC,4CBED2E2-8E74-4F93-995B-087696FB0FF5,Three O Clock,SportUtilityVehicle,Accelerating,Westbound,25.0,No,No,2019,HYUNDAI,38.96918255,-77.10562952,Elantra_Hyundai,10,2025,10,31,10,Friday,2025-10-31,44
3727,MCP22310091,250048702,Montgomery_County_Police,Property Damage Crash,2025-10-30 11:06:00,Municipality_Route,FIRSTFIELD RD,HILDAROSE DR,Angle Collision,Right-of-Way Violation,Cloudy,Wet,Daylight,No Control,None Detected,8892C944-DD38-48B7-BB5E-7F442D676620,MD,6CA621BF-8117-4120-8BB0-C5C8F6619B44,Twelve O Clock,PassengerCar,Accelerating,Southbound,25.0,No,No,2020,HYUNDAI,39.14482642,-77.21873237,Elantra_Hyundai,11,2025,10,30,11,Thursday,2025-10-30,44
3728,MCP29020072,250045646,Montgomery_County_Police,Property Damage Crash,2025-10-10 19:02:00,County_Route,WELLER RD,GEORGIA AVE (SB/L),Single Vehicle,Lane Violation,Clear,Dry,Dark - Lighted,No Control,None Detected,84A8E522-E050-4B2B-B146-970FD118BE94,MD,FC87B6DA-9285-4FA8-9FDB-53E3834B0B9B,Eleven O Clock,TransitBus,MovingConstantSpeed,Northbound,35.0,No,No,2025,BMW,39.0666867,-77.0595028,3 Series_BMW,19,2025,10,10,19,Friday,2025-10-10,41
3729,MCP2940008L,250047605,Montgomery_County_Police,Property Damage Crash,2025-10-23 09:30:00,County_Route,NICHOLSON LA,CHERRY HILL RD,Head-On,Lane Violation,Clear,Dry,Daylight,No Control,None Detected,A04C5FFA-DBE7-4FD0-B999-0270A8E2AC15,MD,1F296C64-DC7B-4BC0-AE9F-8032AD5C04FB,Twelve O Clock,SportUtilityVehicle,MovingConstantSpeed,Eastbound,35.0,No,No,2016,TOYOTA,39.04485435,-77.11139937,RAV4_Toyota,9,2025,10,23,9,Thursday,2025-10-23,43
3730,MCP93110053,250048699,Montgomery_County_Police,Property Damage Crash,2025-10-30 10:11:00,County_Route,W MONTGOMERY AVE,DEMOCRACY BLVD (EB/L),Angle Collision,Right-of-Way Violation,Cloudy,Wet,Daylight,Traffic Signal,None Detected,27AF9A76-BFC1-45C2-9F9A-28FEFCEFC43B,MD,0F482253-35B6-4BD9-B1BA-E9E1FD2BC939,One O Clock,PassengerCar,MovingConstantSpeed,Southbound,35.0,No,No,2024,HYUNDAI,39.02315547,-77.16245794,Tucson_Hyundai,10,2025,10,30,10,Thursday,2025-10-30,44
3731,MCP34940008,250048779,Montgomery_County_Police,Property Damage Crash,2025-10-30 16:50:00,County_Route,BELVEDERE BLVD,CONNECTICUT AVE,Sideswipe (Same Direction),Lane Violation,Clear,Dry,Daylight,No Control,None Detected,CD44F44F-69A6-4554-A8D6-929A5459F6E0,MD,4697FA81-4E4D-4DCE-9817-5E45197A1AA1,VehicleNotAtScene,OtherTruck,MovingConstantSpeed,Northbound,30.0,No,No,2016,TOYOTA,39.01940646,-77.04396825,Camry_Toyota,16,2025,10,30,16,Thursday,2025-10-30,44
3733,MCP2077006H,250048881,Montgomery_County_Police,Property Damage Crash,2025-10-31 12:00:00,County_Route,VEIRS MILL RD,COLESVILLE RD,Head-On,Right-of-Way Violation,Clear,Dry,Daylight,No Control,None Detected,BB2B036E-89D8-4892-9834-8F46AFF9BD63,MD,E99ACCF2-2ABE-458C-95E4-2559B5C3BC2B,Twelve O Clock,SportUtilityVehicle,Accelerating,Eastbound,2.5,No,No,2009,HONDA,39.02803572,-77.07704498,CR-V_Honda,12,2025,10,31,12,Friday,2025-10-31,44
3740,MCP3076004K,250048596,Montgomery_County_Police,Property Damage Crash,2025-10-29 16:02:00,Maryland_State_Route,DARNESTOWN RD (WB/L),RIVER RD,Rear-End (Same Direction),Weather Related,Cloudy,Dry,Daylight,Traffic Signal,None Detected,4857350A-76A5-4D81-ADC4-2CBAF4124ABD,TX,D2607C45-A32E-402B-B99C-796CF5AE1457,Six O Clock,PassengerCar,StoppedInTrafficLane,Northbound,5.0,No,No,2009,FORD,39.11742748,-77.25108257,Fusion_Ford,16,2025,10,29,16,Wednesday,2025-10-29,44
3741,MCP3382002T,250047132,Montgomery_County_Police,Property Damage Crash,2025-10-20 14:59:00,County_Route,ENNALLS AVE,VEIRS MILL RD,Angle Collision,Right-of-Way Violation,Clear,Dry,Daylight,No Control,None Detected,4D77DCBC-289D-4BC5-959A-F5F536A0EE84,MD,09E38F53-F33B-4A51-B75C-525A7AE45573,Ten O Clock,PassengerCar,MovingConstantSpeed,Eastbound,35.0,No,No,2017,HYUNDAI,39.03942335,-77.05424231,Elantra_Hyundai,14,2025,10,20,14,Monday,2025-10-20,43
3742,MCP3197004Y,250048482,Montgomery_County_Police,Property Damage Crash,2025-10-28 20:01:00,Maryland_State_Route,LAYHILL RD,MERRIMAC DR,Single Vehicle,Driver Inattention,Clear,Dry,Dark - Lighted,No Control,None Detected,E2A08292-822F-4AC4-9087-E31741604A62,MD,AD3E0964-43CF-4EE5-8B5A-D64F90FC9307,One O Clock,PassengerCar,MovingConstantSpeed,Southbound,40.0,No,No,2011,MERCEDES-BENZ,39.10674017,-77.03782083,Gl_Mercedes-Benz,20,2025,10,28,20,Tuesday,2025-10-28,44