Unnamed: 0,Report Number,Local Case Number,Agency Name,ACRS Report Type,Crash Date/Time,Route Type,Road Name,Cross-Street Name,Collision Type,Circumstance_Category,Weather,Surface Condition,Light,Traffic Control,Driver Substance Abuse,Person ID,Drivers License State,Vehicle ID,Vehicle First Impact Location,Vehicle Body Type,Vehicle Movement,Vehicle Going Dir,Speed Limit,Driverless Vehicle,Parked Vehicle,Vehicle Year,Vehicle Make,Latitude,Longitude,Vehicle Model,hour,Crash_year,Crash_month,Crash_day,Crash_hour,Crash_day_name,Crash_date,Crash_week
3744,MCP3396002L,250048801,Montgomery_County_Police,Property Damage Crash,2025-10-30 19:55:00,Maryland_State_Route,OLNEY SANDY SPRING RD,RAMP 2 FR BRIGGS CHANEY RD TO US 29 NB,Angle Collision,Driver Inattention,Clear,Dry,Dark - Lighted,No Control,None Detected,2E368EF1-B5BC-494F-AA4A-4FA80C477E6F,MD,5B7F6720-911A-4CE0-BC88-DA03B35C952F,Eleven O Clock,PassengerCar,MakingRightTurn,Unknown,30.0,No,No,2002,TOYOTA,39.14925267,-77.01402217,Tacoma_Toyota,19,2025,10,30,19,Thursday,2025-10-30,44
3745,MCP2738005Z,250048043,Montgomery_County_Police,Property Damage Crash,2025-10-26 00:55:00,County_Route,OAKVIEW DR,NEW HAMPSHIRE AVE,Rear vs Side,Driver Inattention,Clear,Dry,Dark - Lighted,Traffic Signal,None Detected,20DE82C9-8222-45F3-A10F-65D34B8AF9E5,MD,5EFEB4A7-6D9B-4955-947A-A88E077839BE,Twelve O Clock,PassengerCar,MovingConstantSpeed,Southbound,40.0,No,No,2017,MERCEDES-BENZ,39.01532233,-76.97776757,C-Class_Mercedes-Benz,0,2025,10,26,0,Sunday,2025-10-26,43
3746,MCP33720047,250045865,Montgomery_County_Police,Property Damage Crash,2025-10-12 15:30:00,Interstate_Route,FATHER HURLEY BLVD,PLUM ORCHARD DR,Sideswipe (Same Direction),Driver Inattention,Clear,Dry,Daylight,Traffic Signal,None Detected,E1140329-3ADC-407A-A037-DAF3F08EC7FE,MD,8B1061C4-0F88-4384-831D-15946C117CAC,One O Clock,PassengerCar,MovingConstantSpeed,Not On Roadway,2.5,No,No,2010,NISSAN,39.17822002,-77.2709205,Altima_Nissan,15,2025,10,12,15,Sunday,2025-10-12,41
3747,MCP32320072,250044231,Montgomery_County_Police,Injury Crash,2025-10-01 19:58:00,County_Route,OLNEY MILL RD (SB/L),OLNEY LAYTONSVILLE RD (WB/L),Angle Collision,Traffic Control Violation,Clear,Dry,Dark - Lighted,Traffic Signal,None Detected,865EDB73-C1B2-4C62-A18D-5CE98244D89E,MD,DDDD9B2E-AF3A-4ED6-AB09-E8230620245A,Twelve O Clock,PickupTruck,MovingConstantSpeed,Westbound,40.0,No,No,2022,CHEVROLET,39.16530427,-77.08388339,Silverado_Chevrolet,19,2025,10,1,19,Wednesday,2025-10-01,40
3748,MCP22310091,250048702,Montgomery_County_Police,Property Damage Crash,2025-10-30 11:06:00,Municipality_Route,FIRSTFIELD RD,SPARROW VALLEY DR,Angle Collision,Weather Related,Cloudy,Wet,Daylight,No Control,None Detected,9E12FBC7-D7AA-4A5E-9A6A-C265C0EBDC3C,MD,BC9C4705-76C0-49EF-B62F-2ED26C7D9E06,Ten O Clock,PassengerCar,StoppedInTrafficLane,Not On Roadway,2.5,No,No,2010,HONDA,39.14482642,-77.21873237,Civic_Honda,11,2025,10,30,11,Thursday,2025-10-30,44
3749,MCP1235006P,250048919,Montgomery_County_Police,Property Damage Crash,2025-10-18 17:28:00,Maryland_State_Route,UNIVERSITY BLVD W,DENNIS AVE,Rear-End (Same Direction),Congestion / Backup,Clear,Dry,Daylight,No Control,None Detected,6FE539DD-C088-491F-9D05-670B83443667,MD,CB6549B5-A3AA-4B51-BCE8-1CE55751978A,Six O Clock,PassengerCar,StoppedInTrafficLane,Eastbound,40.0,No,No,2014,KIA,39.02290383,-77.01669983,Optima_Kia,17,2025,10,18,17,Saturday,2025-10-18,42
3750,MCP2394005F,250047496,Montgomery_County_Police,Property Damage Crash,2025-10-22 14:45:00,US_State_Route,COLESVILLE RD,BLACKBURN RD,Sideswipe (Same Direction),Speed Related,Clear,Dry,Daylight,No Control,None Detected,E5BA9D73-4C9E-458B-9DCA-EFEF9F15F5CB,MD,D54CB1CA-4637-4C00-BB1E-B8FFB26E5A6E,One O Clock,PassengerCar,MovingConstantSpeed,Northbound,35.0,No,No,2014,LEXUS,39.01574467,-77.01632867,IS_Lexus,14,2025,10,22,14,Wednesday,2025-10-22,43
3751,MCP3228006X,250048122,Montgomery_County_Police,Property Damage Crash,2025-10-26 19:15:00,County_Route,FRANKLIN AVE,FLOWER AVE,Sideswipe (Same Direction),Lane Violation,Clear,Dry,Dark - Lighted,Traffic Signal,None Detected,498F0572-E1EC-4ACC-9B9A-5EAC5A5EA73F,MD,41F4DE8C-1F9F-49CF-AC5E-1709A8116BF3,VehicleNotAtScene,Other,MakingRightTurn,North,30.0,No,No,2006,NISSAN,39.01031621,-77.00815264,Altima_Nissan,19,2025,10,26,19,Sunday,2025-10-26,43
3752,HA2549000L,25002324,Takoma_Park_Police_Department,Property Damage Crash,2025-10-31 10:45:00,County_Route,GEORGIA AVE,SEMINARY RD,Single Vehicle,Driver Inattention,Severe Crosswinds,Dry,Daylight,Stop Sign,None Detected,5B91A26A-2A79-4712-89D7-362A8CBAF37F,MD,D390ED9E-8DAE-4EEE-A6B0-0C226BF2DB48,Ten O Clock,OtherTruck,MovingConstantSpeed,Not On Roadway,2.5,No,No,2018,CHEVROLET,39.02704834,-77.14833722,Silverado_Chevrolet,10,2025,10,31,10,Friday,2025-10-31,44
3753,MCP33720047,250045865,Montgomery_County_Police,Property Damage Crash,2025-10-12 15:30:00,Maryland_State_Route,GERMANTOWN RD,FORT WILLIAM DR,Sideswipe (Same Direction),Passing / Turning,Clear,Dry,Daylight,Stop Sign,None Detected,CD04CAAF-6467-4EA5-816A-D26C21D9186A,MD,D1BC2514-081B-413D-8A0B-9AE3B2C224B1,Eight O Clock,PassengerCar,MovingConstantSpeed,Not On Roadway,2.5,No,No,2014,KIA,39.17822002,-77.2709205,Optima_Kia,15,2025,10,12,15,Sunday,2025-10-12,41
3754,MCP3073006T,250048615,Montgomery_County_Police,Property Damage Crash,2025-10-29 17:56:00,County_Route,BATCHELLORS FOREST RD,GEORGIA AVE,Rear-End (Same Direction),Lane Violation,Clear,Dry,Daylight,No Control,None Detected,D9A7322D-ECAB-40E8-8C1F-E07C994FFB1A,MD,93656129-8E89-43B7-A959-9C6C132AA441,Eleven O Clock,PickupTruck,Accelerating,Eastbound,45.0,No,No,2019,FORD,39.12383941,-77.07297663,F-150_Ford,17,2025,10,29,17,Wednesday,2025-10-29,44
3755,MCP2940008L,250047605,Montgomery_County_Police,Property Damage Crash,2025-10-23 09:30:00,County_Route,NICHOLSON LA,WENDY LA,Head-On,Right-of-Way Violation,Clear,Dry,Daylight,No Control,None Detected,0DC46E97-E816-498C-8C8E-A877924F4641,MD,F00C9613-A310-4D78-B03B-E7FADA849D04,Twelve O Clock,Van - Passenger (&lt;9 Seats),EnteringTrafficLane,Northbound,35.0,No,No,2018,TOYOTA,39.04485435,-77.11139937,Sienna_Toyota,9,2025,10,23,9,Thursday,2025-10-23,43
3757,MCP3228006X,250048122,Montgomery_County_Police,Property Damage Crash,2025-10-26 19:15:00,County_Route,FRANKLIN AVE,FLOWER AVE,Sideswipe (Same Direction),Right-of-Way Violation,Clear,Dry,Dark - Lighted,Traffic Signal,None Detected,FA0425C6-5D20-4584-B0D5-A89ED99BD2E0,VA,7FD34785-1655-48E7-836A-1F3A30078967,Four O Clock,PassengerCar,MakingRightTurn,North,30.0,No,No,2024,SUBARU,39.01031621,-77.00815264,WRX_Subaru,19,2025,10,26,19,Sunday,2025-10-26,43
3759,DM8522004Q,250045852,Takoma_Park_Police_Department,Injury Crash,2025-10-12 14:18:00,Municipality_Route,KANSAS LA,WESTMORELAND ST,Single Vehicle,Right-of-Way Violation,Cloudy,Dry,Daylight,Stop Sign,None Detected,46A3B8BE-B4D7-4A6C-882C-4BA114C6481A,MD,6523C3A0-18FE-4360-90A3-B72CEB33B4B5,Twelve O Clock,PassengerCar,Accelerating,North,25.0,No,No,2022,HYUNDAI,38.96930991,-77.0050771,IONIQ 5_Hyundai,14,2025,10,12,14,Sunday,2025-10-12,41
3761,MCP2195007N,250047940,Montgomery_County_Police,Property Damage Crash,2025-10-25 10:00:00,County_Route,AIKEN DR,CONNECTICUT AVE,Rear vs Side,Backing Error,Clear,Dry,Daylight,No Control,Alcohol Unknown,C13E9865-C867-4598-B946-94F9D129E0C1,MD,93E3BD5C-A151-4823-A284-1750BE67E3CA,Five O Clock,PassengerCar,Backing,Southbound,2.5,No,No,2010,TOYOTA,39.29125614,-77.28900403,Prius_Toyota,10,2025,10,25,10,Saturday,2025-10-25,43
3762,MCP913000LH,250046475,Montgomery_County_Police,Property Damage Crash,2025-10-16 09:13:00,County_Route,WOODMOOR DR,SPUR WHEEL LA,Sideswipe (Same Direction),Lane Violation,Clear,Dry,Daylight,No Control,None Detected,2299C218-BF54-4E14-BBF9-A7DF84F148C1,MD,2B1D9EC7-55E9-4B19-BAEE-700476FADB6B,Two O Clock,SportUtilityVehicle,MovingConstantSpeed,Eastbound,30.0,No,No,2021,FORD,39.02124617,-77.006936,Explorer_Ford,9,2025,10,16,9,Thursday,2025-10-16,42
3764,MCP32320077,250047879,Montgomery_County_Police,Injury Crash,2025-10-24 19:47:00,County_Route,OLD BALTIMORE RD,OLNEY SANDY SPRING RD,Angle Collision,Right-of-Way Violation,Clear,Dry,Dark - Lighted,Traffic Signal,None Detected,4DF4F11D-FFAE-4715-BA77-2FAC1D762AB2,MD,F2D71135-EA5D-4CC1-8226-798D7BF1D331,Two O Clock,PassengerCar,MakingLeftTurn,Eastbound,35.0,No,No,2013,HONDA,39.14647821,-77.05061351,Civic_Honda,19,2025,10,24,19,Friday,2025-10-24,43
3765,MCP3073006T,250048615,Montgomery_County_Police,Property Damage Crash,2025-10-29 17:56:00,County_Route,BATCHELLORS FOREST RD,GEORGIA AVE,Rear-End (Same Direction),Tailgating,Clear,Dry,Daylight,No Control,None Detected,AA2F669A-3749-47A4-BBDA-EDA6884DC312,MD,129B37F7-3B2E-4E55-A630-07E063852546,Eight O Clock,PassengerCar,StoppedInTrafficLane,Northbound,45.0,No,No,2016,TOYOTA,39.12383941,-77.07297663,RAV4_Toyota,17,2025,10,29,17,Wednesday,2025-10-29,44
3766,MCP2394005F,250047496,Montgomery_County_Police,Property Damage Crash,2025-10-22 14:45:00,US_State_Route,COLESVILLE RD,FOREST GLEN RD,Sideswipe (Same Direction),Lane Violation,Clear,Dry,Daylight,No Control,None Detected,2767B330-FD40-4045-A7C8-510693B650D6,MD,7AD55BC8-5F77-47CA-9D01-A9B6F7CF9369,Nine O Clock,PassengerCar,MovingConstantSpeed,Northbound,35.0,No,No,2024,JEEP,39.01574467,-77.01632867,Wrangler_Jeep,14,2025,10,22,14,Wednesday,2025-10-22,43
3769,MCP3113007N,250048010,Montgomery_County_Police,Property Damage Crash,2025-10-25 20:00:00,County_Route,BRIGGS CHANEY RD (WB/L),AIRPARK RD,Rear-End (Same Direction),Tailgating,Clear,Dry,Dark - Lighted,No Control,None Detected,D2FB52E4-AF39-4987-BFE9-5B79B38FCE81,MD,EB7E5F46-B1CB-4180-A843-F5F11AEE671D,Twelve O Clock,PassengerCar,MovingConstantSpeed,Westbound,40.0,No,No,2004,HONDA,39.08220986,-76.94722158,Odyssey_Honda,20,2025,10,25,20,Saturday,2025-10-25,43
3770,MCP2738005Y,250048035,Montgomery_County_Police,Property Damage Crash,2025-10-25 23:15:00,Maryland_State_Route,NEW HAMPSHIRE AVE,GLENDALE RD,Single Vehicle,Lane Violation,Clear,Dry,Dark - Lighted,No Control,None Detected,8442EF34-8E4C-4C25-9C48-EC79FAC58F52,MD,FC8682C2-053F-4015-B01E-181003D8402B,Eleven O Clock,PassengerCar,MakingRightTurn,Northbound,40.0,No,No,2017,JEEP,39.01586733,-76.97761883,Wrangler_Jeep,23,2025,10,25,23,Saturday,2025-10-25,43
3772,MCP34530016,250048679,Montgomery_County_Police,Property Damage Crash,2025-10-30 07:58:00,County_Route,RANDOLPH RD (WB/L),KEY WEST AVE,Rear-End (Same Direction),Speed Related,Rain,Wet,Daylight,No Control,None Detected,8EBB5A64-EF66-4E37-A7C0-AC1D7475D0EC,MD,0C9DB259-75DA-4D4B-9992-F6AAAB6674F8,Six O Clock,PassengerCar,MovingConstantSpeed,Westbound,40.0,No,No,2023,TOYOTA,39.07331046,-77.00821918,Camry_Toyota,7,2025,10,30,7,Thursday,2025-10-30,44
3774,MCP301000C8,250048673,Montgomery_County_Police,Property Damage Crash,2025-10-30 07:05:00,County_Route,CHEVY CHASE LAKE DR,CONNECTICUT AVE,Angle Collision,Weather Related,Rain,Wet,Dawn,Traffic Signal,None Detected,4D965F6C-E682-4DBD-9231-5C9130BD735F,MD,A6D88CE1-5C09-4803-A895-4B60D3D9F135,Twelve O Clock,PassengerCar,MovingConstantSpeed,West,35.0,No,No,2020,MAZDA,38.99389249,-77.0769961,CX-5_Mazda,7,2025,10,30,7,Thursday,2025-10-30,44
3776,MCP3382002R,250046761,Montgomery_County_Police,Property Damage Crash,2025-10-16 12:00:00,Maryland_State_Route,GEORGIA AVE (SB/L),CONNECTICUT AVE,Sideswipe (Same Direction),Lane Violation,Clear,Dry,Daylight,No Control,None Detected,21BDA547-0C99-4CED-9D81-F7BF2BBDE6EA,VA,255172DB-D019-43FC-AA9A-EB28CA342EFE,Two O Clock,PassengerCar,MakingLeftTurn,Southbound,35.0,No,No,2022,NISSAN,39.08366453,-77.07792717,Versa_Nissan,12,2025,10,16,12,Thursday,2025-10-16,42
3777,MCP24870046,250048693,Montgomery_County_Police,Property Damage Crash,2025-10-30 09:30:00,Maryland_State_Route,WHITES FERRY RD,GOSHEN RD,Single Vehicle,Speed Related,Rain,Wet,Daylight,No Control,None Detected,82F83536-952D-4E17-A328-DF922304FEC5,MD,738CDDB6-FABF-4262-85F4-739CD63562B7,One O Clock,Other,NegotiatingCurve,Westbound,35.0,No,No,2024,BMW,39.13239867,-77.38534967,M2_BMW,9,2025,10,30,9,Thursday,2025-10-30,44
3778,EJ7886004R,250048814,Gaithersburg_Police_Department,Injury Crash,2025-10-30 22:19:00,Maryland_State_Route,QUINCE ORCHARD RD (SB/L),SIOUX LA,Angle Collision,Right-of-Way Violation,Clear,Dry,Dark - Lighted,Traffic Signal,None Detected,DEC8A2D1-F9B0-4178-941C-48F60AE62823,MD,E5C31AD2-47DF-4469-8061-59810DA0B34E,Twelve O Clock,PassengerCar,MakingLeftTurn,Northbound,35.0,No,No,2022,HONDA,39.1292925,-77.2334545,Civic_Honda,22,2025,10,30,22,Thursday,2025-10-30,44
3779,MCP2177005C,250048965,Montgomery_County_Police,Property Damage Crash,2025-10-31 15:20:00,County_Route,GEORGIA AVE,RAMP 5 FR MD 187 SB TO RAMP 4 (TO IS495),Rear-End (Same Direction),Driver Inattention,Cloudy,Wet,Daylight,No Control,None Detected,9E9D49F2-EC88-4C0B-B957-16FA1F060401,MD,21F62E1C-7679-4BCC-A4A1-B995DF759F1D,VehicleNotAtScene,SportUtilityVehicle,Backing,Not On Roadway,2.5,No,No,2015,GMC,39.15052721,-77.1478083,Sierra_GMC,15,2025,10,31,15,Friday,2025-10-31,44
3780,MCP2047006G,250048851,Montgomery_County_Police,Property Damage Crash,2025-10-30 11:00:00,Maryland_State_Route,GEORGIA AVE,COLESVILLE RD (SB/L),Single Vehicle,Backing Error,Clear,Wet,Daylight,No Control,None Detected,5D8A267D-BB42-4D71-A992-ADDC81846382,MD,7559C41F-9482-4DDC-A8DF-FAB80BD9220C,Seven O Clock,SportUtilityVehicle,Backing,Unknown,2.5,No,No,2015,FORD,39.16548281,-77.16824853,F-150_Ford,11,2025,10,30,11,Thursday,2025-10-30,44
3781,MCP24020011,250048947,Montgomery_County_Police,Injury Crash,2025-10-31 18:51:00,Municipality_Route,WATTS BRANCH PKWY,CEDRUS CT FALLSMEAD WAY,Angle Collision,Right-of-Way Violation,Clear,Dry,Dark - Lighted,Stop Sign,None Detected,3045E3B0-7883-438A-ADBC-AA228818C93C,MD,74092912-EB57-439E-902A-8C07BDF92920,Ten O Clock,PassengerCar,Accelerating,Southbound,25.0,No,No,2024,TOYOTA,39.07312386,-77.16914714,Camry_Toyota,18,2025,10,31,18,Friday,2025-10-31,44
3782,MCP287100D1,250045460,Montgomery_County_Police,Injury Crash,2025-10-09 17:35:00,County_Route,LAUDERDALE DR,RANDOLPH RD (WB/L),Other,Right-of-Way Violation,Clear,Dry,Daylight,Traffic Signal,None Detected,36A9AC19-DCFE-475E-BA49-D3EFCBD9A05E,MD,D4146130-D9C8-4FDA-9B65-B451321B3AB7,Four O Clock,PassengerCar,MakingLeftTurn,South,35.0,No,No,2016,TOYOTA,39.05353165,-77.1041587,Corolla_Toyota,17,2025,10,9,17,Thursday,2025-10-09,41
3784,DM8522004T,250048935,Takoma_Park_Police_Department,Property Damage Crash,2025-10-31 17:16:00,Maryland_State_Route,NEW HAMPSHIRE AVE,LINDEN AVE,Other,Right-of-Way Violation,Clear,Dry,Daylight,No Control,None Detected,A75FF884-F108-43D4-95B6-D04E45BCE583,MD,1768D692-29E9-4194-BB6E-4178F789BF6E,Eight O Clock,PassengerCar,MakingLeftTurn,South,15.0,No,No,2017,HONDA,38.97833214,-76.99114927,Civic_Honda,17,2025,10,31,17,Friday,2025-10-31,44
3786,MCP26780064,250048837,Montgomery_County_Police,Property Damage Crash,2025-10-31 07:39:00,Maryland_State_Route,UNIVERSITY BLVD W,GEORGIA AVE,Sideswipe (Same Direction),Lane Violation,Clear,Dry,Daylight,Traffic Signal,None Detected,B6FE117E-19C2-44B4-9229-D03016200FB7,NC,49A4379E-8473-4520-8628-5D7D0736D803,Four O Clock,SingleUnitTruck,Accelerating,Eastbound,25.0,No,No,2023,TOYOTA,39.04139646,-77.05187561,Camry_Toyota,7,2025,10,31,7,Friday,2025-10-31,44
3788,MCP2177005B,250048939,Montgomery_County_Police,Property Damage Crash,2025-10-31 17:45:00,County_Route,CHAPMAN AVE,ENT TO MILESTONE SHOPPING CENTER,Angle Collision,Right-of-Way Violation,Cloudy,Dry,Daylight,No Control,None Detected,90B9E21B-2559-4903-8EC2-378532BB5B32,MD,EF06BCEE-E880-4D83-96ED-F0D795F2095A,Eleven O Clock,PassengerCar,MakingLeftTurn,Westbound,30.0,No,No,2019,HONDA,39.05740788,-77.11781636,CR-V_Honda,17,2025,10,31,17,Friday,2025-10-31,44
3789,MCP2898006G,250047893,Montgomery_County_Police,Property Damage Crash,2025-10-24 21:33:00,Ramp_Route,RAMP 2 FR DUSTIN RD TO US 29 NB,DIRECTIONAL CROSSOVER,Sideswipe (Opposite Direction),Surface Condition,Clear,Dry,Dark - Lighted,No Control,None Detected,EFC82D7F-2ADD-42F9-86F1-06C835DB1840,MD,B06E2B5E-32EF-486C-A4E7-786CD0987374,Twelve O Clock,PassengerCar,SlowingOrStopping,South,30.0,No,No,2017,MERCEDES-BENZ,39.12280833,-76.92522833,E-Class_Mercedes-Benz,21,2025,10,24,21,Friday,2025-10-24,43
3790,EJ787300BR,250048863,Gaithersburg_Police_Department,Property Damage Crash,2025-10-31 10:58:00,Municipality_Route,MARYLAND AVE,FREDERICK RD,Angle Collision,Right-of-Way Violation,Clear,Dry,Daylight,Stop Sign,None Detected,1DF5CC8D-E369-4EC7-93EF-91D159153490,MD,74E02D72-87AD-4DB8-8AA5-EF98F94864DF,Eleven O Clock,PickupTruck,MakingLeftTurn,Westbound,25.0,No,No,2012,RAM,39.14487524,-77.20274952,RAM_Ram,10,2025,10,31,10,Friday,2025-10-31,44
3792,MCP287100D1,250045460,Montgomery_County_Police,Injury Crash,2025-10-09 17:35:00,County_Route,LAUDERDALE DR,RANDOLPH RD (WB/L),Other,Road Obstruction,Clear,Dry,Daylight,Traffic Signal,None Detected,9E4E0D97-F28B-4D9C-8A28-E1E233FC3912,MD,5D926E72-4846-472D-A4DD-8F0892CC50AF,Twelve O Clock,PassengerCar,MovingConstantSpeed,North,35.0,No,No,2017,ACURA,39.05353165,-77.1041587,ILX_Acura,17,2025,10,9,17,Thursday,2025-10-09,41
3793,MCP3335003R,250047401,Montgomery_County_Police,Property Damage Crash,2025-10-22 20:54:00,Maryland_State_Route,GEORGIA AVE,BUXTON TERR,Single Vehicle,Driver Inattention,Clear,Wet,Dark - Not Lighted,No Control,Suspect Alcohol Only,AF7DE3C4-28F8-4744-AD2D-CFD984D9CF60,MD,E57C2C2D-BB21-40CE-B0F9-4369AD6A152C,Eleven O Clock,PassengerCar,Backing,Not On Roadway,2.5,No,No,2016,FORD,39.06934339,-77.00746531,Explorer_Ford,20,2025,10,22,20,Wednesday,2025-10-22,43
3794,MCP2981004C,250048452,Montgomery_County_Police,Property Damage Crash,2025-10-28 17:32:00,County_Route,LYTTONSVILLE RD,QUEEN ANNES DR,Rear-End (Same Direction),Tailgating,Cloudy,Dry,Daylight,No Control,None Detected,E08182DC-ABEB-4974-BE19-86BD8F8F546C,MD,B8AFC064-E18C-4E88-A452-F1E11F3E89C7,RoofTop,PassengerCar,MovingConstantSpeed,Northbound,30.0,No,No,2018,KIA,39.0133545,-77.090341,Forte_Kia,17,2025,10,28,17,Tuesday,2025-10-28,44
3795,MCP268900DB,250048866,Montgomery_County_Police,Property Damage Crash,2025-10-31 11:12:00,County_Route,MONTGOMERY VILLAGE AVE,CRYSTAL ROCK DR,Sideswipe (Opposite Direction),Backing Error,Clear,Slush,Daylight,No Control,None Detected,49D8D5EB-6395-42EF-BACC-9231861F3D01,MD,0D1F001D-0F74-4286-ABD7-482ED927F0A9,Five O Clock,SingleUnitTruck,Backing,Eastbound,2.5,No,No,2018,MERCEDES-BENZ,39.0919901,-77.21497879,SA625_Mercedes-Benz,11,2025,10,31,11,Friday,2025-10-31,44
3796,EJ7837008G,250044671,Gaithersburg_Police_Department,Property Damage Crash,2025-10-04 17:28:00,Private_Route,CAPITAL BELTWAY,BUREAU DR W DIAMOND AVE W DIAMOND AVE (WB/L),Rear-End (Same Direction),Tailgating,Clear,Dry,Daylight,Traffic Signal,None Detected,85D6EB6D-8B0A-48C1-92E2-F8D1A3644F27,MD,1BA0E318-C01A-435F-97E7-80189FBBFABC,Six O Clock,PassengerCar,StoppedInTrafficLane,Westbound,35.0,No,No,2020,TOYOTA,39.14170152,-77.21746595,Corolla_Toyota,17,2025,10,4,17,Saturday,2025-10-04,40
3798,MCP34090015,250048229,Montgomery_County_Police,Injury Crash,2025-10-27 14:00:00,Maryland_State_Route,QUINCE ORCHARD RD (SB/L),CLOPPER RD (WB/L),Head-On,Traffic Control Violation,Clear,Dry,Daylight,Traffic Signal,None Detected,FF240ED5-FCFC-4685-9999-AC60D73318EB,MD,B1E4499C-788A-4077-BFF2-EE26933523D8,Twelve O Clock,PassengerCar,MakingLeftTurn,Southbound,35.0,No,No,2017,MERCEDES-BENZ,39.14256,-77.22070617,E-Class_Mercedes-Benz,14,2025,10,27,14,Monday,2025-10-27,44
3800,EJ79160010,250048855,Gaithersburg_Police_Department,Property Damage Crash,2025-10-31 10:30:00,Municipality_Route,S SUMMIT AVE,OLDE TOWNE AVE,Single Vehicle,Driver Inattention,Clear,Dry,Daylight,Warning Sign,None Detected,B8567506-D0E0-4A20-9EAD-90ED7889A275,MD,35185221-B9D2-4509-A81E-48C758023E3E,Twelve O Clock,PassengerCar,Accelerating,West,25.0,No,No,2023,HONDA,39.14059332,-77.19368232,Odyssey_Honda,10,2025,10,31,10,Friday,2025-10-31,44
3802,MCP3275003H,250048039,Montgomery_County_Police,Injury Crash,2025-10-26 00:00:00,County_Route,CALVERTON BLVD,BROADBIRCH DR                 CHERRY HILL RD,Head-On,Right-of-Way Violation,Clear,Dry,Dark - Lighted,Flashing Traffic Signal,Suspect Alcohol Only,45AD5F68-424D-439A-8537-53588CB04ACD,MD,176E1ABB-5943-4352-8F93-864C328E41C7,Twelve O Clock,PassengerCar,MovingConstantSpeed,Northbound,40.0,No,No,2005,MERCEDES-BENZ,39.0560696,-76.95413541,E-Class_Mercedes-Benz,0,2025,10,26,0,Sunday,2025-10-26,43
3805,MCP34090015,250048229,Montgomery_County_Police,Injury Crash,2025-10-27 14:00:00,Maryland_State_Route,QUINCE ORCHARD RD (SB/L),CLOPPER RD (WB/L),Head-On,Traffic Control Violation,Clear,Dry,Daylight,Traffic Signal,None Detected,741C45DF-2EC2-4E45-B82A-42FF32218E04,MD,1C0B792C-8AC4-46B3-A4CE-0C63D49CADDE,Twelve O Clock,PassengerCar,MovingConstantSpeed,Northbound,35.0,No,No,2007,BUICK,39.14256,-77.22070617,Encore_Buick,14,2025,10,27,14,Monday,2025-10-27,44
3808,MCP3390002C,250048607,Montgomery_County_Police,Property Damage Crash,2025-10-29 17:01:00,County_Route,AIRCRAFT DR,STEWART LA,Angle Collision,Right-of-Way Violation,Clear,Dry,Daylight,No Control,None Detected,F2BD6740-F5E3-481F-ADAA-C3E8DFEC3522,MD,75F1E4C8-5CE7-4205-A57E-52C7B00037B1,One O Clock,PassengerCar,MovingConstantSpeed,Westbound,25.0,No,No,2023,TOYOTA,39.18326781,-77.26119464,Camry_Toyota,17,2025,10,29,17,Wednesday,2025-10-29,44
3812,DD556700BB,250048519,Rockville_Police_Department,Property Damage Crash,2025-10-29 07:57:00,Municipality_Route,LAYHILL RD,RIDGE RD,Other,Right-of-Way Violation,Clear,Dry,Daylight,No Control,None Detected,9D715EB6-DC3B-451F-ADCD-CCD51B9EFCF4,MD,2F5B7431-0C46-465F-A224-D54492AFFD78,Seven O Clock,Van - Passenger (&lt;9 Seats),MakingLeftTurn,Northbound,30.0,No,No,2014,FORD,39.08635287,-77.15294261,F-150_Ford,7,2025,10,29,7,Wednesday,2025-10-29,44
3813,MCP3288003C,250048670,Montgomery_County_Police,Property Damage Crash,2025-10-30 05:38:00,County_Route,CLUB HOUSE RD,MONTGOMERY VILLAGE AVE (SB/L),Rear vs Side,Right-of-Way Violation,Rain,Wet,Dark - Lighted,Flashing Traffic Signal,None Detected,E2A65463-1C16-4C4F-8AB4-FF4AA1977263,MD,81433326-49D1-46C6-AD21-161F4A30260C,Two O Clock,PassengerCar,MakingLeftTurn,Westbound,35.0,No,No,2015,TOYOTA,39.17452405,-77.20363419,Corolla_Toyota,5,2025,10,30,5,Thursday,2025-10-30,44
3814,MCP3441001L,250048594,Montgomery_County_Police,Injury Crash,2025-10-29 15:40:00,Maryland_State_Route,ROCKVILLE PIKE (SB/L),STRUC #M0220 ROCK CREEK,Rear-End (Same Direction),Tailgating,Clear,Dry,Daylight,No Control,None Detected,80DCD618-B52D-4570-A21D-B57A95C20652,MD,AAD3F2E0-DBF2-46D5-8B1C-7C3D216CDE0D,Twelve O Clock,PassengerCar,MovingConstantSpeed,Southbound,35.0,No,No,2017,TOYOTA,39.04899682,-77.1141103,Camry_Toyota,15,2025,10,29,15,Wednesday,2025-10-29,44