Unnamed: 0,Report Number,Local Case Number,Agency Name,ACRS Report Type,Crash Date/Time,Route Type,Road Name,Cross-Street Name,Collision Type,Circumstance_Category,Weather,Surface Condition,Light,Traffic Control,Driver Substance Abuse,Person ID,Drivers License State,Vehicle ID,Vehicle First Impact Location,Vehicle Body Type,Vehicle Movement,Vehicle Going Dir,Speed Limit,Driverless Vehicle,Parked Vehicle,Vehicle Year,Vehicle Make,Latitude,Longitude,Vehicle Model,hour,Crash_year,Crash_month,Crash_day,Crash_hour,Crash_day_name,Crash_date,Crash_week
3982,MCP2777005R,250048808,Montgomery_County_Police,Property Damage Crash,2025-10-30 20:07:00,County_Route,GAINSBOROUGH RD,RANDOLPH RD,Rear vs Side,Backing Error,Clear,Dry,Dark - Not Lighted,No Control,None Detected,460589F6-5267-47F6-A9FB-3981309D23C1,MD,BE1399D5-DBAC-4488-9B72-C3055A307408,Five O Clock,PassengerCar,Backing,Southbound,25.0,No,No,2009,LEXUS,39.04114719,-77.17278071,RX_Lexus,20,2025,10,30,20,Thursday,2025-10-30,44
3983,MCP2921005T,250048770,Montgomery_County_Police,Injury Crash,2025-10-30 16:55:00,County_Route,OBSERVATION DR,MEEM AVE WATER ST,Rear vs Side,Right-of-Way Violation,Clear,Dry,Daylight,Traffic Signal,None Detected,3AF08018-2173-472A-911D-724F73364853,MD,1A1F67B9-1F2D-4977-A920-6603B3EA62EF,Twelve O Clock,PassengerCar,MakingLeftTurn,Eastbound,40.0,No,No,2021,TOYOTA,39.17843541,-77.24188198,Camry_Toyota,16,2025,10,30,16,Thursday,2025-10-30,44
3984,MCP24020011,250048947,Montgomery_County_Police,Injury Crash,2025-10-31 18:51:00,Municipality_Route,WATTS BRANCH PKWY,CEDRUS CT FALLSMEAD WAY,Angle Collision,Right-of-Way Violation,Clear,Dry,Dark - Lighted,Stop Sign,None Detected,96AAC361-39DE-47C8-8838-DF88B33F4D73,DC,A776DF6B-7F78-467A-95F3-72C613D592C4,Two O Clock,PassengerCar,Accelerating,Westbound,25.0,No,No,2025,TOYOTA,39.07312386,-77.16914714,Camry_Toyota,18,2025,10,31,18,Friday,2025-10-31,44
3985,MCP3181002Y,250048671,Montgomery_County_Police,Property Damage Crash,2025-10-30 05:40:00,County_Route,DARNESTOWN RD,CLOPPER RD,Angle Collision,Speed Related,Rain,Wet,Dark - Not Lighted,No Control,None Detected,1FB42D44-8C10-47B2-B244-EACB545811DC,MD,CF190C64-3C1D-4759-B3FE-EB1B2324B12D,Twelve O Clock,PassengerCar,MovingConstantSpeed,Eastbound,35.0,No,No,2023,TOYOTA,39.0913035,-77.06664083,Camry_Toyota,5,2025,10,30,5,Thursday,2025-10-30,44
3986,MCP2961004S,250047799,Montgomery_County_Police,Property Damage Crash,2025-10-24 11:55:00,Maryland_State_Route,FENTON ST,BEACH DR,Rear-End (Same Direction),Congestion / Backup,Clear,Dry,Daylight,No Control,None Detected,CD38D7FF-8D8B-4414-BC6B-9F31A2A017B6,MD,3D88F019-A13C-4B72-80D4-170D4D8140FE,Six O Clock,PickupTruck,SlowingOrStopping,Not On Roadway,35.0,No,No,2019,CHEVROLET,39.14499083,-77.0419495,Colorado_Chevrolet,11,2025,10,24,11,Friday,2025-10-24,43
3987,MCP3301003J,250046643,Montgomery_County_Police,Property Damage Crash,2025-10-17 05:44:00,County_Route,CALVERTON BLVD,BROADBIRCH DR                 CHERRY HILL RD,Single Vehicle,Passing / Turning,Clear,Dry,Dark - Lighted,Traffic Signal,None Detected,BB8A98E8-B267-4A80-9C01-69D5F385935B,MD,5C2294B3-5AFF-41AF-B26B-55A7BD4F60F7,One O Clock,PassengerCar,MakingLeftTurn,Southbound,35.0,No,No,2019,CHEVROLET,39.05607575,-76.95445698,Trax_Chevrolet,5,2025,10,17,5,Friday,2025-10-17,42
3989,MCP2107006Y,250048584,Montgomery_County_Police,Property Damage Crash,2025-10-29 12:18:00,County_Route,SWEEPSTAKES RD,UNIVERSITY BLVD W,Rear-End (Same Direction),Tailgating,Clear,Dry,Daylight,Other,None Detected,3EA67752-2FCC-4F69-A284-7A2F6683FAF8,MD,7EFBF400-AC3D-4635-80A5-CC024F3F0873,Twelve O Clock,PassengerCar,MovingConstantSpeed,Eastbound,30.0,No,No,2014,HONDA,39.25974573,-77.21394016,CR-V_Honda,12,2025,10,29,12,Wednesday,2025-10-29,44
3990,MCP34310016,250048910,Montgomery_County_Police,Property Damage Crash,2025-10-31 15:17:00,County_Route,FATHER HURLEY BLVD,HOPKINS RD,Angle Collision,Right-of-Way Violation,Clear,Dry,Daylight,Traffic Signal,None Detected,EF04252F-C773-4A04-9093-CD2D2F97B1EC,MD,60746CA5-A10D-4C20-A93F-B86C74BF089E,Four O Clock,PassengerCar,MakingLeftTurn,Eastbound,35.0,No,No,2020,TOYOTA,39.16925725,-77.28283301,Camry_Toyota,15,2025,10,31,15,Friday,2025-10-31,44
3991,MCP3148008H,250048416,Montgomery_County_Police,Property Damage Crash,2025-10-28 14:20:00,Maryland_State_Route,AUTOMOBILE BLVD,REEDIE DR,Other,Weather Related,Cloudy,Dry,Daylight,Traffic Signal,None Detected,8FB55020-3AF5-4221-956B-D1B23DB1F647,MD,7D0DC503-C192-4058-85A2-E1FCE36B8F92,Five O Clock,PassengerCar,Parked,South,2.5,No,Yes,2025,HYUNDAI,39.04636373,-77.11285055,Sonata_Hyundai,14,2025,10,28,14,Tuesday,2025-10-28,44
3994,MCP3208007F,250048828,Montgomery_County_Police,Property Damage Crash,2025-10-31 03:20:00,Maryland_State_Route,GEORGIA AVE,CRABBS BRANCH WAY,Single Vehicle,Lane Violation,Clear,Dry,Dark - Lighted,Traffic Signal,None Detected,13CEDC19-67F4-401A-B603-18914A938C56,MD,DBF4A290-0C93-498F-899D-53AF66CB30E8,One O Clock,PassengerCar,MovingConstantSpeed,Northbound,35.0,No,No,2009,HONDA,39.01401043,-77.04201885,Accord_Honda,3,2025,10,31,3,Friday,2025-10-31,44
3996,MCP34270015,250047252,Montgomery_County_Police,Property Damage Crash,2025-10-21 10:25:00,County_Route,WOOTTON PKWY,SHERWOOD FOREST DR,Angle Collision,Driver Inattention,Clear,Dry,Daylight,No Control,None Detected,9515CA95-0CD5-4251-9930-B16D3AC828A0,MD,1FF5F454-0976-4C5D-8B56-EC7DC3452299,NonCollision,SchoolBus,StoppedInTrafficLane,Not On Roadway,2.5,No,No,2022,FORD,39.13755744,-77.20631634,F-150_Ford,10,2025,10,21,10,Tuesday,2025-10-21,43
3997,EJ79060034,250048410,Gaithersburg_Police_Department,Injury Crash,2025-10-28 14:21:00,Maryland_State_Route,FREDERICK RD,WATKINS MILL RD (SB/L),Rear-End (Same Direction),Congestion / Backup,Clear,Dry,Daylight,Traffic Signal,None Detected,2384D4CF-88F1-457B-AD79-14D60E1C9CB3,MD,2970D879-7053-498F-8388-9A5AF855343F,Six O Clock,PassengerCar,StoppedInTrafficLane,East,35.0,No,No,2013,HYUNDAI,39.15935645,-77.21929034,Elantra_Hyundai,14,2025,10,28,14,Tuesday,2025-10-28,44
3998,MCP23260006,250048636,Montgomery_County_Police,Injury Crash,2025-10-29 20:32:00,County_Route,STEWART LA,COLUMBIA PIKE,Rear-End (Same Direction),Tailgating,Cloudy,Dry,Dark - Lighted,Traffic Signal,None Detected,63C12D05-1A2F-4358-8996-60874B9022E0,MD,AEDB0FC1-677D-46EB-9901-512B8582822D,Six O Clock,PassengerCar,StoppedInTrafficLane,Northbound,40.0,No,No,2000,LEXUS,39.04632123,-76.98707835,ES_Lexus,20,2025,10,29,20,Wednesday,2025-10-29,44
4000,EJ7871008S,250048940,Gaithersburg_Police_Department,Property Damage Crash,2025-10-31 18:21:00,Private_Route,VEIRS MILL RD,WATKINS MILL RD,Rear-End (Same Direction),Road Obstruction,Clear,Dry,Dark - Lighted,No Control,None Detected,28C48F31-2256-4E6C-BCFC-C4F3F52F28AD,MD,ED95BA0B-F481-46BB-B1C5-57E5B1FC7321,Six O Clock,PassengerCar,SlowingOrStopping,West,25.0,No,No,2009,TOYOTA,39.16522583,-77.21505883,Camry_Toyota,18,2025,10,31,18,Friday,2025-10-31,44
4002,MCP2052004D,250047848,Montgomery_County_Police,Injury Crash,2025-10-24 15:27:00,County_Route,CRESTHAVEN DR,LA GRANDE RD,Single Vehicle,Right-of-Way Violation,Clear,Dry,Daylight,Stop Sign,None Detected,7A92C894-7BB6-44DC-9CF3-16150B3180F0,MD,37052A14-4DBD-499B-A67A-578807B39C2E,Two O Clock,SportUtilityVehicle,Accelerating,Southbound,25.0,No,No,2021,HONDA,39.02579102,-76.98741144,CR-V_Honda,15,2025,10,24,15,Friday,2025-10-24,43
4003,MCP2077006F,250045714,Montgomery_County_Police,Property Damage Crash,2025-10-11 11:30:00,Spur_Route,FLOWER AVE,LEGENDARY CT,Rear-End (Same Direction),Congestion / Backup,Clear,Dry,Daylight,No Control,None Detected,9DC26924-0CB7-4F65-8A55-1A4D6D19C1AA,MD,E1E5473B-CE95-4363-9599-3E97CD764F04,Six O Clock,SportUtilityVehicle,StoppedInTrafficLane,Northbound,30.0,No,No,2020,LEXUS,39.02298458,-77.13257803,RX 350_Lexus,11,2025,10,11,11,Saturday,2025-10-11,41
4006,MCP268900D9,250048685,Montgomery_County_Police,Injury Crash,2025-10-30 08:42:00,County_Route,TRAVILAH RD,LEXINGTON ST,Rear-End (Same Direction),Tailgating,Rain,Wet,Daylight,No Control,None Detected,E75024BB-47DF-493B-9C7D-7DF8057C94B9,FL,F0A17222-0862-4B1D-BD6D-CEEE7BB58D43,Twelve O Clock,PassengerCar,SlowingOrStopping,Southbound,30.0,No,No,2010,HONDA,39.08033419,-77.25238138,CR-V_Honda,8,2025,10,30,8,Thursday,2025-10-30,44
4007,MCP3040008P,250048438,Montgomery_County_Police,Property Damage Crash,2025-10-28 16:45:00,County_Route,JUSTICE RD,N BELGRADE RD,Angle Collision,Right-of-Way Violation,Clear,Dry,Daylight,No Control,None Detected,5CE19BAD-EA21-44C4-A6A8-7810DB4D2D40,MD,736DF36B-8E32-42A6-9E49-28B2667847D0,One O Clock,PassengerCar,MakingRightTurn,Eastbound,30.0,No,No,2004,TOYOTA,39.077514,-77.091306,Prius_Toyota,16,2025,10,28,16,Tuesday,2025-10-28,44
4008,MCP3441001L,250048594,Montgomery_County_Police,Injury Crash,2025-10-29 15:40:00,Maryland_State_Route,ROCKVILLE PIKE (SB/L),VIRGINIA PINE TERR,Rear-End (Same Direction),Tailgating,Clear,Dry,Daylight,No Control,None Detected,1796A38F-1F98-406B-87C8-584ACDE211FD,MD,D842AB1D-1264-4D15-B96C-62584A446E61,Six O Clock,PassengerCar,MovingConstantSpeed,Southbound,35.0,No,No,2020,HONDA,39.04899682,-77.1141103,CR-V_Honda,15,2025,10,29,15,Wednesday,2025-10-29,44
4009,MCP31400031,250048661,Montgomery_County_Police,Property Damage Crash,2025-10-30 00:27:00,Municipality_Route,LELAND ST,LELAND ST,Other,Road Obstruction,Rain,Wet,Dark - Lighted,No Control,None Detected,1AF4B479-976E-47F8-AB05-868DD1053478,MD,7DBF0DE3-D7C3-4738-A038-77A1C4026358,Twelve O Clock,PassengerCar,MovingConstantSpeed,Northbound,30.0,No,No,2003,HONDA,38.98553517,-77.07706233,Civic_Honda,0,2025,10,30,0,Thursday,2025-10-30,44
4010,MCP1550006B,250048688,Montgomery_County_Police,Property Damage Crash,2025-10-30 09:29:00,County_Route,FERNWOOD RD,LONE OAK DR,Angle Collision,Weather Related,Rain,Wet,Daylight,Stop Sign,None Detected,6C991332-5A09-425F-8EBD-1E3D98370B1A,MD,55FA1435-2E8F-442D-A45F-3E2A2DF987FB,Twelve O Clock,SportUtilityVehicle,Accelerating,North,20.0,No,No,2023,FORD,39.01979175,-77.13438989,Explorer_Ford,9,2025,10,30,9,Thursday,2025-10-30,44
4011,MCP2898006G,250047893,Montgomery_County_Police,Property Damage Crash,2025-10-24 21:33:00,Ramp_Route,RAMP 2 FR DUSTIN RD TO US 29 NB,BEL PRE RD,Sideswipe (Opposite Direction),Lane Violation,Clear,Dry,Dark - Lighted,No Control,None Detected,19606A78-7E99-4166-8334-CE92FEA0E0CC,MD,B233E7C5-EA9D-472A-B892-6B72EC277170,NonCollision,OtherTruck,MovingConstantSpeed,West,30.0,No,No,2024,INFINITI,39.12280833,-76.92522833,Q50_Infiniti,21,2025,10,24,21,Friday,2025-10-24,43
4012,MCP34310017,250048948,Montgomery_County_Police,Property Damage Crash,2025-10-31 18:51:00,Maryland_State_Route,GREAT SENECA HWY,DAIRYMAID DR,Angle Collision,Right-of-Way Violation,Clear,Dry,Dark - Lighted,Stop Sign,None Detected,429470AA-0E56-4177-A69C-642C282ABF09,MD,13F13E3D-B2EC-4861-B47E-D0745524D48B,Twelve O Clock,PassengerCar,MakingRightTurn,Westbound,25.0,No,No,2020,NISSAN,39.15722081,-77.275815,Rogue_Nissan,18,2025,10,31,18,Friday,2025-10-31,44
4014,MCP3201008L,250048707,Montgomery_County_Police,Property Damage Crash,2025-10-30 11:55:00,Maryland_State_Route,FREDERICK RD,FIRESTONE DR,Rear-End (Same Direction),Tailgating,Cloudy,Wet,Daylight,No Control,None Detected,8D914CB2-FA59-4BA3-A83B-17EFFA83AF59,MD,6A56AAE4-62B0-4AE1-9B42-B8C26C755D27,Five O Clock,PassengerCar,MovingConstantSpeed,Northbound,40.0,No,No,2014,SUBARU,39.19020567,-77.24170167,Crosstrek_Subaru,11,2025,10,30,11,Thursday,2025-10-30,44
4015,MCP3301003K,250046809,Montgomery_County_Police,Property Damage Crash,2025-10-18 01:26:00,County_Route,E LIGHT DR,NICHOLSON LA,Head-On,Lane Violation,Clear,Dry,Dark - Lighted,No Control,None Detected,694A9330-2F55-45E3-9E27-E5B36772C6D7,MD,34AD201C-191B-4B15-ABD5-2F52B69959BA,Twelve O Clock,PassengerCar,MovingConstantSpeed,Northbound,25.0,No,No,2021,NISSAN,39.01665863,-76.98547557,Sentra_Nissan,1,2025,10,18,1,Saturday,2025-10-18,42
4018,MCP2047006F,250048745,Montgomery_County_Police,Property Damage Crash,2025-10-30 15:15:00,Maryland_State_Route,MCKENNEY AVE,FERNWOOD RD,Other,Lane Violation,Clear,Wet,Daylight,Traffic Signal,None Detected,B36B30B3-18AB-4F70-9E88-8C3D8DB0169C,MD,600BD2F0-0DE3-4C6E-8109-098D8FA869E0,Four O Clock,PassengerCar,MovingConstantSpeed,Not On Roadway,2.5,No,No,2020,CHEVROLET,39.07960618,-77.1441958,Bolt EV_Chevrolet,15,2025,10,30,15,Thursday,2025-10-30,44
4019,MCP34940007,250048610,Montgomery_County_Police,Injury Crash,2025-10-29 17:20:00,US_State_Route,COLESVILLE RD (SB/L),RAMP 2 FR IS 270 WB TO MD 187 NB,Rear-End (Same Direction),Congestion / Backup,Clear,Dry,Daylight,No Control,None Detected,42911851-C38F-45CF-B776-4CA1B0007060,MD,22B021CE-1385-416E-AFBB-5158786D5E8E,Six O Clock,SportUtilityVehicle,StoppedInTrafficLane,Southbound,35.0,No,No,2020,TOYOTA,39.00791517,-77.01976533,RAV4_Toyota,17,2025,10,29,17,Wednesday,2025-10-29,44
4020,MCP3313002W,250048649,Montgomery_County_Police,Property Damage Crash,2025-10-29 21:57:00,County_Route,RIVER RD,BRADLEY LA,Angle Collision,Right-of-Way Violation,Rain,Wet,Dark - Lighted,No Control,None Detected,57D18C92-BAAA-4849-ACBE-5657386D263B,MD,C80CFDF3-4835-4520-909F-C15BB66B5642,VehicleNotAtScene,PassengerCar,MakingLeftTurn,Eastbound,35.0,No,No,2020,HONDA,39.09058006,-77.04599879,Civic_Honda,21,2025,10,29,21,Wednesday,2025-10-29,44
4021,MCP3148008H,250048416,Montgomery_County_Police,Property Damage Crash,2025-10-28 14:20:00,Municipality_Route,MONTGOMERY VILLAGE AVE,GERMANTOWN RD,Other,Backing Error,Cloudy,Dry,Daylight,No Control,None Detected,DF8D8CF5-9C32-493F-BDC1-7AC4FC72FB95,MD,031BA1EC-C6F5-4C3A-A05F-AAF2D808BBD3,Seven O Clock,PassengerCar,Backing,Not On Roadway,2.5,No,No,2014,HYUNDAI,39.04636373,-77.11285055,Elantra_Hyundai,14,2025,10,28,14,Tuesday,2025-10-28,44
4024,DD561500K0,250044503,Rockville_Police_Department,Injury Crash,2025-10-03 16:00:00,Maryland_State_Route,VEIRS MILL RD (WB/L),BEACH DR,Rear-End (Same Direction),Tailgating,Clear,Dry,Daylight,No Control,None Detected,C93F5EF7-1127-4583-AF8C-6DA23E5D81A3,MD,D5136491-F7DB-4482-B035-C57B5D44B3D6,Twelve O Clock,PassengerCar,MovingConstantSpeed,Westbound,35.0,No,No,2018,CHEVROLET,39.07709711,-77.12335525,Express_Chevrolet,16,2025,10,3,16,Friday,2025-10-03,40
4025,MCP22980199,250047436,Montgomery_County_Police,Injury Crash,2025-10-22 08:46:00,County_Route,WIGHTMAN RD,GOSHEN RD SNOUFFERS SCHOOL RD,Head-On,Right-of-Way Violation,Clear,Wet,Daylight,Traffic Signal,None Detected,12B5F8AD-C863-4F75-8EBB-FB7B2B61AC1E,MD,3A5154CF-6F2D-4459-925B-82F8F5850B50,Twelve O Clock,SportUtilityVehicle,MakingLeftTurn,Northbound,35.0,No,No,2024,SUBARU,39.18775342,-77.1867497,Outback_Subaru,8,2025,10,22,8,Wednesday,2025-10-22,43
4026,MCP26780064,250048837,Montgomery_County_Police,Property Damage Crash,2025-10-31 07:39:00,Maryland_State_Route,UNIVERSITY BLVD W,GEORGIA AVE,Sideswipe (Same Direction),Lane Violation,Clear,Dry,Daylight,Traffic Signal,None Detected,096CB627-BF83-4C42-9100-B782B3F9AB5E,MD,526AB88E-E225-4F2D-8379-456B817C26D4,Eleven O Clock,SchoolBus,StoppedInTrafficLane,Eastbound,25.0,No,No,2018,FORD,39.04139646,-77.05187561,Focus_Ford,7,2025,10,31,7,Friday,2025-10-31,44
4029,MCP3400002Z,250048034,Montgomery_County_Police,Injury Crash,2025-10-25 23:27:00,County_Route,E RANDOLPH RD (WB/L),W EDMONSTON DR,Single Vehicle,Driver Inattention,Clear,Dry,Dark - Lighted,Traffic Signal,None Detected,87CD4838-9A72-40D8-9FE5-FA6CBFD1EF7B,MD,681CCC05-BCF9-4C29-92E4-9D99E15B3640,Twelve O Clock,PassengerCar,MovingConstantSpeed,Eastbound,40.0,No,No,2015,VOLKSWAGEN,39.06771852,-76.98575671,Jetta_Volkswagen,23,2025,10,25,23,Saturday,2025-10-25,43
4032,MCP3390002C,250048607,Montgomery_County_Police,Property Damage Crash,2025-10-29 17:01:00,County_Route,AIRCRAFT DR,WILSON LA,Angle Collision,Right-of-Way Violation,Clear,Dry,Daylight,No Control,None Detected,C4AFDC86-03E1-4ACC-A9FE-6B15F18E59AE,MD,2C70287C-F017-4842-AF04-85F9CB4D7DA6,Eleven O Clock,PassengerCar,EnteringTrafficLane,Westbound,25.0,No,No,2020,HONDA,39.18326781,-77.26119464,Pilot_Honda,17,2025,10,29,17,Wednesday,2025-10-29,44
4033,MCP285900K5,250048147,Montgomery_County_Police,Property Damage Crash,2025-10-27 05:50:00,County_Route,RAMP 8 FR IS 270 SB TO MD 124 WB,BEL PRE RD BEL PRE RD (EB/L),Single Vehicle,Backing Error,Cloudy,Dry,Dark - Lighted,Traffic Signal,None Detected,AD8C7C2A-8075-4269-AB0C-81AA454E992F,MD,3870485C-A3B4-4F3E-954D-7D3FBD42641D,Six O Clock,SportUtilityVehicle,Backing,Southbound,2.5,No,No,2021,FORD,39.15800527,-77.22382009,Explorer_Ford,5,2025,10,27,5,Monday,2025-10-27,44
4034,MCP287100D5,250048307,Montgomery_County_Police,Property Damage Crash,2025-10-27 19:22:00,Maryland_State_Route,EAST WEST HWY,SPUR TO HENDERSON CORNER RD,Rear-End (Same Direction),Tailgating,Clear,Dry,Dark - Lighted,No Control,None Detected,9645F03D-2EF0-4D01-B0D9-A75DC8FFB662,MD,887CC00F-38DF-4FCA-BDE4-3B1C55CF9DC0,Twelve O Clock,SportUtilityVehicle,MovingConstantSpeed,Eastbound,35.0,No,No,2013,TOYOTA,38.9886131,-77.07383165,RAV4_Toyota,19,2025,10,27,19,Monday,2025-10-27,44
4035,MCP3113007N,250048010,Montgomery_County_Police,Property Damage Crash,2025-10-25 20:00:00,County_Route,BRIGGS CHANEY RD (WB/L),RIVER RD,Rear-End (Same Direction),Tailgating,Clear,Dry,Dark - Lighted,No Control,None Detected,140362C4-1CC5-4882-B714-1F86CA815EF8,MD,0A195E8B-1A6B-4A52-977B-823648678AA4,Six O Clock,PassengerCar,StoppedInTrafficLane,Westbound,40.0,No,No,2014,TOYOTA,39.08220986,-76.94722158,Avalon_Toyota,20,2025,10,25,20,Saturday,2025-10-25,43
4037,MCP2047006F,250048745,Montgomery_County_Police,Property Damage Crash,2025-10-30 15:15:00,Maryland_State_Route,SPENCERVILLE RD,MUDDY BRANCH RD,Other,Backing Error,Clear,Dry,Daylight,Yield Sign,None Detected,6DF0ECB1-F068-43E4-A250-D7918B38D507,MD,ABF2C3BD-7A90-4D66-ACCC-08B39ACBB389,Six O Clock,SportUtilityVehicle,Backing,Not On Roadway,2.5,No,No,2014,NISSAN,39.07960618,-77.1441958,Rogue_Nissan,15,2025,10,30,15,Thursday,2025-10-30,44
4038,MCP308600CB,250047600,Montgomery_County_Police,Property Damage Crash,2025-10-23 08:15:00,Local_Route,CORRIGAN SQ ACCESS RD,GLEN CT,Rear-End (Same Direction),Tailgating,Clear,Dry,Daylight,No Control,None Detected,169237D0-D9AE-498C-A52E-1045D6EE661F,MD,BB88801B-2A8B-4C95-8CF0-1F2C52F738D8,Twelve O Clock,SportUtilityVehicle,StoppedInTrafficLane,Westbound,15.0,No,No,2025,HYUNDAI,39.16925478,-77.17588746,Elantra_Hyundai,8,2025,10,23,8,Thursday,2025-10-23,43
4039,MCP287100D5,250048307,Montgomery_County_Police,Property Damage Crash,2025-10-27 19:22:00,Maryland_State_Route,EAST WEST HWY,SANGAMORE RD,Rear-End (Same Direction),Tailgating,Clear,Dry,Dark - Lighted,No Control,None Detected,94204F76-2EE5-44F8-8E36-8395486DA998,MD,7AAAD898-FC5D-4211-A565-669BF3D46E30,Six O Clock,SportUtilityVehicle,SlowingOrStopping,Eastbound,35.0,No,No,2023,TOYOTA,38.9886131,-77.07383165,Camry_Toyota,19,2025,10,27,19,Monday,2025-10-27,44
4041,EJ78880089,250048415,Gaithersburg_Police_Department,Injury Crash,2025-10-28 14:45:00,Maryland_State_Route,EAST WEST HWY,ODENDHAL AVE,Other,Traffic Control Violation,Clear,Dry,Daylight,Traffic Signal,None Detected,A5489885-973D-4747-B9AF-D444987B3DAE,MD,04C0ED82-44AC-4696-ADFD-7A49FAE3D4D8,Eleven O Clock,SportUtilityVehicle,MakingLeftTurn,Southbound,30.0,No,No,2023,HYUNDAI,39.148473,-77.20715833,Santa Fe_Hyundai,14,2025,10,28,14,Tuesday,2025-10-28,44
4042,EJ79160012,250048845,Gaithersburg_Police_Department,Property Damage Crash,2025-10-31 08:52:00,Municipality_Route,KENT GARDENS CIR,SILVER SPRING AVE,Angle Collision,Right-of-Way Violation,Clear,Dry,Daylight,Stop Sign,None Detected,3C997645-AC17-43BA-95BF-AABEB263228C,MD,CE7A27D3-C984-47E0-9D6B-A7D9A891A4BD,Seven O Clock,SchoolBus,Parked,South,30.0,No,Yes,2024,TOYOTA,39.11737293,-77.24577165,RAV4_Toyota,8,2025,10,31,8,Friday,2025-10-31,44
4044,MCP284600BY,250048063,Montgomery_County_Police,Injury Crash,2025-10-26 10:40:00,Maryland_State_Route,STONEY CREEK RD,KEY WEST AVE,Rear vs Side,Backing Error,Clear,Wet,Daylight,No Control,None Detected,6690BB4D-5740-4CF0-BB5E-A0B33F419A9D,MD,38604C16-F599-4354-B447-634AAAB17FD8,Six O Clock,PassengerCar,Backing,Not On Roadway,2.5,No,No,2010,HONDA,39.0924786,-77.11330897,Accord_Honda,10,2025,10,26,10,Sunday,2025-10-26,43
4045,EJ7903005C,250044083,Gaithersburg_Police_Department,Injury Crash,2025-10-01 08:00:00,Municipality_Route,FIRSTFIELD RD (EB/L),POMPANO TERR,Angle Collision,Right-of-Way Violation,Clear,Dry,Daylight,No Control,None Detected,A29A4CF5-91F1-4C59-BD4D-9C287409DDD8,MD,9B847406-BF3C-4EC3-AFC3-FDDE1444C714,Three O Clock,SportUtilityVehicle,MovingConstantSpeed,Southbound,25.0,No,No,2021,ACURA,39.14183018,-77.2244968,RDX_Acura,8,2025,10,1,8,Wednesday,2025-10-01,40
4046,MCP3148008J,250048749,Montgomery_County_Police,Injury Crash,2025-10-30 15:13:00,US_State_Route,ROCKVILLE PIKE,WAYNE AVE,Head-On,Right-of-Way Violation,Clear,Dry,Daylight,Traffic Signal,None Detected,DB4B5B18-7ADD-4E90-8D2A-78B1130026ED,MD,40795CAC-EDB1-4F66-BF6C-DFE1CF5A8887,Twelve O Clock,PassengerCar,Accelerating,Not On Roadway,2.5,No,No,2024,LEXUS,39.02375534,-77.13403397,RX_Lexus,15,2025,10,30,15,Thursday,2025-10-30,44
4051,MCP3079007P,250048680,Montgomery_County_Police,Injury Crash,2025-10-30 08:12:00,Maryland_State_Route,CLOPPER RD,SCHAEFFER RD,Angle Collision,Right-of-Way Violation,Rain,Wet,Daylight,Stop Sign,None Detected,65A0BFEB-8CA4-4488-9500-57C83710F309,MD,8BDB5C68-A7CA-4E41-81A0-027DB95820CA,Eleven O Clock,PassengerCar,EnteringTrafficLane,Northbound,30.0,No,No,2022,TOYOTA,39.16347288,-77.28465436,Corolla Cross_Toyota,8,2025,10,30,8,Thursday,2025-10-30,44
4052,MCP203900D6,250047886,Montgomery_County_Police,Property Damage Crash,2025-10-24 17:00:00,County_Route,LOCKWOOD DR,COLUMBIA PIKE (SB/L),Sideswipe (Same Direction),Lane Violation,Clear,Dry,Daylight,Traffic Signal,None Detected,12B0B91D-A932-424A-92CA-7B69648892FD,MD,AD2B734D-D1D8-478E-B591-CFB289052A06,VehicleNotAtScene,PassengerCar,ChangingLanes,Southbound,40.0,No,No,2013,TOYOTA,39.03381169,-77.00245784,Camry_Toyota,17,2025,10,24,17,Friday,2025-10-24,43
4053,MCP3429001H,250048675,Montgomery_County_Police,Injury Crash,2025-10-30 07:19:00,County_Route,E RANDOLPH RD,PARKER FARM WAY (SB/L),Single Vehicle,Weather Related,Rain,Wet,Dawn,Traffic Signal,None Detected,5C005A14-88D5-437B-82CB-1DB4516CAE09,MD,EC380A94-F8BA-47F9-8A53-FBDAAEC0736A,VehicleNotAtScene,PassengerCar,MakingRightTurn,North,20.0,No,No,2018,FORD,39.0905276,-77.04796563,F-150_Ford,7,2025,10,30,7,Thursday,2025-10-30,44