Unnamed: 0,Report Number,Local Case Number,Agency Name,ACRS Report Type,Crash Date/Time,Route Type,Road Name,Cross-Street Name,Collision Type,Circumstance_Category,Weather,Surface Condition,Light,Traffic Control,Driver Substance Abuse,Person ID,Drivers License State,Vehicle ID,Vehicle First Impact Location,Vehicle Body Type,Vehicle Movement,Vehicle Going Dir,Speed Limit,Driverless Vehicle,Parked Vehicle,Vehicle Year,Vehicle Make,Latitude,Longitude,Vehicle Model,hour,Crash_year,Crash_month,Crash_day,Crash_hour,Crash_day_name,Crash_date,Crash_week
4055,EJ7914000V,250048981,Gaithersburg_Police_Department,Injury Crash,2025-10-31 23:58:00,Maryland_State_Route,MONTGOMERY VILLAGE AVE (SB/L),FATHER HURLEY BLVD,Single Vehicle,Driver Inattention,Clear,Dry,Dark - Lighted,No Control,None Detected,2D2E058B-C5BF-4F6D-984D-CDDEECBD24A5,MD,FA2E4E2C-E70F-4E01-AF38-FCF52EFDEA4C,Twelve O Clock,PassengerCar,MovingConstantSpeed,Southbound,40.0,No,No,2022,MERCEDES-BENZ,39.15552298,-77.20797446,GLC_Mercedes-Benz,23,2025,10,31,23,Friday,2025-10-31,44
4056,MCP26990024,250048609,Montgomery_County_Police,Property Damage Crash,2025-10-29 16:21:00,Maryland_State_Route,DARNESTOWN RD,ROSEWOOD MANOR LA,Sideswipe (Same Direction),Lane Violation,Cloudy,Dry,Daylight,No Control,None Detected,22F687F7-4EC7-4BFC-A7E8-CA313FAA8E3E,MD,E6A71398-812F-43AF-9754-719232360408,Nine O Clock,SchoolBus,MovingConstantSpeed,Eastbound,40.0,No,No,2020,TOYOTA,39.11809049,-77.25989307,Corolla_Toyota,16,2025,10,29,16,Wednesday,2025-10-29,44
4057,MCP32320072,250044231,Montgomery_County_Police,Injury Crash,2025-10-01 19:58:00,County_Route,OLNEY MILL RD (SB/L),OLNEY LAYTONSVILLE RD (WB/L),Angle Collision,Right-of-Way Violation,Clear,Dry,Dark - Lighted,Traffic Signal,None Detected,667A3047-0DC8-4DA0-A12A-EF825D177344,MD,C08C73A7-F6D3-446E-8578-05FF02206B2F,One O Clock,SportUtilityVehicle,MakingLeftTurn,Eastbound,40.0,No,No,2023,CHEVROLET,39.16530427,-77.08388339,Tahoe_Chevrolet,19,2025,10,1,19,Wednesday,2025-10-01,40
4059,MCP3341005L,250047926,Montgomery_County_Police,Property Damage Crash,2025-10-25 08:20:00,Maryland_State_Route,CONNECTICUT AVE (SB/L),WELLER RD,Angle Collision,Traffic Control Violation,Clear,Dry,Daylight,Traffic Signal,None Detected,8B4904D8-41F3-45BB-95B1-86AC09F98673,MD,27E0A66D-A8AE-4245-8588-093E5A4AACA3,Twelve O Clock,PassengerCar,MovingConstantSpeed,Southbound,35.0,No,No,2013,CHEVROLET,39.06321846,-77.07356478,Express_Chevrolet,8,2025,10,25,8,Saturday,2025-10-25,43
4060,EJ787300BR,250048863,Gaithersburg_Police_Department,Property Damage Crash,2025-10-31 10:58:00,Municipality_Route,MARYLAND AVE,FREDERICK RD,Angle Collision,Right-of-Way Violation,Clear,Dry,Daylight,No Control,None Detected,6C2D4DAE-71E8-4088-9307-DDE0B96F9BB1,MD,B99A8CFE-0E24-413A-9896-8C2A79DE7461,Eight O Clock,SportUtilityVehicle,MakingLeftTurn,Southbound,30.0,No,No,2020,TOYOTA,39.14487524,-77.20274952,Camry_Toyota,10,2025,10,31,10,Friday,2025-10-31,44
4061,MCP3426002X,250048710,Montgomery_County_Police,Property Damage Crash,2025-10-30 12:20:00,Maryland_State_Route,GEORGIA AVE,RAMP 5 FR MD 97 SB TO IS 495 EB,Rear-End (Same Direction),Driver Inattention,Rain,Wet,Daylight,Traffic Signal,None Detected,7A79F33E-FF57-4643-B0B0-EA512254F762,MD,513BB45C-C727-46BC-BEB3-658DC909A22F,One O Clock,PassengerCar,SlowingOrStopping,Not On Roadway,2.5,No,No,2020,JEEP,38.96270767,-77.10730117,Compass_Jeep,12,2025,10,30,12,Thursday,2025-10-30,44
4062,MCP3031007L,250048767,Montgomery_County_Police,Property Damage Crash,2025-10-30 16:05:00,Maryland_State_Route,E GUDE DR,BELLEVUE DR,Angle Collision,Right-of-Way Violation,Clear,Dry,Daylight,No Control,None Detected,4E836C0F-BF43-4BFE-8F0F-0B0EC56717C9,MD,76646B85-0EE9-4866-853C-DF752EF62AE4,Eleven O Clock,PassengerCar,MakingLeftTurn,South,15.0,No,No,2007,TOYOTA,39.1490345,-77.01231517,Tundra_Toyota,16,2025,10,30,16,Thursday,2025-10-30,44
4064,MCP2981004C,250048452,Montgomery_County_Police,Property Damage Crash,2025-10-28 17:32:00,County_Route,NEW HAMPSHIRE AVE,GEORGIA AVE,Rear-End (Same Direction),Tailgating,Cloudy,Dry,Daylight,No Control,None Detected,AE2E191B-8C20-476E-8B55-B0198D11D84C,MD,FC234F56-13E2-408B-9415-30B27BA79903,Six O Clock,SportUtilityVehicle,SlowingOrStopping,Northbound,30.0,No,No,2017,JEEP,39.0133545,-77.090341,Wrangler_Jeep,17,2025,10,28,17,Tuesday,2025-10-28,44
4066,MCP308600CB,250047600,Montgomery_County_Police,Property Damage Crash,2025-10-23 08:15:00,Local_Route,CORRIGAN SQ ACCESS RD,BEGIN BRIDGE,Rear-End (Same Direction),Backing Error,Clear,Dry,Daylight,No Control,None Detected,A4D42B0B-1125-49C3-976F-FE8336254B86,MD,998BAFC5-8D21-491D-92ED-0C62CC09849B,Six O Clock,SportUtilityVehicle,Backing,Westbound,15.0,No,No,2020,JEEP,39.16925478,-77.17588746,Compass_Jeep,8,2025,10,23,8,Thursday,2025-10-23,43
4067,MCP3076004K,250048596,Montgomery_County_Police,Property Damage Crash,2025-10-29 16:02:00,Maryland_State_Route,DARNESTOWN RD (WB/L),RAMP 1 FR IS 270 NB TO MIDDLEBROOK RD WB,Rear-End (Same Direction),Tailgating,Cloudy,Dry,Daylight,Traffic Signal,None Detected,87BD09A2-9678-4D84-9CE7-EFBD92C6C92D,MD,9AC119EF-82FF-4BD5-BE27-D266E3323D61,Twelve O Clock,Van - Passenger (&lt;9 Seats),SlowingOrStopping,Northbound,5.0,No,No,2016,FORD,39.11742748,-77.25108257,Transit_Ford,16,2025,10,29,16,Wednesday,2025-10-29,44
4068,MCP3329004Y,250048469,Montgomery_County_Police,Property Damage Crash,2025-10-28 18:49:00,County_Route,GREENCASTLE RD,RANDOLPH RD,Other,Right-of-Way Violation,Clear,Dry,Dark - Lighted,Traffic Signal,None Detected,DE820269-CC71-4BC4-BA42-F45BE18F0A62,MD,0E24223B-6359-42DC-8803-C494DDEC000B,Twelve O Clock,PassengerCar,Accelerating,Northbound,55.0,No,No,2019,TOYOTA,39.095405,-76.93761867,C-HR_Toyota,18,2025,10,28,18,Tuesday,2025-10-28,44
4070,MCP285900K4,250048080,Montgomery_County_Police,Property Damage Crash,2025-10-26 13:00:00,Maryland_State_Route,WOODFIELD RD,BEECHCRAFT CUT THRU CUT,Head-On,Lane Violation,Clear,Dry,Daylight,No Control,None Detected,D9E3897B-6A31-4DBE-AC4D-6F58ED19ED61,MD,12DB8EEF-F833-4C95-A31F-D11146029A8B,Three O Clock,PassengerCar,MovingConstantSpeed,Southbound,30.0,No,No,2012,LINCOLN,39.16093085,-77.15902348,MKZ_Lincoln,13,2025,10,26,13,Sunday,2025-10-26,43
4075,MCP3019005X,250048706,Montgomery_County_Police,Injury Crash,2025-10-30 12:00:00,County_Route,BETHESDA AVE,MILLGROVE RD,Other,Driver Inattention,Clear,Wet,Daylight,No Control,None Detected,15ECB6A3-E60E-4AE2-B038-5C811B6AFAFC,DC,895B1DA2-7B54-4A8C-B0D2-4923847C52CE,Ten O Clock,PassengerCar,MovingConstantSpeed,Eastbound,25.0,No,No,2024,NISSAN,38.98116183,-77.09338,Sentra_Nissan,12,2025,10,30,12,Thursday,2025-10-30,44
4076,MCP1425002B,250048971,Montgomery_County_Police,Property Damage Crash,2025-10-31 21:45:00,Maryland_State_Route,DARNESTOWN RD,STRATHMORE AVE,Single Vehicle,Driver Inattention,Clear,Dry,Dark - Not Lighted,No Control,None Detected,348CD90B-07E0-44E9-9101-B6B628F9F78E,MD,ED47E1E8-FD0C-44A9-ABED-3841A2449813,Eleven O Clock,SportUtilityVehicle,MovingConstantSpeed,Westbound,50.0,No,No,2024,SUBARU,39.15663867,-77.37376617,Crosstrek_Subaru,21,2025,10,31,21,Friday,2025-10-31,44
4077,MCP9419006G,250049039,Montgomery_County_Police,Property Damage Crash,2025-10-31 23:19:00,Maryland_State_Route,COLESVILLE RD (SB/L),GOLDSBORO RD,Back-to-Back,Backing Error,Clear,Wet,Dark - Lighted,No Control,None Detected,BE45F6E3-F6AF-457A-8636-5852FA520BE8,MD,AAA9F51C-3EEB-4414-85D2-EE99F0EB1C87,VehicleNotAtScene,SportUtilityVehicle,Backing,Southbound,2.5,No,No,2014,CHEVROLET,39.12094324,-77.17673387,Tahoe_Chevrolet,23,2025,10,31,23,Friday,2025-10-31,44
4078,MCP3396002L,250048801,Montgomery_County_Police,Property Damage Crash,2025-10-30 19:55:00,Maryland_State_Route,OLNEY SANDY SPRING RD,SOUTHWOOD AVE,Angle Collision,Right-of-Way Violation,Clear,Dry,Dark - Lighted,No Control,None Detected,E6D0EC78-0E7B-4726-94DC-31CAC5BE5F51,MD,4B160F74-DFCB-4483-A840-56F9D4BEB787,One O Clock,PassengerCar,MovingConstantSpeed,Westbound,30.0,No,No,2021,NISSAN,39.14925267,-77.01402217,Versa_Nissan,19,2025,10,30,19,Thursday,2025-10-30,44
4079,MCP3387003F,250048423,Montgomery_County_Police,Property Damage Crash,2025-10-28 15:16:00,Maryland_State_Route,PINEY BRANCH RD,THAYER AVE,Sideswipe (Same Direction),Lane Violation,Cloudy,Dry,Daylight,No Control,None Detected,3634BBCC-6F0E-467E-9C7C-0381FA80ECC9,MD,EC3DD963-FEBF-4304-9556-D66339D1C286,Eight O Clock,SchoolBus,StoppedInTrafficLane,Southbound,35.0,No,No,2015,KIA,38.99841581,-77.00037248,Optima_Kia,15,2025,10,28,15,Tuesday,2025-10-28,44
4080,EJ79060034,250048410,Gaithersburg_Police_Department,Injury Crash,2025-10-28 14:21:00,Maryland_State_Route,FREDERICK RD,WATKINS MILL RD (SB/L),Rear-End (Same Direction),Tailgating,Clear,Dry,Daylight,Traffic Signal,None Detected,86192F0A-86AB-4057-B4A9-EC047B91C7EE,MD,298BEEF8-2085-4C4A-8DFF-84CE1DDB34CB,Twelve O Clock,PassengerCar,MovingConstantSpeed,North,35.0,No,No,2002,FORD,39.15935645,-77.21929034,E-Series_Ford,14,2025,10,28,14,Tuesday,2025-10-28,44
4081,MCP2528002R,250048765,Montgomery_County_Police,Injury Crash,2025-10-30 16:39:00,US_State_Route,COLUMBIA PIKE (SB/L),GREENCASTLE RD (NB/L),Angle Collision,Road Obstruction,Clear,Dry,Daylight,Traffic Signal,None Detected,EA32ACDC-8700-4E1A-BB3B-B3513EFC7BB1,MD,2B22C889-E0CE-4615-BA02-260186F072C8,Twelve O Clock,SportUtilityVehicle,Accelerating,North,55.0,No,No,2020,NISSAN,39.0956956,-76.93812344,Rogue_Nissan,16,2025,10,30,16,Thursday,2025-10-30,44
4088,MCP3113007L,250047034,Montgomery_County_Police,Property Damage Crash,2025-10-19 21:00:00,US_State_Route,COLUMBIA PIKE (SB/L),LAWLAND CT,Sideswipe (Same Direction),Lane Violation,Clear,Dry,Dark - Lighted,Traffic Signal,None Detected,0FB2AC0E-ED76-4B1E-8EB7-2340F8AFD40D,MD,8B36C19C-014C-4AC7-B06A-4179067181BD,VehicleNotAtScene,PassengerCar,MovingConstantSpeed,Southbound,45.0,No,No,2022,TOYOTA,39.09643295,-76.93756563,Camry_Toyota,21,2025,10,19,21,Sunday,2025-10-19,42
4089,MCP3079007Q,250048705,Montgomery_County_Police,Property Damage Crash,2025-10-30 11:38:00,Maryland_State_Route,CLARKSBURG RD,WESTLAKE DR,Single Vehicle,Speed Related,Rain,Wet,Daylight,No Control,None Detected,32D75D54-FC85-4855-B7B4-F02B03075099,MD,5CDCE5C5-C59C-45F1-83CD-8E588AF9CB6A,Twelve O Clock,PickupTruck,NegotiatingCurve,Southbound,30.0,No,No,2004,CHEVROLET,39.19991483,-77.30524517,Silverado_Chevrolet,11,2025,10,30,11,Thursday,2025-10-30,44
4091,MCP31400031,250048661,Montgomery_County_Police,Property Damage Crash,2025-10-30 00:27:00,Municipality_Route,LELAND ST,LELAND ST,Other,Right-of-Way Violation,Rain,Wet,Dark - Lighted,No Control,None Detected,62208D7F-188B-48FC-B41D-5F139D69D4F9,MD,8E89DC0A-C6FC-4E5B-9E84-4F948909BFA0,One O Clock,PassengerCar,EnteringTrafficLane,Eastbound,30.0,No,No,2023,VOLVO,38.98553517,-77.07706233,XC40_Volvo,0,2025,10,30,0,Thursday,2025-10-30,44
4093,MCP32320077,250047879,Montgomery_County_Police,Injury Crash,2025-10-24 19:47:00,County_Route,OLD BALTIMORE RD,OLNEY SANDY SPRING RD,Angle Collision,Traffic Control Violation,Clear,Dry,Dark - Lighted,Traffic Signal,None Detected,74FF0563-894B-4FC2-90A8-3E55B9C5785C,MD,AEF0F6DF-A4FD-4C59-AC1A-510BC06199C4,Twelve O Clock,Van - Passenger (&lt;9 Seats),MovingConstantSpeed,Westbound,35.0,No,No,2013,HONDA,39.14647821,-77.05061351,Odyssey_Honda,19,2025,10,24,19,Friday,2025-10-24,43
4094,DM84940048,250048916,Takoma_Park_Police_Department,Property Damage Crash,2025-10-31 15:34:00,Maryland_State_Route,NEW HAMPSHIRE AVE (SB/L),SLIGO CREEK PKWY,Rear-End (Same Direction),Right-of-Way Violation,Clear,Dry,Daylight,Flashing Traffic Signal,None Detected,8C520517-F15E-4115-98D1-CB8651C76248,MD,9E52F48D-D53E-474A-B6C5-013D9CF67A45,One O Clock,PassengerCar,ChangingLanes,Eastbound,5.0,No,No,2014,INFINITI,38.98045122,-76.98957882,QX60_Infiniti,15,2025,10,31,15,Friday,2025-10-31,44
4095,MCP3387003F,250048423,Montgomery_County_Police,Property Damage Crash,2025-10-28 15:16:00,Maryland_State_Route,PINEY BRANCH RD,DEXTER AVE,Sideswipe (Same Direction),Right-of-Way Violation,Cloudy,Dry,Daylight,No Control,None Detected,804AF1EF-A719-4B0F-9BB9-64B400E47B2A,MD,F270E03C-2E77-4D8D-A573-D7FBE79DC809,Four O Clock,TransitBus,ChangingLanes,Southbound,35.0,No,No,2024,TOYOTA,38.99841581,-77.00037248,Camry_Toyota,15,2025,10,28,15,Tuesday,2025-10-28,44
4096,MCP2881006X,250048182,Montgomery_County_Police,Property Damage Crash,2025-10-27 10:30:00,County_Route,CENTURY BLVD,GRANDVIEW AVE,Sideswipe (Same Direction),Lane Violation,Clear,Dry,Daylight,No Control,None Detected,62D43CC4-066F-4C22-A89B-D5C22B4558A9,DC,3AC01FEF-7157-4B5B-AE40-54053FBB36FD,Eleven O Clock,TransitBus,Accelerating,Eastbound,20.0,No,No,2013,TOYOTA,39.18362064,-77.26200946,RAV4_Toyota,10,2025,10,27,10,Monday,2025-10-27,44
4097,MCP3181002Y,250048671,Montgomery_County_Police,Property Damage Crash,2025-10-30 05:40:00,County_Route,ROCKVILLE PIKE,CHESTNUT ST,Angle Collision,Right-of-Way Violation,Rain,Wet,Dark - Not Lighted,No Control,None Detected,3FEAE726-A3CE-4869-912E-E914748437A4,MD,94791BF9-DDE6-4D00-9893-A70F8401D299,Twelve O Clock,PassengerCar,MakingLeftTurn,Northbound,35.0,No,No,2015,AUDI,39.0913035,-77.06664083,A3_Audi,5,2025,10,30,5,Thursday,2025-10-30,44
4098,MCP06170078,250048149,Montgomery_County_Police,Injury Crash,2025-10-27 06:29:00,County_Route,OLD BALTIMORE RD,OLNEY SANDY SPRING RD,Head-On,Right-of-Way Violation,Clear,Dry,Dark - Not Lighted,Traffic Signal,None Detected,AD448B65-4596-41F0-89E3-3E10859A650D,MD,ABE2A733-E19A-4A82-A727-2F5DF4E21D3B,One O Clock,PassengerCar,MovingConstantSpeed,Eastbound,30.0,No,No,2011,SUBARU,39.1465353,-77.05051937,Legacy_Subaru,6,2025,10,27,6,Monday,2025-10-27,44
4100,MCP2047006H,250048891,Montgomery_County_Police,Property Damage Crash,2025-10-31 13:41:00,County_Route,SHADY GROVE RD,FREDERICK RD,Sideswipe (Same Direction),Congestion / Backup,Clear,Dry,Daylight,No Control,None Detected,544D7A5A-C41E-465E-86C1-EA020AF8FEDB,MD,473C21D5-C130-42AE-A89D-7056964CB85A,Ten O Clock,TransitBus,Accelerating,East,40.0,No,No,2021,HONDA,39.12258088,-77.17749916,Civic_Honda,13,2025,10,31,13,Friday,2025-10-31,44
4104,MCP311100BH,250048861,Montgomery_County_Police,Property Damage Crash,2025-10-30 21:54:00,County_Route,SEMINARY RD,DUNLOP ST,Head-On,Right-of-Way Violation,Clear,Oil,Dark - Unknown Lighting,No Control,None Detected,025C69D3-B87B-4DE2-A70C-9A1AEA7DECAC,TN,A9E4E7DE-126B-4254-925A-8DE9C2A8AD1C,VehicleNotAtScene,PassengerCar,MovingConstantSpeed,Not On Roadway,2.5,No,No,2023,MERCEDES-BENZ,39.05204056,-77.11160401,GLC_Mercedes-Benz,21,2025,10,30,21,Thursday,2025-10-30,44
4105,MCP3436001P,250048176,Montgomery_County_Police,Property Damage Crash,2025-10-27 09:48:00,US_State_Route,GERMANTOWN RD,DALE DR,Sideswipe (Same Direction),Lane Violation,Clear,Dry,Daylight,No Control,None Detected,48231BEF-66D9-477D-BE36-FA79BCF362B8,MD,43BF9710-8E61-4894-B8AF-8658424F0171,Two O Clock,PassengerCar,MovingConstantSpeed,Southbound,35.0,No,No,2022,HONDA,39.00522534,-77.02289892,Civic_Honda,9,2025,10,27,9,Monday,2025-10-27,44
4106,DM8522004T,250048935,Takoma_Park_Police_Department,Property Damage Crash,2025-10-31 17:16:00,Maryland_State_Route,NEW HAMPSHIRE AVE,LINDEN AVE,Other,Right-of-Way Violation,Clear,Dry,Daylight,No Control,None Detected,C3F68AA6-35E9-4FB5-AC40-3A63AD65B8CB,MD,F1D1EF50-F4C9-43FA-A296-4977B4845FD3,Twelve O Clock,Motorcycle2Wheeled,Accelerating,South,35.0,No,No,2025,TOYOTA,38.97833214,-76.99114927,Camry_Toyota,17,2025,10,31,17,Friday,2025-10-31,44
4107,MCP3031007L,250048767,Montgomery_County_Police,Property Damage Crash,2025-10-30 16:05:00,Maryland_State_Route,RIDGE RD,GRIDLEY RD,Angle Collision,Right-of-Way Violation,Clear,Dry,Daylight,No Control,None Detected,67DD6BB0-7D78-4045-8072-6B383F3B3444,MD,D66C96F9-02D6-4DBB-87C0-5CC7BBF16C21,One O Clock,PassengerCar,Accelerating,West,35.0,No,No,2020,INFINITI,39.1490345,-77.01231517,QX60_Infiniti,16,2025,10,30,16,Thursday,2025-10-30,44
4108,MCP32320078,250048100,Montgomery_County_Police,Injury Crash,2025-10-26 16:44:00,Maryland_State_Route,MUNCASTER MILL RD,NORBECK RD (WB/L),Angle Collision,Traffic Control Violation,Clear,Dry,Daylight,Traffic Signal,None Detected,059FBD94-D33A-4829-8C12-280558FBAD96,MD,7206B8FC-54AF-4551-A5DF-1A4D327D3653,Twelve O Clock,SportUtilityVehicle,MovingConstantSpeed,West,35.0,No,No,1995,JEEP,39.10901367,-77.0802959,Cherokee_Jeep,16,2025,10,26,16,Sunday,2025-10-26,43
4109,MCP3031007K,250048620,Montgomery_County_Police,Property Damage Crash,2025-10-29 18:10:00,County_Route,WOOTTON PKWY,NEW HAMPSHIRE AVE,Angle Collision,Traffic Control Violation,Clear,Dry,Dark - Lighted,Traffic Signal,None Detected,A36451C5-DDBB-4AEE-84D9-8B9EE079AD66,MD,958E5036-A933-4D81-B71D-F023EE7FC5B5,Twelve O Clock,PassengerCar,MovingConstantSpeed,Northbound,45.0,No,No,2019,JEEP,39.10609268,-77.00136615,Wrangler_Jeep,18,2025,10,29,18,Wednesday,2025-10-29,44
4110,MCP3382002V,250048259,Montgomery_County_Police,Property Damage Crash,2025-10-27 15:45:00,County_Route,GLENALLAN AVE,NATIONAL DR,Rear-End (Same Direction),Tailgating,Clear,Dry,Daylight,No Control,None Detected,763FCE83-EFEF-46DE-BB89-F4D28FA6456E,MD,37CBF362-0465-423F-A691-40E09B06C747,Twelve O Clock,PassengerCar,StoppedInTrafficLane,Westbound,25.0,No,No,2007,CADILLAC,39.0602685,-77.04428467,CTS_Cadillac,15,2025,10,27,15,Monday,2025-10-27,44
4111,HA2526000L,25002312,Takoma_Park_Police_Department,Property Damage Crash,2025-10-30 07:57:00,Government_Route,SLIGO CREEK PKWY,DAWSON FARM RD,Sideswipe (Opposite Direction),Lane Violation,Rain,Wet,Dark - Unknown Lighting,No Control,None Detected,DFC89D91-6F2E-426D-AE6F-77440CBD1EA3,MD,3FA5D13A-EE72-4727-B979-7C21CEEE025E,Eleven O Clock,PassengerCar,NegotiatingCurve,Northbound,25.0,No,No,2015,HONDA,38.99138774,-77.00605406,Civic_Honda,7,2025,10,30,7,Thursday,2025-10-30,44
4112,MCP3382002R,250046761,Montgomery_County_Police,Property Damage Crash,2025-10-16 12:00:00,Maryland_State_Route,GEORGIA AVE (SB/L),CONNECTICUT AVE,Sideswipe (Same Direction),Lane Violation,Clear,Dry,Daylight,No Control,None Detected,4944C56C-BD7A-49C6-B623-C60FDDA3FF15,MD,7E32BB0F-D3B1-4D6C-A120-10C85762A6C5,VehicleNotAtScene,PassengerCar,MakingLeftTurn,Unknown,35.0,No,No,2025,NISSAN,39.08366453,-77.07792717,Sentra_Nissan,12,2025,10,16,12,Thursday,2025-10-16,42
4113,MCP31260075,250047839,Montgomery_County_Police,Property Damage Crash,2025-10-24 15:08:00,Maryland_State_Route,RIDGE RD,ROCKVILLE PIKE,Sideswipe (Opposite Direction),Lane Violation,Clear,Dry,Daylight,No Control,None Detected,2BAC0E42-C8B0-4654-9803-BA6B10FE4756,MD,5AC4363B-55AA-4AD2-B8E4-A6DF40E6540B,CargoLoss,PassengerCar,MovingConstantSpeed,Northbound,40.0,No,No,2011,HONDA,39.2514665,-77.23197081,CR-V_Honda,15,2025,10,24,15,Friday,2025-10-24,43
4114,MCP22310091,250048702,Montgomery_County_Police,Property Damage Crash,2025-10-30 11:06:00,Municipality_Route,FIRSTFIELD RD,ADELPHI RD,Angle Collision,Weather Related,Cloudy,Wet,Daylight,No Control,None Detected,78C0ABFA-6959-46A8-891D-C388C91AB3E7,MD,4FEDF97A-D6CD-4F5A-A738-6BB3ECAC52DF,Eleven O Clock,PassengerCar,MovingConstantSpeed,Eastbound,25.0,No,No,2022,NISSAN,39.14482642,-77.21873237,Kicks_Nissan,11,2025,10,30,11,Thursday,2025-10-30,44
4115,MCP2843002X,250048924,Montgomery_County_Police,Property Damage Crash,2025-10-31 15:10:00,Maryland_State_Route,MATTHEW HENSON TRL,LAYHILL RD,Rear-End (Same Direction),Driver Inattention,Clear,Dry,Daylight,No Control,None Detected,B6B2EA7F-393F-401B-A4FB-2E9E08454A0D,MD,DDA16D94-BB2D-4A0C-A7BD-8B57B059B02C,VehicleNotAtScene,PassengerCar,SlowingOrStopping,Unknown,2.5,No,No,2015,HONDA,39.17177045,-77.20269187,Accord_Honda,15,2025,10,31,15,Friday,2025-10-31,44
4116,MCP2961004S,250047799,Montgomery_County_Police,Property Damage Crash,2025-10-24 11:55:00,Maryland_State_Route,REACH RD,DALEWOOD DR,Rear-End (Same Direction),Tailgating,Clear,Dry,Daylight,No Control,None Detected,BD599B85-D7EC-4911-8615-6AACC21BB82D,MD,F3A2EB2D-2D2A-47A3-BA08-B5F5AAB2C9D6,Twelve O Clock,SportUtilityVehicle,SlowingOrStopping,Westbound,35.0,No,No,2022,KIA,39.14499083,-77.0419495,Optima_Kia,11,2025,10,24,11,Friday,2025-10-24,43
4117,MCP3430000Z,250047963,Montgomery_County_Police,Property Damage Crash,2025-10-25 13:30:00,US_State_Route,GEORGIA AVE,LIBERTY MILL RD,Rear-End (Same Direction),Tailgating,Clear,Dry,Daylight,Traffic Signal,None Detected,56A9E174-3B7E-4DC7-9DC3-5B629FB79CBF,GA,10A3BD83-CD7A-41AB-A6CB-C9FED6F665B1,Six O Clock,PassengerCar,SlowingOrStopping,Northbound,30.0,No,No,2011,NISSAN,38.99149099,-77.02653677,Rogue_Nissan,13,2025,10,25,13,Saturday,2025-10-25,43
4118,MCP33200045,250048168,Montgomery_County_Police,Property Damage Crash,2025-10-27 09:10:00,US_State_Route,COLESVILLE RD,FREDERICK RD,Sideswipe (Same Direction),Lane Violation,Clear,Dry,Daylight,Lane Use Control,None Detected,B79DD27E-73DE-4A98-A172-79FBEBF98296,MD,0ED20C4B-D6DC-4905-B785-0380B272497B,Ten O Clock,TransitBus,MovingConstantSpeed,Southbound,35.0,No,No,2025,TOYOTA,38.9999485,-77.02581633,Corolla_Toyota,9,2025,10,27,9,Monday,2025-10-27,44
4120,MCP301000C8,250048673,Montgomery_County_Police,Property Damage Crash,2025-10-30 07:05:00,County_Route,CHEVY CHASE LAKE DR,CONNECTICUT AVE,Angle Collision,Right-of-Way Violation,Rain,Wet,Dawn,Traffic Signal,None Detected,E834B9EF-2E9F-4814-89E9-9829C0462F27,MD,0ACAFB8D-1FC1-40BE-A2B6-7CDF7248FAEB,One O Clock,PassengerCar,MakingLeftTurn,Southbound,35.0,No,No,2015,NISSAN,38.99389249,-77.0769961,Altima_Nissan,7,2025,10,30,7,Thursday,2025-10-30,44
4121,MCP2177005B,250048939,Montgomery_County_Police,Property Damage Crash,2025-10-31 17:45:00,County_Route,CHAPMAN AVE,ELTON RD,Angle Collision,Lane Violation,Cloudy,Dry,Daylight,No Control,None Detected,E48FC766-73D2-4A0C-B277-EA693ACE3751,MD,E5FC75E8-3803-43DF-B99A-A7858B819A79,One O Clock,PassengerCar,Passing,Westbound,30.0,No,No,2012,NISSAN,39.05740788,-77.11781636,Rogue_Nissan,17,2025,10,31,17,Friday,2025-10-31,44
4122,MCP3076004M,250048753,Montgomery_County_Police,Property Damage Crash,2025-10-30 15:40:00,County_Route,SHADY GROVE RD (SB/L),SILVER SPRING AVE,Angle Collision,Right-of-Way Violation,Clear,Dry,Daylight,Traffic Signal,None Detected,1A4DB04E-F6B4-440B-8097-08EFCFC8EB97,MD,2439D581-C9B4-4C07-AF72-21A3BC6A004E,Nine O Clock,PassengerCar,Accelerating,Southbound,35.0,No,No,2012,CHEVROLET,39.10497342,-77.1905678,Silverado_Chevrolet,15,2025,10,30,15,Thursday,2025-10-30,44
4124,EJ787300BP,250048066,Gaithersburg_Police_Department,Property Damage Crash,2025-10-26 05:00:00,Municipality_Route,WEST SIDE DR,GOLF LA,Sideswipe (Same Direction),Backing Error,Clear,Dry,Dark - Lighted,No Control,None Detected,5BA24990-4E22-4ADC-8357-256224D06793,MD,0E0C364A-565F-441F-ACF7-9ED689BEF3C1,One O Clock,PassengerCar,Backing,Southbound,25.0,No,No,2011,TOYOTA,39.12634004,-77.20497061,Camry_Toyota,5,2025,10,26,5,Sunday,2025-10-26,43